objectid,title,creator,date,archival_date,description,image_alt_text,subject,location,series,source,identifier,type,format,finding_aid,language,rights,rightsstatement,filename_original,filename,display_template,object_location,image_small,image_thumb
engrir001,2014 University of Idaho Engineering Design EXPO Program Guide,University of Idaho College of Engineering,2014,2014-05-02,Booklet with programming and project information for the 2014 University of Idaho Engineering Design EXPO.,Cover page of a digital booklet with white and bronze text. Images on the booklet cover show a series of student engineering projects.,engineering; exhibitions (events); booklets; programs (documents),"Moscow, Idaho",Expo Posters,"Engineering Design EXPO posters, UG 191, University of Idaho Special Collections and Archives, https://www.lib.uidaho.edu/special-collections/",expobooklet2014,Text,application/pdf,https://archiveswest.orbiscascade.org/ark:80444/xv920797,eng,"In copyright, educational use permitted. Educational use includes non-commercial reproduction of text and images in materials for teaching and research purposes. For other contexts beyond fair use, including digital reproduction, please contact the University of Idaho Library Special Collections and Archives Department at libspec@uidaho.edu. The University of Idaho Library is not liable for any violations of the law by users.",http://rightsstatements.org/vocab/InC-EDU/1.0/,2014 EXPO Capstone Booklet.pdf,expobooklet2014.pdf,pdf,https://objects.lib.uidaho.edu/engrir/expobooklet2014.pdf,https://objects.lib.uidaho.edu/engrir/small/expobooklet2014_sm.jpg,https://objects.lib.uidaho.edu/engrir/thumbs/expobooklet2014_th.jpg
engrir002,2015 University of Idaho Engineering Design EXPO Program Guide,University of Idaho College of Engineering,2015,2015-05-01,Booklet with programming and project information for the 2015 University of Idaho Engineering Design EXPO.,Cover page of a digital booklet with white and bronze text against a photograph of a cube-shaped object containing wires.,engineering; exhibitions (events); booklets; programs (documents),"Moscow, Idaho",Expo Posters,"Engineering Design EXPO posters, UG 191, University of Idaho Special Collections and Archives, https://www.lib.uidaho.edu/special-collections/",expobooklet2015,Text,application/pdf,https://archiveswest.orbiscascade.org/ark:80444/xv920797,eng,"In copyright, educational use permitted. Educational use includes non-commercial reproduction of text and images in materials for teaching and research purposes. For other contexts beyond fair use, including digital reproduction, please contact the University of Idaho Library Special Collections and Archives Department at libspec@uidaho.edu. The University of Idaho Library is not liable for any violations of the law by users.",http://rightsstatements.org/vocab/InC-EDU/1.0/,2015 EXPO Capstone Booklet.pdf,expobooklet2015.pdf,pdf,https://objects.lib.uidaho.edu/engrir/expobooklet2015.pdf,https://objects.lib.uidaho.edu/engrir/small/expobooklet2015_sm.jpg,https://objects.lib.uidaho.edu/engrir/thumbs/expobooklet2015_th.jpg
engrir003,2016 University of Idaho Engineering Design EXPO Program Guide,University of Idaho College of Engineering,2016,2016-04-29,Booklet with programming and project information for the 2016 University of Idaho Engineering Design EXPO.,Cover page of a digital booklet with white and bronze text against a photograph of a child operating an engineering project.,engineering; exhibitions (events); booklets; programs (documents),"Moscow, Idaho",Expo Posters,"Engineering Design EXPO posters, UG 191, University of Idaho Special Collections and Archives, https://www.lib.uidaho.edu/special-collections/",expobooklet2016,Text,application/pdf,https://archiveswest.orbiscascade.org/ark:80444/xv920797,eng,"In copyright, educational use permitted. Educational use includes non-commercial reproduction of text and images in materials for teaching and research purposes. For other contexts beyond fair use, including digital reproduction, please contact the University of Idaho Library Special Collections and Archives Department at libspec@uidaho.edu. The University of Idaho Library is not liable for any violations of the law by users.",http://rightsstatements.org/vocab/InC-EDU/1.0/,2016 EXPO Capstone Booklet.pdf,expobooklet2016.pdf,pdf,https://objects.lib.uidaho.edu/engrir/expobooklet2016.pdf,https://objects.lib.uidaho.edu/engrir/small/expobooklet2016_sm.jpg,https://objects.lib.uidaho.edu/engrir/thumbs/expobooklet2016_th.jpg
engrir004,2017 University of Idaho Engineering Design EXPO Program Guide,University of Idaho College of Engineering,2017,2017-04-28,Booklet with programming and project information for the 2017 University of Idaho Engineering Design EXPO.,Cover page of a digital booklet with white and bronze text against an image of a man operating an engineering project.,engineering; exhibitions (events); booklets; programs (documents),"Moscow, Idaho",Expo Posters,"Engineering Design EXPO posters, UG 191, University of Idaho Special Collections and Archives, https://www.lib.uidaho.edu/special-collections/",expobooklet2017,Text,application/pdf,https://archiveswest.orbiscascade.org/ark:80444/xv920797,eng,"In copyright, educational use permitted. Educational use includes non-commercial reproduction of text and images in materials for teaching and research purposes. For other contexts beyond fair use, including digital reproduction, please contact the University of Idaho Library Special Collections and Archives Department at libspec@uidaho.edu. The University of Idaho Library is not liable for any violations of the law by users.",http://rightsstatements.org/vocab/InC-EDU/1.0/,2017 EXPO Capstone Booklet.pdf,expobooklet2017.pdf,pdf,https://objects.lib.uidaho.edu/engrir/expobooklet2017.pdf,https://objects.lib.uidaho.edu/engrir/small/expobooklet2017_sm.jpg,https://objects.lib.uidaho.edu/engrir/thumbs/expobooklet2017_th.jpg
engrir005,2018 University of Idaho Engineering Design EXPO Program Guide,University of Idaho College of Engineering,2018,2018-04-27,Booklet with programming and project information for the 2018 University of Idaho Engineering Design EXPO.,Cover page of a digital booklet with white and gold text on a black background.,engineering; exhibitions (events); booklets; programs (documents),"Moscow, Idaho",Expo Posters,"Engineering Design EXPO posters, UG 191, University of Idaho Special Collections and Archives, https://www.lib.uidaho.edu/special-collections/",expobooklet2018,Text,application/pdf,https://archiveswest.orbiscascade.org/ark:80444/xv920797,eng,"In copyright, educational use permitted. Educational use includes non-commercial reproduction of text and images in materials for teaching and research purposes. For other contexts beyond fair use, including digital reproduction, please contact the University of Idaho Library Special Collections and Archives Department at libspec@uidaho.edu. The University of Idaho Library is not liable for any violations of the law by users.",http://rightsstatements.org/vocab/InC-EDU/1.0/,2018 EXPO Capstone Booklet.pdf,expobooklet2018.pdf,pdf,https://objects.lib.uidaho.edu/engrir/expobooklet2018.pdf,https://objects.lib.uidaho.edu/engrir/small/expobooklet2018_sm.jpg,https://objects.lib.uidaho.edu/engrir/thumbs/expobooklet2018_th.jpg
engrir006,2019 University of Idaho Engineering Design EXPO Program Guide,University of Idaho College of Engineering,2019,2019-04-26,Booklet with programming and project information for the 2019 University of Idaho Engineering Design EXPO.,Cover page of a digital booklet with text and an image of two people looking at an arm-mounted engineering project.,engineering; exhibitions (events); booklets; programs (documents),"Moscow, Idaho",Expo Posters,"Engineering Design EXPO posters, UG 191, University of Idaho Special Collections and Archives, https://www.lib.uidaho.edu/special-collections/",expobooklet2019,Text,application/pdf,https://archiveswest.orbiscascade.org/ark:80444/xv920797,eng,"In copyright, educational use permitted. Educational use includes non-commercial reproduction of text and images in materials for teaching and research purposes. For other contexts beyond fair use, including digital reproduction, please contact the University of Idaho Library Special Collections and Archives Department at libspec@uidaho.edu. The University of Idaho Library is not liable for any violations of the law by users.",http://rightsstatements.org/vocab/InC-EDU/1.0/,2019 EXPO Capstone Booklet.pdf,expobooklet2019.pdf,pdf,https://objects.lib.uidaho.edu/engrir/expobooklet2019.pdf,https://objects.lib.uidaho.edu/engrir/small/expobooklet2019_sm.jpg,https://objects.lib.uidaho.edu/engrir/thumbs/expobooklet2019_th.jpg
engrir007,2020 University of Idaho Engineering Design EXPO Program Guide,University of Idaho College of Engineering,2020,2020,Booklet with programming and project information for the 2020 University of Idaho Engineering Design EXPO.,"Cover page of a digital booklet with white, yellow, and black text and photographs of people interacting with different kinds of engineering projects.",engineering; exhibitions (events); booklets; programs (documents),"Moscow, Idaho",Expo Posters,"Engineering Design EXPO posters, UG 191, University of Idaho Special Collections and Archives, https://www.lib.uidaho.edu/special-collections/",expobooklet2020,Text,application/pdf,https://archiveswest.orbiscascade.org/ark:80444/xv920797,eng,"In copyright, educational use permitted. Educational use includes non-commercial reproduction of text and images in materials for teaching and research purposes. For other contexts beyond fair use, including digital reproduction, please contact the University of Idaho Library Special Collections and Archives Department at libspec@uidaho.edu. The University of Idaho Library is not liable for any violations of the law by users.",http://rightsstatements.org/vocab/InC-EDU/1.0/,2020 EXPO Capstone Booklet.pdf,expobooklet2020.pdf,pdf,https://objects.lib.uidaho.edu/engrir/expobooklet2020.pdf,https://objects.lib.uidaho.edu/engrir/small/expobooklet2020_sm.jpg,https://objects.lib.uidaho.edu/engrir/thumbs/expobooklet2020_th.jpg
engrir008,2021 University of Idaho Engineering Design EXPO Program Guide,University of Idaho College of Engineering,2021,2021,Booklet with programming and project information for the 2021 University of Idaho Engineering Design EXPO.,"Cover page of a digital booklet with white, yellow, and black text and photographs of people interacting with different kinds of engineering projects.",engineering; exhibitions (events); booklets; programs (documents),"Moscow, Idaho",Expo Posters,"Engineering Design EXPO posters, UG 191, University of Idaho Special Collections and Archives, https://www.lib.uidaho.edu/special-collections/",expobooklet2021,Text,application/pdf,https://archiveswest.orbiscascade.org/ark:80444/xv920797,eng,"In copyright, educational use permitted. Educational use includes non-commercial reproduction of text and images in materials for teaching and research purposes. For other contexts beyond fair use, including digital reproduction, please contact the University of Idaho Library Special Collections and Archives Department at libspec@uidaho.edu. The University of Idaho Library is not liable for any violations of the law by users.",http://rightsstatements.org/vocab/InC-EDU/1.0/,2021 EXPO Capstone Booklet.pdf,expobooklet2021.pdf,pdf,https://objects.lib.uidaho.edu/engrir/expobooklet2021.pdf,https://objects.lib.uidaho.edu/engrir/small/expobooklet2021_sm.jpg,https://objects.lib.uidaho.edu/engrir/thumbs/expobooklet2021_th.jpg
engrir009,2022 University of Idaho Engineering Design EXPO Program Guide,University of Idaho College of Engineering,2022,2022,Booklet with programming and project information for the 2022 University of Idaho Engineering Design EXPO.,"Cover page of a digital booklet with white, yellow, and black text and photographs of people interacting with different kinds of engineering projects.",engineering; exhibitions (events); booklets; programs (documents),"Moscow, Idaho",Expo Posters,"Engineering Design EXPO posters, UG 191, University of Idaho Special Collections and Archives, https://www.lib.uidaho.edu/special-collections/",expobooklet2022,Text,application/pdf,https://archiveswest.orbiscascade.org/ark:80444/xv920797,eng,"In copyright, educational use permitted. Educational use includes non-commercial reproduction of text and images in materials for teaching and research purposes. For other contexts beyond fair use, including digital reproduction, please contact the University of Idaho Library Special Collections and Archives Department at libspec@uidaho.edu. The University of Idaho Library is not liable for any violations of the law by users.",http://rightsstatements.org/vocab/InC-EDU/1.0/,2022 EXPO Capstone Booklet.pdf,expobooklet2022.pdf,pdf,https://objects.lib.uidaho.edu/engrir/expobooklet2022.pdf,https://objects.lib.uidaho.edu/engrir/small/expobooklet2022_sm.jpg,https://objects.lib.uidaho.edu/engrir/thumbs/expobooklet2022_th.jpg
engrir010,2023 University of Idaho Engineering Design EXPO Program Guide,University of Idaho College of Engineering,2023,2023,Booklet with programming and project information for the 2023 University of Idaho Engineering Design EXPO.,"Cover page of a digital booklet with white, yellow, and black text and photographs of people interacting with different kinds of engineering projects.",engineering; exhibitions (events); booklets; programs (documents),"Moscow, Idaho",Expo Posters,"Engineering Design EXPO posters, UG 191, University of Idaho Special Collections and Archives, https://www.lib.uidaho.edu/special-collections/",expobooklet2023,Text,application/pdf,https://archiveswest.orbiscascade.org/ark:80444/xv920797,eng,"In copyright, educational use permitted. Educational use includes non-commercial reproduction of text and images in materials for teaching and research purposes. For other contexts beyond fair use, including digital reproduction, please contact the University of Idaho Library Special Collections and Archives Department at libspec@uidaho.edu. The University of Idaho Library is not liable for any violations of the law by users.",http://rightsstatements.org/vocab/InC-EDU/1.0/,2023 EXPO Capstone Booklet.pdf,expobooklet2023.pdf,pdf,https://objects.lib.uidaho.edu/engrir/expobooklet2023.pdf,https://objects.lib.uidaho.edu/engrir/small/expobooklet2023_sm.jpg,https://objects.lib.uidaho.edu/engrir/thumbs/expobooklet2023_th.jpg
engrir011,2024 University of Idaho Engineering Design EXPO Program Guide,University of Idaho College of Engineering,2024,2024,Booklet with programming and project information for the 2024 University of Idaho Engineering Design EXPO.,Cover page of a digital booklet with text blocks and a photograph of a colorful object.,engineering; exhibitions (events); booklets; programs (documents),"Moscow, Idaho",Expo Posters,"Engineering Design EXPO posters, UG 191, University of Idaho Special Collections and Archives, https://www.lib.uidaho.edu/special-collections/",expobooklet2024,Text,application/pdf,https://archiveswest.orbiscascade.org/ark:80444/xv920797,eng,"In copyright, educational use permitted. Educational use includes non-commercial reproduction of text and images in materials for teaching and research purposes. For other contexts beyond fair use, including digital reproduction, please contact the University of Idaho Library Special Collections and Archives Department at libspec@uidaho.edu. The University of Idaho Library is not liable for any violations of the law by users.",http://rightsstatements.org/vocab/InC-EDU/1.0/,2024 EXPO Capstone Booklet.pdf,expobooklet2024.pdf,pdf,https://objects.lib.uidaho.edu/engrir/expobooklet2024.pdf,https://objects.lib.uidaho.edu/engrir/small/expobooklet2024_sm.jpg,https://objects.lib.uidaho.edu/engrir/thumbs/expobooklet2024_th.jpg
engrir012,2025 University of Idaho Engineering Design EXPO Program Guide,University of Idaho College of Engineering,2025,2025,Booklet with programming and project information for the 2025 University of Idaho Engineering Design EXPO.,Cover page of a digital booklet with text blocks and a photograph of two people interacting with an engineering project.,engineering; exhibitions (events); booklets; programs (documents),"Moscow, Idaho",Expo Posters,"Engineering Design EXPO posters, UG 191, University of Idaho Special Collections and Archives, https://www.lib.uidaho.edu/special-collections/",expobooklet2025,Text,application/pdf,https://archiveswest.orbiscascade.org/ark:80444/xv920797,eng,"In copyright, educational use permitted. Educational use includes non-commercial reproduction of text and images in materials for teaching and research purposes. For other contexts beyond fair use, including digital reproduction, please contact the University of Idaho Library Special Collections and Archives Department at libspec@uidaho.edu. The University of Idaho Library is not liable for any violations of the law by users.",http://rightsstatements.org/vocab/InC-EDU/1.0/,2025 EXPO Capstone Booklet.pdf,expobooklet2025.pdf,pdf,https://objects.lib.uidaho.edu/engrir/expobooklet2025.pdf,https://objects.lib.uidaho.edu/engrir/small/expobooklet2025_sm.jpg,https://objects.lib.uidaho.edu/engrir/thumbs/expobooklet2025_th.jpg
engrir013,Wearable Orthoses for Stroke and Multiple Sclerosis,Stu Sater; Katie Farris; Jorge Gonzalez; Abhizhek Rathod; Zhihui Wang; Lucas Sass; Jacob Brower; Robert Carne; Melissa Bogert,2020,2020,"2020 Engineering Design EXPO poster entitled ""Wearable Orthoses for Stroke and Multiple Sclerosis,"" created by participants in the course ME 404/504 Tech, Elective: Assistive Technologies for Physical Impairment. University of Idaho College of Engineering, Department of Mechanical Engineering.",Digital poster with text and images of devices to support human arms and legs.,orthoses; mechanical engineering; illness; instructional posters; engineering,"Moscow, Idaho",Expo Posters,"Engineering Design EXPO posters, UG 191, University of Idaho Special Collections and Archives, https://www.lib.uidaho.edu/special-collections/",expo2020-001,Text,application/pdf,https://archiveswest.orbiscascade.org/ark:80444/xv920797,eng,"In copyright, educational use permitted. Educational use includes non-commercial reproduction of text and images in materials for teaching and research purposes. For other contexts beyond fair use, including digital reproduction, please contact the University of Idaho Library Special Collections and Archives Department at libspec@uidaho.edu. The University of Idaho Library is not liable for any violations of the law by users.",http://rightsstatements.org/vocab/InC-EDU/1.0/,ME404-poster-Wearable Orthoses for Stroke and Multiple Sclerosis_Combined2.jpg,expo2020-001.pdf,pdf,https://objects.lib.uidaho.edu/engrir/expo2020-001.pdf,https://objects.lib.uidaho.edu/engrir/small/expo2020-001_sm.jpg,https://objects.lib.uidaho.edu/engrir/thumbs/expo2020-001_th.jpg
engrir014,Bio-Feedstock Addition to the BP Cherry Point Refinery,Clay Allred; Addyson Barnes; Sahara Waymire; Louise Nicole Yu,2020,2020,"2020 Engineering Design EXPO poster entitled ""Bio-Feedstock Addition to the BP Cherry Point Refinery,"" created by Clay Allred, Addyson Barnes, Sahara Waymire, Louise Nicole Yu. In the 2020 Program Guide, project is entitled ""BP Renewable Diesel Feedstock Analysis."" University of Idaho College of Engineering, Department of Chemical and Biological Engineering.",Digital poster with text blocks and images of an engineering schematic depicting an oil refinery process.,refineries; chemical engineering; engineering; instructional posters,"Moscow, Idaho",Expo Posters,"Engineering Design EXPO posters, UG 191, University of Idaho Special Collections and Archives, https://www.lib.uidaho.edu/special-collections/",expo2020-002,Text,application/pdf,https://archiveswest.orbiscascade.org/ark:80444/xv920797,eng,"In copyright, educational use permitted. Educational use includes non-commercial reproduction of text and images in materials for teaching and research purposes. For other contexts beyond fair use, including digital reproduction, please contact the University of Idaho Library Special Collections and Archives Department at libspec@uidaho.edu. The University of Idaho Library is not liable for any violations of the law by users.",http://rightsstatements.org/vocab/InC-EDU/1.0/,team-10-BP Renewable Diesel Poster.jpg,expo2020-002.pdf,pdf,https://objects.lib.uidaho.edu/engrir/expo2020-002.pdf,https://objects.lib.uidaho.edu/engrir/small/expo2020-002_sm.jpg,https://objects.lib.uidaho.edu/engrir/thumbs/expo2020-002_th.jpg
engrir015,Carbon Dioxide Capture with Borohydrides,Mason Anderson; Jesse Brown; Kaed Benski; Ahmed Alasiri,2020,2020,"2020 Engineering Design EXPO poster entitled ""Carbon Dioxide Capture with Borohydrides,"" created by Mason Anderson, Jesse Brown, Kaed Benski, Ahmed Alasiri. University of Idaho College of Engineering, Department of Chemical and Biological Engineering.",Digital poster with text blocks and images of a tube-shaped device for separating gases and engineering schematics for the device.,chemical engineering; engineering; instructional posters,"Moscow, Idaho",Expo Posters,"Engineering Design EXPO posters, UG 191, University of Idaho Special Collections and Archives, https://www.lib.uidaho.edu/special-collections/",expo2020-003,Text,application/pdf,https://archiveswest.orbiscascade.org/ark:80444/xv920797,eng,"In copyright, educational use permitted. Educational use includes non-commercial reproduction of text and images in materials for teaching and research purposes. For other contexts beyond fair use, including digital reproduction, please contact the University of Idaho Library Special Collections and Archives Department at libspec@uidaho.edu. The University of Idaho Library is not liable for any violations of the law by users.",http://rightsstatements.org/vocab/InC-EDU/1.0/,team-11-CO2 Capture with Borohydrides Poster.jpg,expo2020-003.pdf,pdf,https://objects.lib.uidaho.edu/engrir/expo2020-003.pdf,https://objects.lib.uidaho.edu/engrir/small/expo2020-003_sm.jpg,https://objects.lib.uidaho.edu/engrir/thumbs/expo2020-003_th.jpg
engrir016,Metal Removal from Mine Water Using Algae: Phycoremediation,Lucas Arnold; Kymberly Bowlby; John Fetzer; Simon Thomsen,2020,2020,"2020 Engineering Design EXPO poster entitled ""Metal Removal from Mine Water Using Algae: Phycoremediation,"" created by Lucas Arnold, Kymberly Bowlby, John Fetzer, Simon Thomsen. University of Idaho College of Engineering, Department of Chemical and Biological Engineering.",Digital poster with text blocks against a green background and a photograph of glass beakers containing fluids of different shades of green.,chemical engineering; mining; engineering; instructional posters,"Moscow, Idaho",Expo Posters,"Engineering Design EXPO posters, UG 191, University of Idaho Special Collections and Archives, https://www.lib.uidaho.edu/special-collections/",expo2020-004,Text,application/pdf,https://archiveswest.orbiscascade.org/ark:80444/xv920797,eng,"In copyright, educational use permitted. Educational use includes non-commercial reproduction of text and images in materials for teaching and research purposes. For other contexts beyond fair use, including digital reproduction, please contact the University of Idaho Library Special Collections and Archives Department at libspec@uidaho.edu. The University of Idaho Library is not liable for any violations of the law by users.",http://rightsstatements.org/vocab/InC-EDU/1.0/,team-12-Metal Removal Algae Poster.jpg,expo2020-004.pdf,pdf,https://objects.lib.uidaho.edu/engrir/expo2020-004.pdf,https://objects.lib.uidaho.edu/engrir/small/expo2020-004_sm.jpg,https://objects.lib.uidaho.edu/engrir/thumbs/expo2020-004_th.jpg
engrir017,Prototype Chamber for Evaluating Three-Dimensional Intestinal Uptake,Melissa Marsing; Jackie Martinez; Saud Almeshari; Faisal Ageeli; Courtney Molvig,2020,2020,"2020 Engineering Design EXPO poster entitled ""Prototype Chamber for Evaluating Three-Dimensional Intestinal Uptake,"" created by Melissa Marsing, Jackie Martinez, Saud Almeshari, Faisal Ageeli, Courtney Molvig. In the 2020 Program Guide, project is entitled ""Design for Accurate Measurement of Intestinal Transport."" University of Idaho College of Engineering, Department of Chemical and Biological Engineering.","Digital poster with text blocks, a photograph of a fish, and an engineering schematic for a cuboid device.",chemical engineering; engineering; intestines; instructional posters,"Moscow, Idaho",Expo Posters,"Engineering Design EXPO posters, UG 191, University of Idaho Special Collections and Archives, https://www.lib.uidaho.edu/special-collections/",expo2020-005,Text,application/pdf,https://archiveswest.orbiscascade.org/ark:80444/xv920797,eng,"In copyright, educational use permitted. Educational use includes non-commercial reproduction of text and images in materials for teaching and research purposes. For other contexts beyond fair use, including digital reproduction, please contact the University of Idaho Library Special Collections and Archives Department at libspec@uidaho.edu. The University of Idaho Library is not liable for any violations of the law by users.",http://rightsstatements.org/vocab/InC-EDU/1.0/,team-13-Intestinal Transport Poster.jpg,expo2020-005.pdf,pdf,https://objects.lib.uidaho.edu/engrir/expo2020-005.pdf,https://objects.lib.uidaho.edu/engrir/small/expo2020-005_sm.jpg,https://objects.lib.uidaho.edu/engrir/thumbs/expo2020-005_th.jpg
engrir018,Reimagining Gold Extraction,Erik Nelson; Kyle Rigg; Sam Smith; Amber McLenna,2020,2020,"2020 Engineering Design EXPO poster entitled ""Reimagining Gold Extraction,"" created by Erik Nelson, Kyle Rigg, Sam Smith, Amber McLenna. University of Idaho College of Engineering, Department of Chemical and Biological Engineering.","Digital poster with text blocks, a complex schematic for an engineering project, and graphs depicting gold extraction results.",chemical engineering; engineering; instructional posters,"Moscow, Idaho",Expo Posters,"Engineering Design EXPO posters, UG 191, University of Idaho Special Collections and Archives, https://www.lib.uidaho.edu/special-collections/",expo2020-006,Text,application/pdf,https://archiveswest.orbiscascade.org/ark:80444/xv920797,eng,"In copyright, educational use permitted. Educational use includes non-commercial reproduction of text and images in materials for teaching and research purposes. For other contexts beyond fair use, including digital reproduction, please contact the University of Idaho Library Special Collections and Archives Department at libspec@uidaho.edu. The University of Idaho Library is not liable for any violations of the law by users.",http://rightsstatements.org/vocab/InC-EDU/1.0/,team-14-Gold Metal Extraction Poster.jpg,expo2020-006.pdf,pdf,https://objects.lib.uidaho.edu/engrir/expo2020-006.pdf,https://objects.lib.uidaho.edu/engrir/small/expo2020-006_sm.jpg,https://objects.lib.uidaho.edu/engrir/thumbs/expo2020-006_th.jpg
engrir019,Process Improvement of Industrial Heat Treatment of Ammunition Cases,Adrien Malinowski; Bryan Hayden; Connor McDonnell; Aspen White,2020,2020,"2020 Engineering Design EXPO poster entitled ""Process Improvement of Industrial Heat Treatment of Ammunition Cases,"" created by Adrien Malinowski, Bryan Hayden, Connor McDonnell, Aspen White. University of Idaho College of Engineering, Department of Chemical and Biological Engineering.","Digital poster with text blocks, images of metallic ammunition cases, a schematic depicting the process of ammunition case manufacturing, and a graph indicating change over time in the price of ammunition manufacturing.",chemical engineering; engineering; instructional posters,"Moscow, Idaho",Expo Posters,"Engineering Design EXPO posters, UG 191, University of Idaho Special Collections and Archives, https://www.lib.uidaho.edu/special-collections/",expo2020-007,Text,application/pdf,https://archiveswest.orbiscascade.org/ark:80444/xv920797,eng,"In copyright, educational use permitted. Educational use includes non-commercial reproduction of text and images in materials for teaching and research purposes. For other contexts beyond fair use, including digital reproduction, please contact the University of Idaho Library Special Collections and Archives Department at libspec@uidaho.edu. The University of Idaho Library is not liable for any violations of the law by users.",http://rightsstatements.org/vocab/InC-EDU/1.0/,team-15-CCI Heat Treatment Poster.jpg,expo2020-007.pdf,pdf,https://objects.lib.uidaho.edu/engrir/expo2020-007.pdf,https://objects.lib.uidaho.edu/engrir/small/expo2020-007_sm.jpg,https://objects.lib.uidaho.edu/engrir/thumbs/expo2020-007_th.jpg
engrir020,Design and Construction of a Clinostat to Simulate Microgravity,Hassan Alghaith; Alathea Davies; Pierce Franklin; Daryl Giglio,2020,2020,"2020 Engineering Design EXPO poster entitled ""Design and Construction of a Clinostat to Simulate Microgravity,"" created by Hassan Alghaith, Alathea Davies, Pierce Franklin, Daryl Giglio. In the 2020 Program Guide, project is entitled ""Microgravity Simulation Device."" University of Idaho College of Engineering, Department of Chemical and Biological Engineering.","Digital poster with text blocks, engineering schematics, and photographs of a metallic cuboid device.",chemical engineering; engineering; instructional posters,"Moscow, Idaho",Expo Posters,"Engineering Design EXPO posters, UG 191, University of Idaho Special Collections and Archives, https://www.lib.uidaho.edu/special-collections/",expo2020-008,Text,application/pdf,https://archiveswest.orbiscascade.org/ark:80444/xv920797,eng,"In copyright, educational use permitted. Educational use includes non-commercial reproduction of text and images in materials for teaching and research purposes. For other contexts beyond fair use, including digital reproduction, please contact the University of Idaho Library Special Collections and Archives Department at libspec@uidaho.edu. The University of Idaho Library is not liable for any violations of the law by users.",http://rightsstatements.org/vocab/InC-EDU/1.0/,team-16-Clinostat Microgravity Poster.jpg,expo2020-008.pdf,pdf,https://objects.lib.uidaho.edu/engrir/expo2020-008.pdf,https://objects.lib.uidaho.edu/engrir/small/expo2020-008_sm.jpg,https://objects.lib.uidaho.edu/engrir/thumbs/expo2020-008_th.jpg
engrir021,Apollo Mini Slide Scanner,Michael Camerino; Jeff Crawford; Archana Dahal; Isaac Riggs; Nicholas Yensen,2020,2020,"2020 Engineering Design EXPO poster entitled ""Apollo Mini Slide Scanner,"" created by Michael Camerino, Jeff Crawford, Archana Dahal, Isaac Riggs, Nicholas Yensen. In the 2020 Program Guide, project is entitled ""Pocket Microscope Slide Scanner."" University of Idaho College of Engineering, Department of Chemical and Biological Engineering.","Digital poster with text blocks, images of laboratory sample slides, and an engineering schematic of a transparent box with various devices that fit inside of it.",biological engineering; engineering; instructional posters,"Moscow, Idaho",Expo Posters,"Engineering Design EXPO posters, UG 191, University of Idaho Special Collections and Archives, https://www.lib.uidaho.edu/special-collections/",expo2020-009,Text,application/pdf,https://archiveswest.orbiscascade.org/ark:80444/xv920797,eng,"In copyright, educational use permitted. Educational use includes non-commercial reproduction of text and images in materials for teaching and research purposes. For other contexts beyond fair use, including digital reproduction, please contact the University of Idaho Library Special Collections and Archives Department at libspec@uidaho.edu. The University of Idaho Library is not liable for any violations of the law by users.",http://rightsstatements.org/vocab/InC-EDU/1.0/,R_3sByi6R6CSUAa4V_EXPO Poster Apollo FINAL.jpg,expo2020-009.pdf,pdf,https://objects.lib.uidaho.edu/engrir/expo2020-009.pdf,https://objects.lib.uidaho.edu/engrir/small/expo2020-009_sm.jpg,https://objects.lib.uidaho.edu/engrir/thumbs/expo2020-009_th.jpg
engrir022,Algae Harvester and Dehydrator,Nicole Maas; Josh Nisson; Stefanie Marikis; Ryan Walters; Chance Scriptor,2020,2020,"2020 Engineering Design EXPO poster entitled ""Algae Harvester and Dehydrator,"" created by Nicole Maas, Josh Nisson, Stefanie Marikis, Ryan Walters, Chance Scriptor. University of Idaho College of Engineering, Department of Chemical and Biological Engineering.",Digital poster with text blocks on a green background and images of a conveyor belt device and a metal drum.,biological engineering; engineering; instructional posters; Algae (group),"Moscow, Idaho",Expo Posters,"Engineering Design EXPO posters, UG 191, University of Idaho Special Collections and Archives, https://www.lib.uidaho.edu/special-collections/",expo2020-010,Text,application/pdf,https://archiveswest.orbiscascade.org/ark:80444/xv920797,eng,"In copyright, educational use permitted. Educational use includes non-commercial reproduction of text and images in materials for teaching and research purposes. For other contexts beyond fair use, including digital reproduction, please contact the University of Idaho Library Special Collections and Archives Department at libspec@uidaho.edu. The University of Idaho Library is not liable for any violations of the law by users.",http://rightsstatements.org/vocab/InC-EDU/1.0/,R_116M1LORVI14smO_Slide1.jpg,expo2020-010.pdf,pdf,https://objects.lib.uidaho.edu/engrir/expo2020-010.pdf,https://objects.lib.uidaho.edu/engrir/small/expo2020-010_sm.jpg,https://objects.lib.uidaho.edu/engrir/thumbs/expo2020-010_th.jpg
engrir023,Low Cost Electroencephalogram (EEG),Jeff Courtright; Michael Lejardi; Abhilash Maramreddy; Hanieh Nezakati; Corbin Schueller; Andrew Schultz,2020,2020,"2020 Engineering Design EXPO poster entitled ""Low Cost Electroencephalogram (EEG),"" created by Jeff Courtright, Michael Lejardi, Abhilash Maramreddy, Hanieh Nezakati, Corbin Schueller, Andrew Schultz. University of Idaho College of Engineering, Department of Electrical and Computer Engineering.","Digital poster with text blocks on a gray background and images of an engineering schematic, a person with electrodes on their head assembling a puzzle, and a group of people standing next to each other.",electrical engineering; engineering; instructional posters; medical equipment,"Moscow, Idaho",Expo Posters,"Engineering Design EXPO posters, UG 191, University of Idaho Special Collections and Archives, https://www.lib.uidaho.edu/special-collections/",expo2020-011,Text,application/pdf,https://archiveswest.orbiscascade.org/ark:80444/xv920797,eng,"In copyright, educational use permitted. Educational use includes non-commercial reproduction of text and images in materials for teaching and research purposes. For other contexts beyond fair use, including digital reproduction, please contact the University of Idaho Library Special Collections and Archives Department at libspec@uidaho.edu. The University of Idaho Library is not liable for any violations of the law by users.",http://rightsstatements.org/vocab/InC-EDU/1.0/,R_1GH7LIYYAQthKBR_FinalPoster.jpg,expo2020-011.pdf,pdf,https://objects.lib.uidaho.edu/engrir/expo2020-011.pdf,https://objects.lib.uidaho.edu/engrir/small/expo2020-011_sm.jpg,https://objects.lib.uidaho.edu/engrir/thumbs/expo2020-011_th.jpg
engrir024,3D Printable Smart Filter,"Phillip Flexer; Michael ""Ian"" Sanabia; Abhishek Rathod; Mohammed AlQahtani",2020,2020,"2020 Engineering Design EXPO poster entitled ""3D Printable Smart Filter,"" created by Phillip Flexer, Michael ""Ian"" Sanabia, Abhishek Rathod, Mohammed AlQahtani. In the 2020 Program Guide, project is entitled ""3D Printed Smart Water Filter."" University of Idaho College of Engineering, Department of Mechanical Engineering.",Digital poster with text blocks and images of engineering schematics for a plastic cuboid device for filtering water.,mechanical engineering; engineering; instructional posters; water filters,"Moscow, Idaho",Expo Posters,"Engineering Design EXPO posters, UG 191, University of Idaho Special Collections and Archives, https://www.lib.uidaho.edu/special-collections/",expo2020-012,Text,application/pdf,https://archiveswest.orbiscascade.org/ark:80444/xv920797,eng,"In copyright, educational use permitted. Educational use includes non-commercial reproduction of text and images in materials for teaching and research purposes. For other contexts beyond fair use, including digital reproduction, please contact the University of Idaho Library Special Collections and Archives Department at libspec@uidaho.edu. The University of Idaho Library is not liable for any violations of the law by users.",http://rightsstatements.org/vocab/InC-EDU/1.0/,R_1jwDY5TQcpasapD_EXPO Poster.jpg,expo2020-012.pdf,pdf,https://objects.lib.uidaho.edu/engrir/expo2020-012.pdf,https://objects.lib.uidaho.edu/engrir/small/expo2020-012_sm.jpg,https://objects.lib.uidaho.edu/engrir/thumbs/expo2020-012_th.jpg
engrir025,Robotic Log Handling for Sawmills,Sam Malinowski; An Le; Jongin Hwang; Deryk Ahner,2020,2020,"2020 Engineering Design EXPO poster entitled ""Robotic Log Handling for Sawmills,"" created by Sam Malinowski, An Le, Jongin Hwang, Deryk Ahner. In the 2020 Program Guide, project is entitled ""Dual Robotic Arm Log Handling."" University of Idaho College of Engineering, Department of Mechanical Engineering.","Digital poster with text blocks, engineering schematics for a machine that handles logs, and photographs of four people.",mechanical engineering; engineering; instructional posters; sawmills (factories),"Moscow, Idaho",Expo Posters,"Engineering Design EXPO posters, UG 191, University of Idaho Special Collections and Archives, https://www.lib.uidaho.edu/special-collections/",expo2020-013,Text,application/pdf,https://archiveswest.orbiscascade.org/ark:80444/xv920797,eng,"In copyright, educational use permitted. Educational use includes non-commercial reproduction of text and images in materials for teaching and research purposes. For other contexts beyond fair use, including digital reproduction, please contact the University of Idaho Library Special Collections and Archives Department at libspec@uidaho.edu. The University of Idaho Library is not liable for any violations of the law by users.",http://rightsstatements.org/vocab/InC-EDU/1.0/,R_1LoCnUmRg7uWpmG_Slide1.jpg,expo2020-013.pdf,pdf,https://objects.lib.uidaho.edu/engrir/expo2020-013.pdf,https://objects.lib.uidaho.edu/engrir/small/expo2020-013_sm.jpg,https://objects.lib.uidaho.edu/engrir/thumbs/expo2020-013_th.jpg
engrir026,Anaerobic Digestion of Algae for Biogas Production,Michael Nguy; Amani Al Fulaiti; Maggi Laan; Kyle Yates,2020,2020,"2020 Engineering Design EXPO poster entitled ""Anaerobic Digestion of Algae for Biogas Production,"" created by Michael Nguy, Amani Al Fulaiti, Maggi Laan, Kyle Yates. University of Idaho College of Engineering, Department of Chemical and Biological Engineering.","Digital poster with text blocks, images of a cylindrical device for processing algae, and a photograph of four people.",biological engineering; engineering; instructional posters; Algae (group),"Moscow, Idaho",Expo Posters,"Engineering Design EXPO posters, UG 191, University of Idaho Special Collections and Archives, https://www.lib.uidaho.edu/special-collections/",expo2020-014,Text,application/pdf,https://archiveswest.orbiscascade.org/ark:80444/xv920797,eng,"In copyright, educational use permitted. Educational use includes non-commercial reproduction of text and images in materials for teaching and research purposes. For other contexts beyond fair use, including digital reproduction, please contact the University of Idaho Library Special Collections and Archives Department at libspec@uidaho.edu. The University of Idaho Library is not liable for any violations of the law by users.",http://rightsstatements.org/vocab/InC-EDU/1.0/,R_2OJPqGxcEgg60Du_ruminators_poster.jpg,expo2020-014.pdf,pdf,https://objects.lib.uidaho.edu/engrir/expo2020-014.pdf,https://objects.lib.uidaho.edu/engrir/small/expo2020-014_sm.jpg,https://objects.lib.uidaho.edu/engrir/thumbs/expo2020-014_th.jpg
engrir027,Articular Cartilage Smoother for Arthroscopic Surgeries,LeeAnn Hold; Katie Farris; Ethan Overfelt; Lissa Nickell; Qian Xu; Qingyun Wang; Suhaim Altaleb,2020,2020,"2020 Engineering Design EXPO poster entitled ""Articular Cartilage Smoother for Arthroscopic Surgeries,"" created by LeeAnn Hold, Katie Farris, Ethan Overfelt, Lissa Nickell, Qian Xu, Qingyun Wang, Suhaim Altaleb. In the 2020 Program Guide, project is entitled ""Arthroscopic Surgical Device for Smoothing of Articular Cartilage and Bone."" University of Idaho College of Engineering, Department of Chemical and Biological Engineering.","Digital poster with text blocks, photographs of a medical tool shaped like a gun, and a photograph of a group of people.",biological engineering; engineering; instructional posters; medical equipment,"Moscow, Idaho",Expo Posters,"Engineering Design EXPO posters, UG 191, University of Idaho Special Collections and Archives, https://www.lib.uidaho.edu/special-collections/",expo2020-015,Text,application/pdf,https://archiveswest.orbiscascade.org/ark:80444/xv920797,eng,"In copyright, educational use permitted. Educational use includes non-commercial reproduction of text and images in materials for teaching and research purposes. For other contexts beyond fair use, including digital reproduction, please contact the University of Idaho Library Special Collections and Archives Department at libspec@uidaho.edu. The University of Idaho Library is not liable for any violations of the law by users.",http://rightsstatements.org/vocab/InC-EDU/1.0/,R_1SRrgzCOb2VgR4l_EXPO_Scalpel_Jockeys.jpg,expo2020-015.pdf,pdf,https://objects.lib.uidaho.edu/engrir/expo2020-015.pdf,https://objects.lib.uidaho.edu/engrir/small/expo2020-015_sm.jpg,https://objects.lib.uidaho.edu/engrir/thumbs/expo2020-015_th.jpg
engrir028,Encoder Automation Table,Tanner Sloan; Jake Metter; Mark Jennings,2020,2020,"2020 Engineering Design EXPO poster entitled ""Encoder Automation Table,"" created by Tanner Sloan, Jake Metter, Mark Jennings. In the 2020 Program Guide, project is entitled ""Encoder Interactive Display."" University of Idaho College of Engineering, Department of Mechanical Engineering.",Digital poster with text blocks and images of several plastic and metal tool components.,mechanical engineering; engineering; instructional posters,"Moscow, Idaho",Expo Posters,"Engineering Design EXPO posters, UG 191, University of Idaho Special Collections and Archives, https://www.lib.uidaho.edu/special-collections/",expo2020-016,Text,application/pdf,https://archiveswest.orbiscascade.org/ark:80444/xv920797,eng,"In copyright, educational use permitted. Educational use includes non-commercial reproduction of text and images in materials for teaching and research purposes. For other contexts beyond fair use, including digital reproduction, please contact the University of Idaho Library Special Collections and Archives Department at libspec@uidaho.edu. The University of Idaho Library is not liable for any violations of the law by users.",http://rightsstatements.org/vocab/InC-EDU/1.0/,R_2cnrISlAmu3XRax_EXPO POSTER.jpg,expo2020-016.pdf,pdf,https://objects.lib.uidaho.edu/engrir/expo2020-016.pdf,https://objects.lib.uidaho.edu/engrir/small/expo2020-016_sm.jpg,https://objects.lib.uidaho.edu/engrir/thumbs/expo2020-016_th.jpg
engrir029,Optimized Riflescope Mount Development,Hector Magana; James Zillinger; Jacob Weber; Travis Goehring,2020,2020,"2020 Engineering Design EXPO poster entitled ""Optimized Riflescope Mount Development,"" created by Hector Magana, James Zillinger, Jacob Weber, Travis Goehring. University of Idaho College of Engineering, Department of Mechanical Engineering.",Digital poster with text blocks and photographs of metal mounts for a rifle scope.,mechanical engineering; engineering; instructional posters; rifles (long guns),"Moscow, Idaho",Expo Posters,"Engineering Design EXPO posters, UG 191, University of Idaho Special Collections and Archives, https://www.lib.uidaho.edu/special-collections/",expo2020-017,Text,application/pdf,https://archiveswest.orbiscascade.org/ark:80444/xv920797,eng,"In copyright, educational use permitted. Educational use includes non-commercial reproduction of text and images in materials for teaching and research purposes. For other contexts beyond fair use, including digital reproduction, please contact the University of Idaho Library Special Collections and Archives Department at libspec@uidaho.edu. The University of Idaho Library is not liable for any violations of the law by users.",http://rightsstatements.org/vocab/InC-EDU/1.0/,R_1LpP2Zdb6fwVQBW_Optimized Riflescope Mount Expo Poster 2020 VERSION 2.jpg,expo2020-017.pdf,pdf,https://objects.lib.uidaho.edu/engrir/expo2020-017.pdf,https://objects.lib.uidaho.edu/engrir/small/expo2020-017_sm.jpg,https://objects.lib.uidaho.edu/engrir/thumbs/expo2020-017_th.jpg
engrir030,Button Cycler Enhancements,Andrew Overby; Cody Kasper; Chris Crozier,2020,2020,"2020 Engineering Design EXPO poster entitled ""Button Cycler Enhancements,"" created by Andrew Overby, Cody Kasper, Chris Crozier. In the 2020 Program Guide, project is entitled ""Automated Data Logging Rapid Button Cycler."" University of Idaho College of Engineering, Department of Mechanical Engineering.","Digital poster with text blocks, photographs of electronic devices mounted on a slab of wood, and engineering schematics.",mechanical engineering; engineering; instructional posters,"Moscow, Idaho",Expo Posters,"Engineering Design EXPO posters, UG 191, University of Idaho Special Collections and Archives, https://www.lib.uidaho.edu/special-collections/",expo2020-018,Text,application/pdf,https://archiveswest.orbiscascade.org/ark:80444/xv920797,eng,"In copyright, educational use permitted. Educational use includes non-commercial reproduction of text and images in materials for teaching and research purposes. For other contexts beyond fair use, including digital reproduction, please contact the University of Idaho Library Special Collections and Archives Department at libspec@uidaho.edu. The University of Idaho Library is not liable for any violations of the law by users.",http://rightsstatements.org/vocab/InC-EDU/1.0/,R_1TXluZeRw3kHOj7_2019_PRESS_ExpoPoster.jpg,expo2020-018.pdf,pdf,https://objects.lib.uidaho.edu/engrir/expo2020-018.pdf,https://objects.lib.uidaho.edu/engrir/small/expo2020-018_sm.jpg,https://objects.lib.uidaho.edu/engrir/thumbs/expo2020-018_th.jpg
engrir031,Shock the Nation Tesla Coil Security System,Eric Hedine; Tim Mattson; Danny Pierce; Wyatt King; Julia Roach,2020,2020,"2020 Engineering Design EXPO poster entitled ""Shock the Nation Tesla Coil Security System,"" created by Eric Hedine, Tim Mattson, Danny Pierce, Wyatt King, Julia Roach. In the 2020 Program Guide, project is entitled ""Home Security Device that Shocks Intruders at the Door."" University of Idaho College of Engineering, Department of Mechanical Engineering.","Digital poster with text blocks, engineering schematics of an electronic device, and a photograph of a group of people.",mechanical engineering; engineering; instructional posters; security systems,"Moscow, Idaho",Expo Posters,"Engineering Design EXPO posters, UG 191, University of Idaho Special Collections and Archives, https://www.lib.uidaho.edu/special-collections/",expo2020-019,Text,application/pdf,https://archiveswest.orbiscascade.org/ark:80444/xv920797,eng,"In copyright, educational use permitted. Educational use includes non-commercial reproduction of text and images in materials for teaching and research purposes. For other contexts beyond fair use, including digital reproduction, please contact the University of Idaho Library Special Collections and Archives Department at libspec@uidaho.edu. The University of Idaho Library is not liable for any violations of the law by users.",http://rightsstatements.org/vocab/InC-EDU/1.0/,R_33prLyvgQGIXAGt_Slide1.jpg,expo2020-019.pdf,pdf,https://objects.lib.uidaho.edu/engrir/expo2020-019.pdf,https://objects.lib.uidaho.edu/engrir/small/expo2020-019_sm.jpg,https://objects.lib.uidaho.edu/engrir/thumbs/expo2020-019_th.jpg
engrir032,Suborbital Flight Communication System and Battery Containment Unit,Sesily Stewart; MacKenzie Sexton; Michael Atkinson; Shelby Linafelter; Lennin Rodriguez; Brandon Foss; Collin Heist; Koffi Anderson,2020,2020,"2020 Engineering Design EXPO poster entitled ""Suborbital Flight Communication System and Battery Containment Unit,"" created by Sesily Stewart, MacKenzie Sexton, Michael Atkinson, Shelby Linafelter, Lennin Rodriguez, Brandon Foss, Collin Heist, Koffi Anderson. In the 2020 Program Guide, project is entitled ""Suborbital Flight Communication and Battery Fire Containment Unit for Re-entry Vehicles."" University of Idaho College of Engineering, Department of Electrical and Computer Engineering.","Digital poster with text blocks, engineering schematics, and a photograph of a group of people.",electrical engineering; engineering; instructional posters; communication systems (mechanical and electrical systems),"Moscow, Idaho",Expo Posters,"Engineering Design EXPO posters, UG 191, University of Idaho Special Collections and Archives, https://www.lib.uidaho.edu/special-collections/",expo2020-020,Text,application/pdf,https://archiveswest.orbiscascade.org/ark:80444/xv920797,eng,"In copyright, educational use permitted. Educational use includes non-commercial reproduction of text and images in materials for teaching and research purposes. For other contexts beyond fair use, including digital reproduction, please contact the University of Idaho Library Special Collections and Archives Department at libspec@uidaho.edu. The University of Idaho Library is not liable for any violations of the law by users.",http://rightsstatements.org/vocab/InC-EDU/1.0/,R_DwuCZlzcbdH5Zwl_Fire-ExpoPoster.jpg,expo2020-020.pdf,pdf,https://objects.lib.uidaho.edu/engrir/expo2020-020.pdf,https://objects.lib.uidaho.edu/engrir/small/expo2020-020_sm.jpg,https://objects.lib.uidaho.edu/engrir/thumbs/expo2020-020_th.jpg
engrir033,Sheet Metal Fatigue Fixture,Ryan Blair; Chase Croft; Alex McNurlin; Tony Kitchen,2020,2020,"2020 Engineering Design EXPO poster entitled ""Sheet Metal Fatigue Fixture,"" created by Ryan Blair, Chase Croft, Alex McNurlin, Tony Kitchen. In the 2020 Program Guide, project is entitled ""Fatigue Testing Device to Evaluate Sheet Metal Components."" University of Idaho College of Engineering, Department of Mechanical Engineering.","Digital poster with text blocks, images of a blocky device used to manipulate sheet metal, and engineering schematics.",mechanical engineering; engineering; instructional posters; sheet metal,"Moscow, Idaho",Expo Posters,"Engineering Design EXPO posters, UG 191, University of Idaho Special Collections and Archives, https://www.lib.uidaho.edu/special-collections/",expo2020-021,Text,application/pdf,https://archiveswest.orbiscascade.org/ark:80444/xv920797,eng,"In copyright, educational use permitted. Educational use includes non-commercial reproduction of text and images in materials for teaching and research purposes. For other contexts beyond fair use, including digital reproduction, please contact the University of Idaho Library Special Collections and Archives Department at libspec@uidaho.edu. The University of Idaho Library is not liable for any violations of the law by users.",http://rightsstatements.org/vocab/InC-EDU/1.0/,team-29-SheetMetalFatigueFixtureExpoPoster300dpi.jpg,expo2020-021.pdf,pdf,https://objects.lib.uidaho.edu/engrir/expo2020-021.pdf,https://objects.lib.uidaho.edu/engrir/small/expo2020-021_sm.jpg,https://objects.lib.uidaho.edu/engrir/thumbs/expo2020-021_th.jpg
engrir034,Lean Process Flow Shellcase Anneal,Matthew Meagher; Zachary Woffinden; Josh Clark; Dwain Stucker,2020,2020,"2020 Engineering Design EXPO poster entitled ""Lean Process Flow Shellcase Anneal,"" created by Matthew Meagher, Zachary Woffinden, Josh Clark, Dwain Stucker. In the 2020 Program Guide, project is entitled ""Lean Manufacturing Annealing Process for Ammunition Manufacturing."" University of Idaho College of Engineering, Department of Mechanical Engineering.","Digital poster with text blocks, images of a device for heat treating ammunition, and a photograph of a group of people.",mechanical engineering; engineering; instructional posters; shell case,"Moscow, Idaho",Expo Posters,"Engineering Design EXPO posters, UG 191, University of Idaho Special Collections and Archives, https://www.lib.uidaho.edu/special-collections/",expo2020-022,Text,application/pdf,https://archiveswest.orbiscascade.org/ark:80444/xv920797,eng,"In copyright, educational use permitted. Educational use includes non-commercial reproduction of text and images in materials for teaching and research purposes. For other contexts beyond fair use, including digital reproduction, please contact the University of Idaho Library Special Collections and Archives Department at libspec@uidaho.edu. The University of Idaho Library is not liable for any violations of the law by users.",http://rightsstatements.org/vocab/InC-EDU/1.0/,R_7X41RetnPMwgW3f_Case X Case Expo Poster.jpg,expo2020-022.pdf,pdf,https://objects.lib.uidaho.edu/engrir/expo2020-022.pdf,https://objects.lib.uidaho.edu/engrir/small/expo2020-022_sm.jpg,https://objects.lib.uidaho.edu/engrir/thumbs/expo2020-022_th.jpg
engrir035,Automated Insulation Measuring and Cutting Module,Kyle Deeter; Ian Glasgow; Alyssa Keyes; Rennie Scott,2020,2020,"2020 Engineering Design EXPO poster entitled ""Automated Insulation Measuring and Cutting Module,"" created by Kyle Deeter, Ian Glasgow, Alyssa Keyes, Rennie Scott. In the 2020 Program Guide, project is entitled ""Insulation Measuring and Cutting Module."" University of Idaho College of Engineering, Department of Mechanical Engineering.","Digital poster with text blocks, images of a blocky device used to measure and cut insulation, and a photograph of a group of people.",mechanical engineering; engineering; instructional posters; insulation,"Moscow, Idaho",Expo Posters,"Engineering Design EXPO posters, UG 191, University of Idaho Special Collections and Archives, https://www.lib.uidaho.edu/special-collections/",expo2020-023,Text,application/pdf,https://archiveswest.orbiscascade.org/ark:80444/xv920797,eng,"In copyright, educational use permitted. Educational use includes non-commercial reproduction of text and images in materials for teaching and research purposes. For other contexts beyond fair use, including digital reproduction, please contact the University of Idaho Library Special Collections and Archives Department at libspec@uidaho.edu. The University of Idaho Library is not liable for any violations of the law by users.",http://rightsstatements.org/vocab/InC-EDU/1.0/,R_2Cv3jZpIipx4k0b_Slide1.JPG,expo2020-023.pdf,pdf,https://objects.lib.uidaho.edu/engrir/expo2020-023.pdf,https://objects.lib.uidaho.edu/engrir/small/expo2020-023_sm.jpg,https://objects.lib.uidaho.edu/engrir/thumbs/expo2020-023_th.jpg
engrir036,Liquid Cooling Systems for Li-Ion Battery,"Ryan ""Jack"" Gonzalez; Donald Funk; Jesus Barrera; Tarrin Funderburg",2020,2020,"2020 Engineering Design EXPO poster entitled ""Liquid Cooling System for Li-Ion Battery,"" created by Ryan ""Jack"" Gonzalez, Donald Funk, Jesus Barrera, Tarrin Funderburg. In the 2020 Program Guide, project is entitled ""Battery Liquid Cooling System for Electric Engines."" University of Idaho College of Engineering, Department of Mechanical Engineering.","Digital poster with text blocks, images of a large battery device, and a photograph of a group of people.",mechanical engineering; engineering; instructional posters; cooling; batteries (electrical),"Moscow, Idaho",Expo Posters,"Engineering Design EXPO posters, UG 191, University of Idaho Special Collections and Archives, https://www.lib.uidaho.edu/special-collections/",expo2020-024,Text,application/pdf,https://archiveswest.orbiscascade.org/ark:80444/xv920797,eng,"In copyright, educational use permitted. Educational use includes non-commercial reproduction of text and images in materials for teaching and research purposes. For other contexts beyond fair use, including digital reproduction, please contact the University of Idaho Library Special Collections and Archives Department at libspec@uidaho.edu. The University of Idaho Library is not liable for any violations of the law by users.",http://rightsstatements.org/vocab/InC-EDU/1.0/,Liquid Cooling.jpg,expo2020-024.pdf,pdf,https://objects.lib.uidaho.edu/engrir/expo2020-024.pdf,https://objects.lib.uidaho.edu/engrir/small/expo2020-024_sm.jpg,https://objects.lib.uidaho.edu/engrir/thumbs/expo2020-024_th.jpg
engrir037,Powdered Alloy Packing System for Additive Manufacturing,Nick Ayers; Austin Beyer; Kaitlin Coad; Kate Seegmiller,2020,2020,"2020 Engineering Design EXPO poster entitled ""Powdered Alloy Packing System for Additive Manufacturing,"" created by Nick Ayers, Austin Beyer, Kaitlin Coad, Kate Seegmiller. University of Idaho College of Engineering, Department of Mechanical Engineering.",Digital poster with text blocks and images of a device shaped like a cylinder atop a cabinet.,mechanical engineering; engineering; instructional posters,"Moscow, Idaho",Expo Posters,"Engineering Design EXPO posters, UG 191, University of Idaho Special Collections and Archives, https://www.lib.uidaho.edu/special-collections/",expo2020-025,Text,application/pdf,https://archiveswest.orbiscascade.org/ark:80444/xv920797,eng,"In copyright, educational use permitted. Educational use includes non-commercial reproduction of text and images in materials for teaching and research purposes. For other contexts beyond fair use, including digital reproduction, please contact the University of Idaho Library Special Collections and Archives Department at libspec@uidaho.edu. The University of Idaho Library is not liable for any violations of the law by users.",http://rightsstatements.org/vocab/InC-EDU/1.0/,R_1gCQm1nYbabG2vU_Slide1.jpg,expo2020-025.pdf,pdf,https://objects.lib.uidaho.edu/engrir/expo2020-025.pdf,https://objects.lib.uidaho.edu/engrir/small/expo2020-025_sm.jpg,https://objects.lib.uidaho.edu/engrir/thumbs/expo2020-025_th.jpg
engrir038,Snowmobile Rear Drive,Brannon Hudson; Thomas Entwit; Aref Hakami,2020,2020,"2020 Engineering Design EXPO poster entitled ""Snowmobile Rear Drive,"" created by Brannon Hudson, Thomas Entwit, Aref Hakami. In the 2020 Program Guide, project is entitled ""Rear-Drive Snowmobile."" University of Idaho College of Engineering, Department of Mechanical Engineering.","Digital poster with text blocks, images of a snowmobile, and photographs of three people.",mechanical engineering; engineering; instructional posters; snowmobiles,"Moscow, Idaho",Expo Posters,"Engineering Design EXPO posters, UG 191, University of Idaho Special Collections and Archives, https://www.lib.uidaho.edu/special-collections/",expo2020-026,Text,application/pdf,https://archiveswest.orbiscascade.org/ark:80444/xv920797,eng,"In copyright, educational use permitted. Educational use includes non-commercial reproduction of text and images in materials for teaching and research purposes. For other contexts beyond fair use, including digital reproduction, please contact the University of Idaho Library Special Collections and Archives Department at libspec@uidaho.edu. The University of Idaho Library is not liable for any violations of the law by users.",http://rightsstatements.org/vocab/InC-EDU/1.0/,R_2QFFpSDGCUQBjhZ_Expo 2020 Poster Rear Drive Team Skiddadle.jpg,expo2020-026.pdf,pdf,https://objects.lib.uidaho.edu/engrir/expo2020-026.pdf,https://objects.lib.uidaho.edu/engrir/small/expo2020-026_sm.jpg,https://objects.lib.uidaho.edu/engrir/thumbs/expo2020-026_th.jpg
engrir039,IoT Enabled Sensor Node with Optical Wireless Communication Capability,Wei Hu; Xueren Wang; Zhicai Li; Yuhang Dai; Yanqin Huang,2020,2020,"2020 Engineering Design EXPO poster entitled ""IoT Enabled Sensor Node with Optical Wireless Communication Capability,"" created by Wei Hu, Xueren Wang, Zhicai Li, Yuhang Dai, Yanqin Huang. In the 2020 Program Guide, project is entitled ""Optical Wireless Communication for Mass Deployment of IoT-Devices."" University of Idaho College of Engineering, Department of Electrical and Computer Engineering.","Digital poster with text blocks, images and schematics of complex electronic components, and a photograph of a group of people.",electrical engineering; engineering; instructional posters; communication systems (mechanical and electrical systems),"Moscow, Idaho",Expo Posters,"Engineering Design EXPO posters, UG 191, University of Idaho Special Collections and Archives, https://www.lib.uidaho.edu/special-collections/",expo2020-027,Text,application/pdf,https://archiveswest.orbiscascade.org/ark:80444/xv920797,eng,"In copyright, educational use permitted. Educational use includes non-commercial reproduction of text and images in materials for teaching and research purposes. For other contexts beyond fair use, including digital reproduction, please contact the University of Idaho Library Special Collections and Archives Department at libspec@uidaho.edu. The University of Idaho Library is not liable for any violations of the law by users.",http://rightsstatements.org/vocab/InC-EDU/1.0/,R_Clepkdu4iEJpsXL_Flash-IoT Posterjpg,expo2020-027.pdf,pdf,https://objects.lib.uidaho.edu/engrir/expo2020-027.pdf,https://objects.lib.uidaho.edu/engrir/small/expo2020-027_sm.jpg,https://objects.lib.uidaho.edu/engrir/thumbs/expo2020-027_th.jpg
engrir040,Virtual Fence Design,Lauren Smith; Samantha Baran; Xuyue Gu; Ziqing Zhu; Austin Grieve,2020,2020,"2020 Engineering Design EXPO poster entitled ""Virtual Fence Design,"" created by Lauren Smith, Samantha Baran, Xuyue Gu, Ziqing Zhu, Austin Grieve. In the 2020 Program Guide, project is entitled ""Virtual Fence System for Cattle Management without GPS."" University of Idaho College of Engineering, Department of Electrical and Computer Engineering.","Digital poster with text blocks, images and schematics of a fencing system, and a photograph of a group of people.",electrical engineering; engineering; instructional posters,"Moscow, Idaho",Expo Posters,"Engineering Design EXPO posters, UG 191, University of Idaho Special Collections and Archives, https://www.lib.uidaho.edu/special-collections/",expo2020-028,Text,application/pdf,https://archiveswest.orbiscascade.org/ark:80444/xv920797,eng,"In copyright, educational use permitted. Educational use includes non-commercial reproduction of text and images in materials for teaching and research purposes. For other contexts beyond fair use, including digital reproduction, please contact the University of Idaho Library Special Collections and Archives Department at libspec@uidaho.edu. The University of Idaho Library is not liable for any violations of the law by users.",http://rightsstatements.org/vocab/InC-EDU/1.0/,R_3FV5Woyqlzk1FB9_VirtualFencePoster.jpg,expo2020-028.pdf,pdf,https://objects.lib.uidaho.edu/engrir/expo2020-028.pdf,https://objects.lib.uidaho.edu/engrir/small/expo2020-028_sm.jpg,https://objects.lib.uidaho.edu/engrir/thumbs/expo2020-028_th.jpg
engrir041,Testbed for Measurement and Control of Generator Power Oscillations,Zuhao Zhou; Yutong Chen; Changyao Xu; Quan Yan,2020,2020,"2020 Engineering Design EXPO poster entitled ""Testbed for Measurement and Control of Generator Power Oscillations,"" created by Zuhao Zhou, Yutong Chen, Changyao Xu, Quan Yan. University of Idaho College of Engineering, Department of Electrical and Computer Engineering.","Digital poster with text blocks, images of electronic components attached to white boards, and a photograph of a group of people.",electrical engineering; engineering; instructional posters,"Moscow, Idaho",Expo Posters,"Engineering Design EXPO posters, UG 191, University of Idaho Special Collections and Archives, https://www.lib.uidaho.edu/special-collections/",expo2020-029,Text,application/pdf,https://archiveswest.orbiscascade.org/ark:80444/xv920797,eng,"In copyright, educational use permitted. Educational use includes non-commercial reproduction of text and images in materials for teaching and research purposes. For other contexts beyond fair use, including digital reproduction, please contact the University of Idaho Library Special Collections and Archives Department at libspec@uidaho.edu. The University of Idaho Library is not liable for any violations of the law by users.",http://rightsstatements.org/vocab/InC-EDU/1.0/,R_1BXcSHYSOvDCPIc_poster chenyutong.pptx,expo2020-029.pdf,pdf,https://objects.lib.uidaho.edu/engrir/expo2020-029.pdf,https://objects.lib.uidaho.edu/engrir/small/expo2020-029_sm.jpg,https://objects.lib.uidaho.edu/engrir/thumbs/expo2020-029_th.jpg
engrir042,FORTH Computing on FPGA,Jess Totorica; Kyle Hartman; Thys Ballard; Kyle Hild; Ronald Crump,2020,2020,"2020 Engineering Design EXPO poster entitled ""FORTH Computing on FPGA,"" created by Jess Totorica, Kyle Hartman, Thys Ballard, Kyle Hild, Ronald Crump. In the 2020 Program Guide, project is entitled ""FORTH Computer."" University of Idaho College of Engineering, Department of Computer Science.",Digital poster with text blocks and images of engineering schematics.,computer science; engineering; instructional posters,"Moscow, Idaho",Expo Posters,"Engineering Design EXPO posters, UG 191, University of Idaho Special Collections and Archives, https://www.lib.uidaho.edu/special-collections/",expo2020-030,Text,application/pdf,https://archiveswest.orbiscascade.org/ark:80444/xv920797,eng,"In copyright, educational use permitted. Educational use includes non-commercial reproduction of text and images in materials for teaching and research purposes. For other contexts beyond fair use, including digital reproduction, please contact the University of Idaho Library Special Collections and Archives Department at libspec@uidaho.edu. The University of Idaho Library is not liable for any violations of the law by users.",http://rightsstatements.org/vocab/InC-EDU/1.0/,R_1cSuCyAyv3kMk3l_FORTH Computing on FPGA.pptx,expo2020-030.pdf,pdf,https://objects.lib.uidaho.edu/engrir/expo2020-030.pdf,https://objects.lib.uidaho.edu/engrir/small/expo2020-030_sm.jpg,https://objects.lib.uidaho.edu/engrir/thumbs/expo2020-030_th.jpg
engrir043,Speech Therapy Application,Lucas Jackson; Ian Wood; Yiqing Ma,2020,2020,"2020 Engineering Design EXPO poster entitled ""Speech Therapy Application,"" created by Lucas Jackson, Ian Wood, Yiqing Ma. In the 2020 Program Guide, project is entitled ""Speech Therapy Web App Using Speech to Text."" University of Idaho College of Engineering, Department of Computer Science.",Digital poster with text blocks and images of engineering designs.,computer science; engineering; instructional posters,"Moscow, Idaho",Expo Posters,"Engineering Design EXPO posters, UG 191, University of Idaho Special Collections and Archives, https://www.lib.uidaho.edu/special-collections/",expo2020-031,Text,application/pdf,https://archiveswest.orbiscascade.org/ark:80444/xv920797,eng,"In copyright, educational use permitted. Educational use includes non-commercial reproduction of text and images in materials for teaching and research purposes. For other contexts beyond fair use, including digital reproduction, please contact the University of Idaho Library Special Collections and Archives Department at libspec@uidaho.edu. The University of Idaho Library is not liable for any violations of the law by users.",http://rightsstatements.org/vocab/InC-EDU/1.0/,R_1d6V91X479Y4vXV_Dialectric Expo Poster 2020.jpg,expo2020-031.pdf,pdf,https://objects.lib.uidaho.edu/engrir/expo2020-031.pdf,https://objects.lib.uidaho.edu/engrir/small/expo2020-031_sm.jpg,https://objects.lib.uidaho.edu/engrir/thumbs/expo2020-031_th.jpg
engrir044,Micro-Grid Expansion Project,Christopher Cervino; Shaun Andrews; Shawn Naughton; Ziyu Qian; Huiyu Zhao,2020,2020,"2020 Engineering Design EXPO poster entitled ""Micro-Grid Expansion Project,"" created by Christopher Cervino, Shaun Andrews, Shawn Naughton, Ziyu Qian, Huiyu Zhao. University of Idaho College of Engineering, Department of Electrical and Computer Engineering.","Digital poster with text blocks, engineering schematics, and a photograph of a group of people.",electrical engineering; engineering; instructional posters,"Moscow, Idaho",Expo Posters,"Engineering Design EXPO posters, UG 191, University of Idaho Special Collections and Archives, https://www.lib.uidaho.edu/special-collections/",expo2020-032,Text,application/pdf,https://archiveswest.orbiscascade.org/ark:80444/xv920797,eng,"In copyright, educational use permitted. Educational use includes non-commercial reproduction of text and images in materials for teaching and research purposes. For other contexts beyond fair use, including digital reproduction, please contact the University of Idaho Library Special Collections and Archives Department at libspec@uidaho.edu. The University of Idaho Library is not liable for any violations of the law by users.",http://rightsstatements.org/vocab/InC-EDU/1.0/,R_1QsAsYwwlYccFxi_EXPO Poster Actual Size.jpg,expo2020-032.pdf,pdf,https://objects.lib.uidaho.edu/engrir/expo2020-032.pdf,https://objects.lib.uidaho.edu/engrir/small/expo2020-032_sm.jpg,https://objects.lib.uidaho.edu/engrir/thumbs/expo2020-032_th.jpg
engrir045,Industrial Controls Lab Exercises,Yikai Lu; Dakota Pfaff; Brian Guiana; Jailong Dai,2020,2020,"2020 Engineering Design EXPO poster entitled ""Industrial Controls Lab Exercises,"" created by Yikai Lu, Dakota Pfaff, Brian Guiana, Jailong Dai. In the 2020 Program Guide, project is entitled ""Designing Exercises for the Industrial Control Systems Laboratory."" University of Idaho College of Engineering, Department of Electrical and Computer Engineering.","Digital poster with text blocks, images of electronic devices, and photographs of people.",electrical engineering; engineering; instructional posters,"Moscow, Idaho",Expo Posters,"Engineering Design EXPO posters, UG 191, University of Idaho Special Collections and Archives, https://www.lib.uidaho.edu/special-collections/",expo2020-033,Text,application/pdf,https://archiveswest.orbiscascade.org/ark:80444/xv920797,eng,"In copyright, educational use permitted. Educational use includes non-commercial reproduction of text and images in materials for teaching and research purposes. For other contexts beyond fair use, including digital reproduction, please contact the University of Idaho Library Special Collections and Archives Department at libspec@uidaho.edu. The University of Idaho Library is not liable for any violations of the law by users.",http://rightsstatements.org/vocab/InC-EDU/1.0/,R_2EnGA44kW30BDRw_Slide1.jpg,expo2020-033.pdf,pdf,https://objects.lib.uidaho.edu/engrir/expo2020-033.pdf,https://objects.lib.uidaho.edu/engrir/small/expo2020-033_sm.jpg,https://objects.lib.uidaho.edu/engrir/thumbs/expo2020-033_th.jpg
engrir046,Mechanical Engineering Machine Scheduler,Delaney Fitzgerald; Blakely Frechette; Gabriel Hasenoehrl; Irven Perez,2020,2020,"2020 Engineering Design EXPO poster entitled ""Mechanical Engineering Machine Scheduler,"" created by Delaney Fitzgerald, Blakely Frechette, Gabriel Hasenoehrl, Irven Perez. In the 2020 Program Guide, project is entitled ""Web-Based Machine Shop Scheduler for the University of Idaho."" University of Idaho College of Engineering, Department of Computer Science.",Digital poster with text blocks and colorful graphs.,computer science; mechanical engineering; engineering; instructional posters,"Moscow, Idaho",Expo Posters,"Engineering Design EXPO posters, UG 191, University of Idaho Special Collections and Archives, https://www.lib.uidaho.edu/special-collections/",expo2020-034,Text,application/pdf,https://archiveswest.orbiscascade.org/ark:80444/xv920797,eng,"In copyright, educational use permitted. Educational use includes non-commercial reproduction of text and images in materials for teaching and research purposes. For other contexts beyond fair use, including digital reproduction, please contact the University of Idaho Library Special Collections and Archives Department at libspec@uidaho.edu. The University of Idaho Library is not liable for any violations of the law by users.",http://rightsstatements.org/vocab/InC-EDU/1.0/,R_2pXJcYR0IdFHEA5_Copy of Chs (1).jpg,expo2020-034.pdf,pdf,https://objects.lib.uidaho.edu/engrir/expo2020-034.pdf,https://objects.lib.uidaho.edu/engrir/small/expo2020-034_sm.jpg,https://objects.lib.uidaho.edu/engrir/thumbs/expo2020-034_th.jpg
engrir047,Realistic Network Modeling Using Minetest,Sean Anderson; Benjamin Hallman,2020,2020,"2020 Engineering Design EXPO poster entitled ""Realistic Network Modeling Using Minetest,"" created by Sean Anderson, Benjamin Hallman. In the 2020 Program Guide, project is entitled ""Realistic 3D Modeling of Digital Networks and the Internet."" University of Idaho College of Engineering, Department of Computer Science.",Digital poster with text blocks and images of a blocky computer game.,computer science; engineering; instructional posters,"Moscow, Idaho",Expo Posters,"Engineering Design EXPO posters, UG 191, University of Idaho Special Collections and Archives, https://www.lib.uidaho.edu/special-collections/",expo2020-035,Text,application/pdf,https://archiveswest.orbiscascade.org/ark:80444/xv920797,eng,"In copyright, educational use permitted. Educational use includes non-commercial reproduction of text and images in materials for teaching and research purposes. For other contexts beyond fair use, including digital reproduction, please contact the University of Idaho Library Special Collections and Archives Department at libspec@uidaho.edu. The University of Idaho Library is not liable for any violations of the law by users.",http://rightsstatements.org/vocab/InC-EDU/1.0/,R_2tg6z1C4DqPppCq_NetworkCraft Poster.JPG,expo2020-035.pdf,pdf,https://objects.lib.uidaho.edu/engrir/expo2020-035.pdf,https://objects.lib.uidaho.edu/engrir/small/expo2020-035_sm.jpg,https://objects.lib.uidaho.edu/engrir/thumbs/expo2020-035_th.jpg
engrir048,FPGA Data Acquisition and Control,Alexis Wilson; Jared Reichle; John Ashby,2020,2020,"2020 Engineering Design EXPO poster entitled ""FPGA Data Acquisition and Control,"" created by Alexis Wilson, Jared Reichle, John Ashby. In the 2020 Program Guide, project is entitled ""Semiconductor Laser Control and Data Acquisition for Quality Optical Research."" University of Idaho College of Engineering, Department of Electrical and Computer Engineering.","Digital poster with text blocks, photographs and schematics for a laser systems, and a photograph of a group of people.",electrical engineering; engineering; instructional posters,"Moscow, Idaho",Expo Posters,"Engineering Design EXPO posters, UG 191, University of Idaho Special Collections and Archives, https://www.lib.uidaho.edu/special-collections/",expo2020-036,Text,application/pdf,https://archiveswest.orbiscascade.org/ark:80444/xv920797,eng,"In copyright, educational use permitted. Educational use includes non-commercial reproduction of text and images in materials for teaching and research purposes. For other contexts beyond fair use, including digital reproduction, please contact the University of Idaho Library Special Collections and Archives Department at libspec@uidaho.edu. The University of Idaho Library is not liable for any violations of the law by users.",http://rightsstatements.org/vocab/InC-EDU/1.0/,R_2uJ8IGFVMUqKXDN_FPGA_DA&C_ePoster.jpg,expo2020-036.pdf,pdf,https://objects.lib.uidaho.edu/engrir/expo2020-036.pdf,https://objects.lib.uidaho.edu/engrir/small/expo2020-036_sm.jpg,https://objects.lib.uidaho.edu/engrir/thumbs/expo2020-036_th.jpg
engrir049,Backup Solar Generation,Emerson Butler; Salim Al Tubi; Joseph Amodemo; Boxiang Hou; Jiawen Yu,2020,2020,"2020 Engineering Design EXPO poster entitled ""SPPG Team,"" created by Emerson Butler, Salim Al Tubi, Joseph Amodemo, Boxiang Hou, Jiawen Yu In the 2020 Program Guide, project is entitled ""Backup Solar Generation."" University of Idaho College of Engineering, Department of Electrical and Computer Engineering.","Digital poster with text blocks, photographs of solar panels, graphs, and a photograph of a group of people.",electrical engineering; engineering; instructional posters,"Moscow, Idaho",Expo Posters,"Engineering Design EXPO posters, UG 191, University of Idaho Special Collections and Archives, https://www.lib.uidaho.edu/special-collections/",expo2020-037,Text,application/pdf,https://archiveswest.orbiscascade.org/ark:80444/xv920797,eng,"In copyright, educational use permitted. Educational use includes non-commercial reproduction of text and images in materials for teaching and research purposes. For other contexts beyond fair use, including digital reproduction, please contact the University of Idaho Library Special Collections and Archives Department at libspec@uidaho.edu. The University of Idaho Library is not liable for any violations of the law by users.",http://rightsstatements.org/vocab/InC-EDU/1.0/,R_2V9m2bUxgUEzUrU_senior-design-poster.jpg,expo2020-037.pdf,pdf,https://objects.lib.uidaho.edu/engrir/expo2020-037.pdf,https://objects.lib.uidaho.edu/engrir/small/expo2020-037_sm.jpg,https://objects.lib.uidaho.edu/engrir/thumbs/expo2020-037_th.jpg
engrir050,Augmented Reality,Cameron Dearien; Adam Odell; Jubal Mitchell,2020,2020,"2020 Engineering Design EXPO poster entitled ""Augmented Reality,"" created by Cameron Dearien, Adam Odell, Jubal Mitchell. In the 2020 Program Guide, project is entitled ""Augmented Reality in the Computer Science Department."" University of Idaho College of Engineering, Department of Computer Science.",Digital poster with text blocks and images of a door placard.,computer science; engineering; instructional posters,"Moscow, Idaho",Expo Posters,"Engineering Design EXPO posters, UG 191, University of Idaho Special Collections and Archives, https://www.lib.uidaho.edu/special-collections/",expo2020-038,Text,application/pdf,https://archiveswest.orbiscascade.org/ark:80444/xv920797,eng,"In copyright, educational use permitted. Educational use includes non-commercial reproduction of text and images in materials for teaching and research purposes. For other contexts beyond fair use, including digital reproduction, please contact the University of Idaho Library Special Collections and Archives Department at libspec@uidaho.edu. The University of Idaho Library is not liable for any violations of the law by users.",http://rightsstatements.org/vocab/InC-EDU/1.0/,R_3pi44gpIccurJ0s_Augmented Shenanigans Poster.jpg,expo2020-038.pdf,pdf,https://objects.lib.uidaho.edu/engrir/expo2020-038.pdf,https://objects.lib.uidaho.edu/engrir/small/expo2020-038_sm.jpg,https://objects.lib.uidaho.edu/engrir/thumbs/expo2020-038_th.jpg
engrir051,Park - It - CDA,Tyrel Parker; Zane Goodrick; Nikolai Tiong; Joel Berain,2020,2020,"2020 Engineering Design EXPO poster entitled ""Park - It - CDA,"" created by Tyrel Parker, Zane Goodrick, Nikolai Tiong, Joel Berain. In the 2020 Program Guide, project is entitled ""Park-It-CDA: Garage Sensor System over a Mesh Network."" University of Idaho College of Engineering, Department of Computer Science.","Digital poster with text blocks, images of an electronic device, and a photograph of a group of people.",computer science; engineering; instructional posters,"Moscow, Idaho",Expo Posters,"Engineering Design EXPO posters, UG 191, University of Idaho Special Collections and Archives, https://www.lib.uidaho.edu/special-collections/",expo2020-039,Text,application/pdf,https://archiveswest.orbiscascade.org/ark:80444/xv920797,eng,"In copyright, educational use permitted. Educational use includes non-commercial reproduction of text and images in materials for teaching and research purposes. For other contexts beyond fair use, including digital reproduction, please contact the University of Idaho Library Special Collections and Archives Department at libspec@uidaho.edu. The University of Idaho Library is not liable for any violations of the law by users.",http://rightsstatements.org/vocab/InC-EDU/1.0/,R_210dLSbJ7TfiARW_Park - it - cda poster.png,expo2020-039.pdf,pdf,https://objects.lib.uidaho.edu/engrir/expo2020-039.pdf,https://objects.lib.uidaho.edu/engrir/small/expo2020-039_sm.jpg,https://objects.lib.uidaho.edu/engrir/thumbs/expo2020-039_th.jpg
engrir052,Power Distribution Network (Transactive),Karstin Neill; Christine Page; James Todd; Nikki Tran,2020,2020,"2020 Engineering Design EXPO poster entitled ""Power Distribution Network (Transactive),"" created by Karstin Neill, Christine Page, James Todd, Nikki Tran. In the 2020 Program Guide, project is entitled ""Simulated Transactive Power Distrubution Network."" University of Idaho College of Engineering, Department of Computer Science.","Digital poster with text blocks, graphical representations of data, and photographs of people.",computer science; engineering; instructional posters,"Moscow, Idaho",Expo Posters,"Engineering Design EXPO posters, UG 191, University of Idaho Special Collections and Archives, https://www.lib.uidaho.edu/special-collections/",expo2020-040,Text,application/pdf,https://archiveswest.orbiscascade.org/ark:80444/xv920797,eng,"In copyright, educational use permitted. Educational use includes non-commercial reproduction of text and images in materials for teaching and research purposes. For other contexts beyond fair use, including digital reproduction, please contact the University of Idaho Library Special Collections and Archives Department at libspec@uidaho.edu. The University of Idaho Library is not liable for any violations of the law by users.",http://rightsstatements.org/vocab/InC-EDU/1.0/,R_RICoptdTYZ3otvH_TeamTransactive_EXPO Poster.jpg,expo2020-040.pdf,pdf,https://objects.lib.uidaho.edu/engrir/expo2020-040.pdf,https://objects.lib.uidaho.edu/engrir/small/expo2020-040_sm.jpg,https://objects.lib.uidaho.edu/engrir/thumbs/expo2020-040_th.jpg
engrir053,Marching Band Mobile Platform,Annika Esau; Kaitlin Tabaracci; Cole Brusven; Zachary Laymon,2021,2021,"2021 Engineering Design EXPO poster entitled ""Marching Band Mobile Platform,"" created by Annika Esau, Kaitlin Tabaracci, Cole Brusven, Zachary Laymon. University of Idaho College of Engineering, Department of Mechanical Engineering.",Digital poster with text blocks and images of a wooden platform on wheels.,mechanical engineering; engineering; instructional posters; bands (ensembles),"Moscow, Idaho",Expo Posters,"Engineering Design EXPO posters, UG 191, University of Idaho Special Collections and Archives, https://www.lib.uidaho.edu/special-collections/",expo2021-001,Text,application/pdf,https://archiveswest.orbiscascade.org/ark:80444/xv920797,eng,"In copyright, educational use permitted. Educational use includes non-commercial reproduction of text and images in materials for teaching and research purposes. For other contexts beyond fair use, including digital reproduction, please contact the University of Idaho Library Special Collections and Archives Department at libspec@uidaho.edu. The University of Idaho Library is not liable for any violations of the law by users.",http://rightsstatements.org/vocab/InC-EDU/1.0/,R_1DILy6QtpmZAUYD_Bandmobile.pptx,expo2021-001.pdf,pdf,https://objects.lib.uidaho.edu/engrir/expo2021-001.pdf,https://objects.lib.uidaho.edu/engrir/small/expo2021-001_sm.jpg,https://objects.lib.uidaho.edu/engrir/thumbs/expo2021-001_th.jpg
engrir054,Independently Ran Renewable Integrated System,Charlie Dimke; Jason Floyd; Kathryn Warner,2021,2021,"2021 Engineering Design EXPO poster entitled ""Independently Ran Renewable Integrated System,"" created by Charlie Dimke, Jason Floyd, Kathryn Warner. In the 2021 Program Guide, project is entitled ""Independently Ran Renewable Integrated System for Crosswalks."" University of Idaho College of Engineering, Department of Electrical and Computer Engineering.","Digital poster with text blocks, photographs and schematics of a lighting system, and a photograph of a group of people.",electrical engineering; engineering; instructional posters,"Moscow, Idaho",Expo Posters,"Engineering Design EXPO posters, UG 191, University of Idaho Special Collections and Archives, https://www.lib.uidaho.edu/special-collections/",expo2021-002,Text,application/pdf,https://archiveswest.orbiscascade.org/ark:80444/xv920797,eng,"In copyright, educational use permitted. Educational use includes non-commercial reproduction of text and images in materials for teaching and research purposes. For other contexts beyond fair use, including digital reproduction, please contact the University of Idaho Library Special Collections and Archives Department at libspec@uidaho.edu. The University of Idaho Library is not liable for any violations of the law by users.",http://rightsstatements.org/vocab/InC-EDU/1.0/,R_1hEhagxBQ1OCWz9_LightTheWay.pptx,expo2021-002.pdf,pdf,https://objects.lib.uidaho.edu/engrir/expo2021-002.pdf,https://objects.lib.uidaho.edu/engrir/small/expo2021-002_sm.jpg,https://objects.lib.uidaho.edu/engrir/thumbs/expo2021-002_th.jpg
engrir055,The Development of a Low Cost Pyranometer,Lukas Vermeulen; Adriana Oliveira; Brady Jerome; Nickolas Borek,2021,2021,"2021 Engineering Design EXPO poster entitled ""The Development of a Low Cost Pyranometer,"" created by Lukas Vermeulen, Adriana Oliveira, Brady Jerome, Nickolas Borek. University of Idaho College of Engineering, Department of Electrical and Computer Engineering.","Digital poster with text blocks, photographs and schematics of a device for measuring solar radiance, and a photograph of a group of people.",electrical engineering; engineering; instructional posters,"Moscow, Idaho",Expo Posters,"Engineering Design EXPO posters, UG 191, University of Idaho Special Collections and Archives, https://www.lib.uidaho.edu/special-collections/",expo2021-003,Text,application/pdf,https://archiveswest.orbiscascade.org/ark:80444/xv920797,eng,"In copyright, educational use permitted. Educational use includes non-commercial reproduction of text and images in materials for teaching and research purposes. For other contexts beyond fair use, including digital reproduction, please contact the University of Idaho Library Special Collections and Archives Department at libspec@uidaho.edu. The University of Idaho Library is not liable for any violations of the law by users.",http://rightsstatements.org/vocab/InC-EDU/1.0/,R_1i9HpVwGkXlKHAW_TheSolarSailors.pptx,expo2021-003.pdf,pdf,https://objects.lib.uidaho.edu/engrir/expo2021-003.pdf,https://objects.lib.uidaho.edu/engrir/small/expo2021-003_sm.jpg,https://objects.lib.uidaho.edu/engrir/thumbs/expo2021-003_th.jpg
engrir056,Industrial Control Lab Exercise 2.0,Yuhao Li; Yi Ding; Yifan Zhu,2021,2021,"2021 Engineering Design EXPO poster entitled ""Industrial Control Lab Exercise 2.0,"" created by Yuhao Li, Yi Ding, Yifan Zhu. In the 2021 Program Guide, project is entitled ""Development of Industrial Control System Laboratory Exercises."" University of Idaho College of Engineering, Department of Electrical and Computer Engineering.","Digital poster with text blocks, images of computer programs, and photographs of an electronic device and people.",electrical engineering; engineering; instructional posters,"Moscow, Idaho",Expo Posters,"Engineering Design EXPO posters, UG 191, University of Idaho Special Collections and Archives, https://www.lib.uidaho.edu/special-collections/",expo2021-004,Text,application/pdf,https://archiveswest.orbiscascade.org/ark:80444/xv920797,eng,"In copyright, educational use permitted. Educational use includes non-commercial reproduction of text and images in materials for teaching and research purposes. For other contexts beyond fair use, including digital reproduction, please contact the University of Idaho Library Special Collections and Archives Department at libspec@uidaho.edu. The University of Idaho Library is not liable for any violations of the law by users.",http://rightsstatements.org/vocab/InC-EDU/1.0/,R_1LojJxX2PBmUei4_Team5-men of thunder.jpg,expo2021-004.pdf,pdf,https://objects.lib.uidaho.edu/engrir/expo2021-004.pdf,https://objects.lib.uidaho.edu/engrir/small/expo2021-004_sm.jpg,https://objects.lib.uidaho.edu/engrir/thumbs/expo2021-004_th.jpg
engrir057,Boise Large Diameter Sewer Reroute,Christian Preszler; Grant Gehring; Jaxon Dean; Samuel Yunker,2021,2021,"2021 Engineering Design EXPO poster entitled ""Boise Large Diameter Sewer Reroute,"" created by Christian Preszler, Grant Gehring, Jaxon Dean, Samuel Yunker. In the 2021 Program Guide, project is entitled ""Sewer Pipeline Reroute and Pathway Realignment."" University of Idaho College of Engineering, Department of Civil and Environmental Engineering.",Digital poster with text blocks and drawings of a sewer route.,civil engineering; engineering; instructional posters; sewers (drainage structures),"Moscow, Idaho",Expo Posters,"Engineering Design EXPO posters, UG 191, University of Idaho Special Collections and Archives, https://www.lib.uidaho.edu/special-collections/",expo2021-005,Text,application/pdf,https://archiveswest.orbiscascade.org/ark:80444/xv920797,eng,"In copyright, educational use permitted. Educational use includes non-commercial reproduction of text and images in materials for teaching and research purposes. For other contexts beyond fair use, including digital reproduction, please contact the University of Idaho Library Special Collections and Archives Department at libspec@uidaho.edu. The University of Idaho Library is not liable for any violations of the law by users.",http://rightsstatements.org/vocab/InC-EDU/1.0/,R_1luAbieOfmTSVxh_Sewer_Pipeline_Reroute.pptx,expo2021-005.pdf,pdf,https://objects.lib.uidaho.edu/engrir/expo2021-005.pdf,https://objects.lib.uidaho.edu/engrir/small/expo2021-005_sm.jpg,https://objects.lib.uidaho.edu/engrir/thumbs/expo2021-005_th.jpg
engrir058,CNR Ember Generator,Addie White; Garrett Borth; Jacob Roy; Kaitlyn Lindholm; Zach Schirado,2021,2021,"2021 Engineering Design EXPO poster entitled ""CNR Ember Generator,"" created by Addie White, Garrett Borth, Jacob Roy, Kaitlyn Lindholm, Zach Schirado. In the 2021 Program Guide, project is entitled ""Ember Generator for Forest Fire Testing."" University of Idaho College of Engineering, Department of Mechanical Engineering.","Digital poster with text blocks, images of a machine that generates embers, and graphs depicting data.",mechanical engineering; engineering; instructional posters,"Moscow, Idaho",Expo Posters,"Engineering Design EXPO posters, UG 191, University of Idaho Special Collections and Archives, https://www.lib.uidaho.edu/special-collections/",expo2021-006,Text,application/pdf,https://archiveswest.orbiscascade.org/ark:80444/xv920797,eng,"In copyright, educational use permitted. Educational use includes non-commercial reproduction of text and images in materials for teaching and research purposes. For other contexts beyond fair use, including digital reproduction, please contact the University of Idaho Library Special Collections and Archives Department at libspec@uidaho.edu. The University of Idaho Library is not liable for any violations of the law by users.",http://rightsstatements.org/vocab/InC-EDU/1.0/,R_1PdaT6RIF3h2Z0g_Easy Ember.pptx,expo2021-006.pdf,pdf,https://objects.lib.uidaho.edu/engrir/expo2021-006.pdf,https://objects.lib.uidaho.edu/engrir/small/expo2021-006_sm.jpg,https://objects.lib.uidaho.edu/engrir/thumbs/expo2021-006_th.jpg
engrir059,Low Cost Electroencephalogram (EEG) Devices,Mohamed Hassan; Max Moore; Grace Frazier; Jake Varney; Shubhangi Kaushik; Kate Antonov; Kiran Pelleri,2021,2021,"2021 Engineering Design EXPO poster entitled ""Low Cost Electroencephalogram (EEG) Devices,"" created by Mohamed Hassan, Max Moore, Grace Frazier, Jake Varney, Shubhangi Kaushik, Kate Antonov, Kiran Pelleri. In the 2021 Program Guide, project is entitled ""Electroencephalogram Headset for Human and Rat."" University of Idaho College of Engineering, Department of Electrical and Computer Engineering.","Digital poster with text blocks, images and schematics of a device that measures electrical activity, and a photograph of a group of people.",electrical engineering; engineering; instructional posters; medical equipment,"Moscow, Idaho",Expo Posters,"Engineering Design EXPO posters, UG 191, University of Idaho Special Collections and Archives, https://www.lib.uidaho.edu/special-collections/",expo2021-007,Text,application/pdf,https://archiveswest.orbiscascade.org/ark:80444/xv920797,eng,"In copyright, educational use permitted. Educational use includes non-commercial reproduction of text and images in materials for teaching and research purposes. For other contexts beyond fair use, including digital reproduction, please contact the University of Idaho Library Special Collections and Archives Department at libspec@uidaho.edu. The University of Idaho Library is not liable for any violations of the law by users.",http://rightsstatements.org/vocab/InC-EDU/1.0/,R_1qe7X2oKnel4QRL_EEG Final Poster.pptx,expo2021-007.pdf,pdf,https://objects.lib.uidaho.edu/engrir/expo2021-007.pdf,https://objects.lib.uidaho.edu/engrir/small/expo2021-007_sm.jpg,https://objects.lib.uidaho.edu/engrir/thumbs/expo2021-007_th.jpg
engrir060,Center of Gravity Measurement Device,Joseph Cornwall; Keegan Stanphill; Cameron Eggart; Mark Jaszkowiak; Piyush Basnet,2021,2021,"2021 Engineering Design EXPO poster entitled ""Center of Gravity Measurement Device,"" created by Joseph Cornwall, Keegan Stanphill, Cameron Eggart, Mark Jaszkowiak, Piyush Basnet. In the 2021 Program Guide, project is entitled ""Automated Center of Gravity Measurement Device."" University of Idaho College of Engineering, Department of Mechanical Engineering.","Digital poster with text blocks, images and schematics of a device with two large plates, and a photograph of a group of people.",mechanical engineering; engineering; instructional posters,"Moscow, Idaho",Expo Posters,"Engineering Design EXPO posters, UG 191, University of Idaho Special Collections and Archives, https://www.lib.uidaho.edu/special-collections/",expo2021-008,Text,application/pdf,https://archiveswest.orbiscascade.org/ark:80444/xv920797,eng,"In copyright, educational use permitted. Educational use includes non-commercial reproduction of text and images in materials for teaching and research purposes. For other contexts beyond fair use, including digital reproduction, please contact the University of Idaho Library Special Collections and Archives Department at libspec@uidaho.edu. The University of Idaho Library is not liable for any violations of the law by users.",http://rightsstatements.org/vocab/InC-EDU/1.0/,R_1ritkDrJ5LvkdhV_Masspoint.pptx,expo2021-008.pdf,pdf,https://objects.lib.uidaho.edu/engrir/expo2021-008.pdf,https://objects.lib.uidaho.edu/engrir/small/expo2021-008_sm.jpg,https://objects.lib.uidaho.edu/engrir/thumbs/expo2021-008_th.jpg
engrir061,"Outfall Pipeline Redesign - Post Falls, ID",Alicia Watson; Annie Chen; Edie Engelmann,2021,2021,"2021 Engineering Design EXPO poster entitled ""Outfall Pipeline Redesign - Post Falls, ID,"" created by Alicia Watson, Annie Chen, Edie Engelmann. In the 2021 Program Guide, project is entitled ""Post Falls, Idaho, Outfall Pipeline Redesign."" University of Idaho College of Engineering, Department of Civil and Environmental Engineering.","Digital poster with text blocks, images of a pipeline route, and data graphs",civil engineering; engineering; instructional posters,"Moscow, Idaho",Expo Posters,"Engineering Design EXPO posters, UG 191, University of Idaho Special Collections and Archives, https://www.lib.uidaho.edu/special-collections/",expo2021-009,Text,application/pdf,https://archiveswest.orbiscascade.org/ark:80444/xv920797,eng,"In copyright, educational use permitted. Educational use includes non-commercial reproduction of text and images in materials for teaching and research purposes. For other contexts beyond fair use, including digital reproduction, please contact the University of Idaho Library Special Collections and Archives Department at libspec@uidaho.edu. The University of Idaho Library is not liable for any violations of the law by users.",http://rightsstatements.org/vocab/InC-EDU/1.0/,R_2aCU2zU8b28a46f_Post Falls WRF Outfall Redesign.pptx,expo2021-009.pdf,pdf,https://objects.lib.uidaho.edu/engrir/expo2021-009.pdf,https://objects.lib.uidaho.edu/engrir/small/expo2021-009_sm.jpg,https://objects.lib.uidaho.edu/engrir/thumbs/expo2021-009_th.jpg
engrir062,Directional Antenna Alignment Control System,Cade Knott; Steven Haener; Ethan Morris,2021,2021,"2021 Engineering Design EXPO poster entitled ""Directional Antenna Alignment Control System,"" created by Cade Knott, Steven Haener, Ethan Morris. University of Idaho College of Engineering, Department of Electrical and Computer Engineering.","Digital poster with text blocks, images of an antenna alignment control system, and a photograph of a group of people.",electrical engineering; engineering; instructional posters; antennas,"Moscow, Idaho",Expo Posters,"Engineering Design EXPO posters, UG 191, University of Idaho Special Collections and Archives, https://www.lib.uidaho.edu/special-collections/",expo2021-010,Text,application/pdf,https://archiveswest.orbiscascade.org/ark:80444/xv920797,eng,"In copyright, educational use permitted. Educational use includes non-commercial reproduction of text and images in materials for teaching and research purposes. For other contexts beyond fair use, including digital reproduction, please contact the University of Idaho Library Special Collections and Archives Department at libspec@uidaho.edu. The University of Idaho Library is not liable for any violations of the law by users.",http://rightsstatements.org/vocab/InC-EDU/1.0/,R_2Cslp7KZU8nT9LT_Expo Poster (1).pptx,expo2021-010.pdf,pdf,https://objects.lib.uidaho.edu/engrir/expo2021-010.pdf,https://objects.lib.uidaho.edu/engrir/small/expo2021-010_sm.jpg,https://objects.lib.uidaho.edu/engrir/thumbs/expo2021-010_th.jpg
engrir063,WERC 2021 - Task 5: Produced Water Treatment Train,Darrik Goettsche; Thomas Zeliff; Khalid Alghamdi; Crystal Gallegos,2021,2021,"2021 Engineering Design EXPO poster entitled ""WERC 2021 - Task 5: Produced Water Treatment Train,"" created by Darrik Goettsche, Thomas Zeliff, Khalid Alghamdi, Crystal Gallegos. In the 2021 Program Guide, project is entitled ""Produced Water Treatment Using Hydrocyclone Technology."" University of Idaho College of Engineering, Department of Chemical and Biological Engineering.","Digital poster with text blocks, diagrams and data graphs, and a photograph of a group of people.",chemical engineering; engineering; instructional posters; water treatment plants,"Moscow, Idaho",Expo Posters,"Engineering Design EXPO posters, UG 191, University of Idaho Special Collections and Archives, https://www.lib.uidaho.edu/special-collections/",expo2021-011,Text,application/pdf,https://archiveswest.orbiscascade.org/ark:80444/xv920797,eng,"In copyright, educational use permitted. Educational use includes non-commercial reproduction of text and images in materials for teaching and research purposes. For other contexts beyond fair use, including digital reproduction, please contact the University of Idaho Library Special Collections and Archives Department at libspec@uidaho.edu. The University of Idaho Library is not liable for any violations of the law by users.",http://rightsstatements.org/vocab/InC-EDU/1.0/,R_2dLqI2OxQl3HBoQ_ChemE WERC Poster.png,expo2021-011.pdf,pdf,https://objects.lib.uidaho.edu/engrir/expo2021-011.pdf,https://objects.lib.uidaho.edu/engrir/small/expo2021-011_sm.jpg,https://objects.lib.uidaho.edu/engrir/thumbs/expo2021-011_th.jpg
engrir064,Tangible Touch Team,Andrew Brown; Preyusha Aryal; Reilly Wolfe,2021,2021,"2021 Engineering Design EXPO poster entitled ""Tangible Touch Team,"" created by Andrew Brown, Preyusha Aryal, Reilly Wolfe. In the 2021 Program Guide, project is entitled ""Tangible Object Recognition System."" University of Idaho College of Engineering, Department of Mechanical Engineering.","Digital poster with text blocks, photographs of computing devices, and a photograph of a group of people.",mechanical engineering; engineering; instructional posters,"Moscow, Idaho",Expo Posters,"Engineering Design EXPO posters, UG 191, University of Idaho Special Collections and Archives, https://www.lib.uidaho.edu/special-collections/",expo2021-012,Text,application/pdf,https://archiveswest.orbiscascade.org/ark:80444/xv920797,eng,"In copyright, educational use permitted. Educational use includes non-commercial reproduction of text and images in materials for teaching and research purposes. For other contexts beyond fair use, including digital reproduction, please contact the University of Idaho Library Special Collections and Archives Department at libspec@uidaho.edu. The University of Idaho Library is not liable for any violations of the law by users.",http://rightsstatements.org/vocab/InC-EDU/1.0/,R_2drON9BHVvTxDsE_expo_poster.pptx,expo2021-012.pdf,pdf,https://objects.lib.uidaho.edu/engrir/expo2021-012.pdf,https://objects.lib.uidaho.edu/engrir/small/expo2021-012_sm.jpg,https://objects.lib.uidaho.edu/engrir/thumbs/expo2021-012_th.jpg
engrir065,Sheet Metal Fatigue Fixture,Dylan Card; Yingruo Liu; Jorge Gonzalez; Siobhan McGuire; Tyson Ostberg,2021,2021,"2021 Engineering Design EXPO poster entitled ""Sheet Metal Fatigue Fixture,"" created by Dylan Card, Yingruo Liu, Jorge Gonzalez, Siobhan McGuire, Tyson Ostberg. University of Idaho College of Engineering, Department of Mechanical Engineering.","Digital poster with text blocks, photographs of a plastic and metal device used to test metal fatigue, and graphical depictions of the device's schematics.",mechanical engineering; engineering; instructional posters; sheet metal,"Moscow, Idaho",Expo Posters,"Engineering Design EXPO posters, UG 191, University of Idaho Special Collections and Archives, https://www.lib.uidaho.edu/special-collections/",expo2021-013,Text,application/pdf,https://archiveswest.orbiscascade.org/ark:80444/xv920797,eng,"In copyright, educational use permitted. Educational use includes non-commercial reproduction of text and images in materials for teaching and research purposes. For other contexts beyond fair use, including digital reproduction, please contact the University of Idaho Library Special Collections and Archives Department at libspec@uidaho.edu. The University of Idaho Library is not liable for any violations of the law by users.",http://rightsstatements.org/vocab/InC-EDU/1.0/,R_2E4CVNf9oNghMFk_MetalBumblebees.pptx,expo2021-013.pdf,pdf,https://objects.lib.uidaho.edu/engrir/expo2021-013.pdf,https://objects.lib.uidaho.edu/engrir/small/expo2021-013_sm.jpg,https://objects.lib.uidaho.edu/engrir/thumbs/expo2021-013_th.jpg
engrir066,Electric Power Flow Modeling in Minecraft,Zach Sugano; Christian Whitfield,2021,2021,"2021 Engineering Design EXPO poster entitled ""Electric Power Flow Modeling in Minecraft,"" created by Zach Sugano, Christian Whitfield. University of Idaho College of Engineering, Department of Computer Science.",Digital poster with text blocks and images from a blocky computer game.,computer science; engineering; instructional posters; video games,"Moscow, Idaho",Expo Posters,"Engineering Design EXPO posters, UG 191, University of Idaho Special Collections and Archives, https://www.lib.uidaho.edu/special-collections/",expo2021-014,Text,application/pdf,https://archiveswest.orbiscascade.org/ark:80444/xv920797,eng,"In copyright, educational use permitted. Educational use includes non-commercial reproduction of text and images in materials for teaching and research purposes. For other contexts beyond fair use, including digital reproduction, please contact the University of Idaho Library Special Collections and Archives Department at libspec@uidaho.edu. The University of Idaho Library is not liable for any violations of the law by users.",http://rightsstatements.org/vocab/InC-EDU/1.0/,R_2fd4z4zs88se9s3_Electric-Blocks.pptx,expo2021-014.pdf,pdf,https://objects.lib.uidaho.edu/engrir/expo2021-014.pdf,https://objects.lib.uidaho.edu/engrir/small/expo2021-014_sm.jpg,https://objects.lib.uidaho.edu/engrir/thumbs/expo2021-014_th.jpg
engrir067,Idaho National Laboratory: Tensile Testing System,James Bradley; Jared Gray; Logan Matti; Matthew Uptmor,2021,2021,"2021 Engineering Design EXPO poster entitled ""Idaho National Laboratory: Tensile Testing System,"" created by James Bradley, Jared Gray, Logan Matti, Matthew Uptmor. In the 2021 Program Guide, project is entitled ""INL Compact Glovebox Tensile Testing System."" University of Idaho College of Engineering, Department of Mechanical Engineering.","Digital poster with text blocks, engineering schematics, and an image of a rectangular device used to test a material's tensile strength.",mechanical engineering; engineering; instructional posters,"Moscow, Idaho",Expo Posters,"Engineering Design EXPO posters, UG 191, University of Idaho Special Collections and Archives, https://www.lib.uidaho.edu/special-collections/",expo2021-015,Text,application/pdf,https://archiveswest.orbiscascade.org/ark:80444/xv920797,eng,"In copyright, educational use permitted. Educational use includes non-commercial reproduction of text and images in materials for teaching and research purposes. For other contexts beyond fair use, including digital reproduction, please contact the University of Idaho Library Special Collections and Archives Department at libspec@uidaho.edu. The University of Idaho Library is not liable for any violations of the law by users.",http://rightsstatements.org/vocab/InC-EDU/1.0/,R_2s1F6KXpWodGBaP_Fits Like a Glove Capstone Expo Poster.potx,expo2021-015.pdf,pdf,https://objects.lib.uidaho.edu/engrir/expo2021-015.pdf,https://objects.lib.uidaho.edu/engrir/small/expo2021-015_sm.jpg,https://objects.lib.uidaho.edu/engrir/thumbs/expo2021-015_th.jpg
engrir068,Testing Bacteria Resistant Polymers Onboard the ISS,Travis Lindsay; Niko Hansen; Kael Stelck; Roslyn McCormack; Hannah Johnson; Adriana Bryant,2021,2021,"2021 Engineering Design EXPO poster entitled ""Testing Bacteria Resistant Polymers Onboard the ISS,"" created by Travis Lindsay, Niko Hansen, Kael Stelck, Roslyn McCormack, Hannah Johnson, Adriana Bryant. University of Idaho College of Engineering, Department of Chemical and Biological Engineering.","Digital poster with text blocks, data graphs, and photographs of people and a beaker with amber fluid in it.",chemical engineering; engineering; instructional posters; Bacteria (domain); polymers,"Moscow, Idaho",Expo Posters,"Engineering Design EXPO posters, UG 191, University of Idaho Special Collections and Archives, https://www.lib.uidaho.edu/special-collections/",expo2021-016,Text,application/pdf,https://archiveswest.orbiscascade.org/ark:80444/xv920797,eng,"In copyright, educational use permitted. Educational use includes non-commercial reproduction of text and images in materials for teaching and research purposes. For other contexts beyond fair use, including digital reproduction, please contact the University of Idaho Library Special Collections and Archives Department at libspec@uidaho.edu. The University of Idaho Library is not liable for any violations of the law by users.",http://rightsstatements.org/vocab/InC-EDU/1.0/,R_2THMWPQBRez6JlX_SPOCS Poster for EXPO.pptx,expo2021-016.pdf,pdf,https://objects.lib.uidaho.edu/engrir/expo2021-016.pdf,https://objects.lib.uidaho.edu/engrir/small/expo2021-016_sm.jpg,https://objects.lib.uidaho.edu/engrir/thumbs/expo2021-016_th.jpg
engrir069,Infrasonic Wildfire Detection,Meridian Haas; Cory Holt; Drew Malinowski; Carlos Santos,2021,2021,"2021 Engineering Design EXPO poster entitled ""Infrasonic Wildfire Detection,"" created by Meridian Haas, Cory Holt, Drew Malinowski, Carlos Santos. University of Idaho College of Engineering, Department of Electrical and Computer Engineering.","Digital poster with text blocks, data graphs, and photographs of a group of people and a cylindrical device used to detect wildfire acoustically.",electrical engineering; engineering; instructional posters,"Moscow, Idaho",Expo Posters,"Engineering Design EXPO posters, UG 191, University of Idaho Special Collections and Archives, https://www.lib.uidaho.edu/special-collections/",expo2021-017,Text,application/pdf,https://archiveswest.orbiscascade.org/ark:80444/xv920797,eng,"In copyright, educational use permitted. Educational use includes non-commercial reproduction of text and images in materials for teaching and research purposes. For other contexts beyond fair use, including digital reproduction, please contact the University of Idaho Library Special Collections and Archives Department at libspec@uidaho.edu. The University of Idaho Library is not liable for any violations of the law by users.",http://rightsstatements.org/vocab/InC-EDU/1.0/,R_2tsOwH1OH27CJsJ_Firewatch.pptx,expo2021-017.pdf,pdf,https://objects.lib.uidaho.edu/engrir/expo2021-017.pdf,https://objects.lib.uidaho.edu/engrir/small/expo2021-017_sm.jpg,https://objects.lib.uidaho.edu/engrir/thumbs/expo2021-017_th.jpg
engrir070,USACE Steel Warehouse,Aaron Crockett; Drake Ofsthun; Ellyn Johnson; Jacob Gesh,2021,2021,"2021 Engineering Design EXPO poster entitled ""USACE Steel Warehouse,"" created by Aaron Crockett, Drake Ofsthun, Ellyn Johnson, Jacob Gesh. In the 2021 Program Guide, project is entitled ""USA Civil Engineering Steel Warehouse at McNary Dam."" University of Idaho College of Engineering, Department of Civil and Environmental Engineering.","Digital poster with text blocks, a map, and a representation of a warehouse.",civil engineering; engineering; instructional posters; warehouses,"Moscow, Idaho",Expo Posters,"Engineering Design EXPO posters, UG 191, University of Idaho Special Collections and Archives, https://www.lib.uidaho.edu/special-collections/",expo2021-018,Text,application/pdf,https://archiveswest.orbiscascade.org/ark:80444/xv920797,eng,"In copyright, educational use permitted. Educational use includes non-commercial reproduction of text and images in materials for teaching and research purposes. For other contexts beyond fair use, including digital reproduction, please contact the University of Idaho Library Special Collections and Archives Department at libspec@uidaho.edu. The University of Idaho Library is not liable for any violations of the law by users.",http://rightsstatements.org/vocab/InC-EDU/1.0/,R_2wcsih8tnC2SIaq_USACE Steel Warehouse.pptx,expo2021-018.pdf,pdf,https://objects.lib.uidaho.edu/engrir/expo2021-018.pdf,https://objects.lib.uidaho.edu/engrir/small/expo2021-018_sm.jpg,https://objects.lib.uidaho.edu/engrir/thumbs/expo2021-018_th.jpg
engrir071,Instrumentation and Data Collection for a Debaler,Hope de Avila; Nathan Stout; Benjamin Zimmerman; Evan Allen,2021,2021,"2021 Engineering Design EXPO poster entitled ""Instrumentation and Data Collection for a Debaler,"" created by Hope de Avila, Nathan Stout, Benjamin Zimmerman, Evan Allen. In the 2021 Program Guide, project is entitled ""Instrumentation, Data Collection for Debaler of Ag Materials."" University of Idaho College of Engineering, Department of Chemical and Biological Engineering.",Digital poster with text blocks and photographs of people and of a machine used to take apart bales of hay.,biological engineering; engineering; instructional posters,"Moscow, Idaho",Expo Posters,"Engineering Design EXPO posters, UG 191, University of Idaho Special Collections and Archives, https://www.lib.uidaho.edu/special-collections/",expo2021-019,Text,application/pdf,https://archiveswest.orbiscascade.org/ark:80444/xv920797,eng,"In copyright, educational use permitted. Educational use includes non-commercial reproduction of text and images in materials for teaching and research purposes. For other contexts beyond fair use, including digital reproduction, please contact the University of Idaho Library Special Collections and Archives Department at libspec@uidaho.edu. The University of Idaho Library is not liable for any violations of the law by users.",http://rightsstatements.org/vocab/InC-EDU/1.0/,R_3EuKiYNevd2xEx6_Expo Poster.pptx,expo2021-019.pdf,pdf,https://objects.lib.uidaho.edu/engrir/expo2021-019.pdf,https://objects.lib.uidaho.edu/engrir/small/expo2021-019_sm.jpg,https://objects.lib.uidaho.edu/engrir/thumbs/expo2021-019_th.jpg
engrir072,Hyster-Yale Carriage Bounce Control System,Bryce Bilderback; Nick Daquila; Sean Blatner; Conner Krezman,2021,2021,"2021 Engineering Design EXPO poster entitled ""Hyster-Yale Carriage Bounce Control System,"" created by Bryce Bilderback, Nick Daquila, Sean Blatner, Conner Krezman. University of Idaho College of Engineering, Department of Mechanical Engineering.","Digital poster with text blocks, images of a forklift, and a data graph.",mechanical engineering; engineering; instructional posters,"Moscow, Idaho",Expo Posters,"Engineering Design EXPO posters, UG 191, University of Idaho Special Collections and Archives, https://www.lib.uidaho.edu/special-collections/",expo2021-020,Text,application/pdf,https://archiveswest.orbiscascade.org/ark:80444/xv920797,eng,"In copyright, educational use permitted. Educational use includes non-commercial reproduction of text and images in materials for teaching and research purposes. For other contexts beyond fair use, including digital reproduction, please contact the University of Idaho Library Special Collections and Archives Department at libspec@uidaho.edu. The University of Idaho Library is not liable for any violations of the law by users.",http://rightsstatements.org/vocab/InC-EDU/1.0/,R_3G7cDAPnTOIMCIP_PerfectlyBalancedEngineers.pptx,expo2021-020.pdf,pdf,https://objects.lib.uidaho.edu/engrir/expo2021-020.pdf,https://objects.lib.uidaho.edu/engrir/small/expo2021-020_sm.jpg,https://objects.lib.uidaho.edu/engrir/thumbs/expo2021-020_th.jpg
engrir073,Low-Cost Satellite Attitude Determination and Control System,Finan Bryan; Lily Mortensen; Drew Pilchard; Grace Rosenvall; Harrison Thomsen,2021,2021,"2021 Engineering Design EXPO poster entitled ""Low-Cost Satellite Attitude Determination and Control System,"" created by Finan Bryan, Lily Mortensen, Drew Pilchard, Grace Rosenvall, Harrison Thomsen. In the 2021 Program Guide, project is entitled ""Satellite Attitude Determination, Communication and Control with AI."" University of Idaho College of Engineering, Department of Electrical and Computer Engineering.",Digital poster with text blocks and images of a device shaped like a square of plastic with a wheel attached to it.,electrical engineering; engineering; instructional posters; artificial satellites; spacecraft,"Moscow, Idaho",Expo Posters,"Engineering Design EXPO posters, UG 191, University of Idaho Special Collections and Archives, https://www.lib.uidaho.edu/special-collections/",expo2021-021,Text,application/pdf,https://archiveswest.orbiscascade.org/ark:80444/xv920797,eng,"In copyright, educational use permitted. Educational use includes non-commercial reproduction of text and images in materials for teaching and research purposes. For other contexts beyond fair use, including digital reproduction, please contact the University of Idaho Library Special Collections and Archives Department at libspec@uidaho.edu. The University of Idaho Library is not liable for any violations of the law by users.",http://rightsstatements.org/vocab/InC-EDU/1.0/,R_3Gct3ERRz9zuk17_ADCS_ExpoPoster.pptx,expo2021-021.pdf,pdf,https://objects.lib.uidaho.edu/engrir/expo2021-021.pdf,https://objects.lib.uidaho.edu/engrir/small/expo2021-021_sm.jpg,https://objects.lib.uidaho.edu/engrir/thumbs/expo2021-021_th.jpg
engrir074,Single-Stage Water Filter with Dual Sand Media Sizes,Jaden Cavender; Tobias Flores-Wentz; Benjamin Marek; Tayson Thompson; Blake Urie,2021,2021,"2021 Engineering Design EXPO poster entitled ""Single-Stage Water Filter with Dual Sand Media Sizes,"" created by Jaden Cavender, Tobias Flores-Wentz, Benjamin Marek, Tayson Thompson, Blake Urie. University of Idaho College of Engineering, Department of Chemical and Biological Engineering.",Digital poster with text blocks and photographs and schematics of a cuboid plastic chamber.,biological engineering; engineering; instructional posters; water filters,"Moscow, Idaho",Expo Posters,"Engineering Design EXPO posters, UG 191, University of Idaho Special Collections and Archives, https://www.lib.uidaho.edu/special-collections/",expo2021-022,Text,application/pdf,https://archiveswest.orbiscascade.org/ark:80444/xv920797,eng,"In copyright, educational use permitted. Educational use includes non-commercial reproduction of text and images in materials for teaching and research purposes. For other contexts beyond fair use, including digital reproduction, please contact the University of Idaho Library Special Collections and Archives Department at libspec@uidaho.edu. The University of Idaho Library is not liable for any violations of the law by users.",http://rightsstatements.org/vocab/InC-EDU/1.0/,R_3KJFul4XKvLXsiX_Hydration Station EXPO Poster.pptx,expo2021-022.pdf,pdf,https://objects.lib.uidaho.edu/engrir/expo2021-022.pdf,https://objects.lib.uidaho.edu/engrir/small/expo2021-022_sm.jpg,https://objects.lib.uidaho.edu/engrir/thumbs/expo2021-022_th.jpg
engrir075,Quaility Imaging,Leah Davidson; Richard Deming; Gabe Conley; Bradley Nicholas; Silpa Subedi; Luis Lopez,2021,2021,"2021 Engineering Design EXPO poster entitled ""Quaility Imaging,"" created by Leah Davidson, Richard Deming, Gabe Conley, Bradley Nicholas, Silpa Subedi, Luis Lopez. In the 2021 Program Guide, project is entitled ""Quail Egg ICU Monitor."" University of Idaho College of Engineering, Department of Chemical and Biological Engineering.",Digital poster with text blocks and photographs of quail embryos and a device for evaluating them.,biological engineering; engineering; instructional posters; quails,"Moscow, Idaho",Expo Posters,"Engineering Design EXPO posters, UG 191, University of Idaho Special Collections and Archives, https://www.lib.uidaho.edu/special-collections/",expo2021-023,Text,application/pdf,https://archiveswest.orbiscascade.org/ark:80444/xv920797,eng,"In copyright, educational use permitted. Educational use includes non-commercial reproduction of text and images in materials for teaching and research purposes. For other contexts beyond fair use, including digital reproduction, please contact the University of Idaho Library Special Collections and Archives Department at libspec@uidaho.edu. The University of Idaho Library is not liable for any violations of the law by users.",http://rightsstatements.org/vocab/InC-EDU/1.0/,R_3KYNJJfRpLBpxZy_Expo Presentation-Quaility Imaging.pptx,expo2021-023.pdf,pdf,https://objects.lib.uidaho.edu/engrir/expo2021-023.pdf,https://objects.lib.uidaho.edu/engrir/small/expo2021-023_sm.jpg,https://objects.lib.uidaho.edu/engrir/thumbs/expo2021-023_th.jpg
engrir076,Lakenet LoRa Mesh Network,Ronnie Keating; Nate Osterberg; Luke Ryssel,2021,2021,"2021 Engineering Design EXPO poster entitled ""Lakenet,"" created by Ronnie Keating, Nate Osterberg, Luke Ryssel. In the 2021 Program Guide, project is entitled ""Lakenet LoRa Mesh Network."" University of Idaho College of Engineering, Department of Computer Science.","Digital poster with text blocks, engineering schematics, and a photograph of an electronic device.",computer science; engineering; instructional posters,"Moscow, Idaho",Expo Posters,"Engineering Design EXPO posters, UG 191, University of Idaho Special Collections and Archives, https://www.lib.uidaho.edu/special-collections/",expo2021-024,Text,application/pdf,https://archiveswest.orbiscascade.org/ark:80444/xv920797,eng,"In copyright, educational use permitted. Educational use includes non-commercial reproduction of text and images in materials for teaching and research purposes. For other contexts beyond fair use, including digital reproduction, please contact the University of Idaho Library Special Collections and Archives Department at libspec@uidaho.edu. The University of Idaho Library is not liable for any violations of the law by users.",http://rightsstatements.org/vocab/InC-EDU/1.0/,R_3lAe98tCQHCTEQa_LakeNet_Capstone_Poster_PPT_Finished.pptx,expo2021-024.pdf,pdf,https://objects.lib.uidaho.edu/engrir/expo2021-024.pdf,https://objects.lib.uidaho.edu/engrir/small/expo2021-024_sm.jpg,https://objects.lib.uidaho.edu/engrir/thumbs/expo2021-024_th.jpg
engrir077,Harbor Freight Tools Building,Jill Hagen; Jorge Sencion; Anthony Storro,2021,2021,"2021 Engineering Design EXPO poster entitled ""Harbor Freight Tools Building,"" created by Jill Hagen, Jorge Sencion, Anthony Storro. In the 2021 Program Guide, project is entitled ""Harbor Freight Tools Building, Rutland, Vermont."" University of Idaho College of Engineering, Department of Civil and Environmental Engineering.","Digital poster with text blocks, data graphs, and maps of a building site.",civil engineering; engineering; instructional posters; buildings (structures),"Moscow, Idaho",Expo Posters,"Engineering Design EXPO posters, UG 191, University of Idaho Special Collections and Archives, https://www.lib.uidaho.edu/special-collections/",expo2021-025,Text,application/pdf,https://archiveswest.orbiscascade.org/ark:80444/xv920797,eng,"In copyright, educational use permitted. Educational use includes non-commercial reproduction of text and images in materials for teaching and research purposes. For other contexts beyond fair use, including digital reproduction, please contact the University of Idaho Library Special Collections and Archives Department at libspec@uidaho.edu. The University of Idaho Library is not liable for any violations of the law by users.",http://rightsstatements.org/vocab/InC-EDU/1.0/,R_3lQtgmTHn3CYrNy_Harbor Freight ToolS Building.pptx,expo2021-025.pdf,pdf,https://objects.lib.uidaho.edu/engrir/expo2021-025.pdf,https://objects.lib.uidaho.edu/engrir/small/expo2021-025_sm.jpg,https://objects.lib.uidaho.edu/engrir/thumbs/expo2021-025_th.jpg
engrir078,Tesla Coil Security Door,Justin D. Stephens; Connor Radford; Andrea Cardona; Nico Piccioni,2021,2021,"2021 Engineering Design EXPO poster entitled ""10 Tesla Coil Security Door,"" created by Justin D. Stephens, Connor Radford, Andrea Cardona, Nico Piccioni. In the 2021 Program Guide, project is entitled ""Tesla Coil Based Security System."" University of Idaho College of Engineering, Department of Electrical and Computer Engineering.","Digital poster with text blocks, images of computer generated shapes, and photographs of electronic devices.",electrical engineering; engineering; instructional posters; security systems,"Moscow, Idaho",Expo Posters,"Engineering Design EXPO posters, UG 191, University of Idaho Special Collections and Archives, https://www.lib.uidaho.edu/special-collections/",expo2021-026,Text,application/pdf,https://archiveswest.orbiscascade.org/ark:80444/xv920797,eng,"In copyright, educational use permitted. Educational use includes non-commercial reproduction of text and images in materials for teaching and research purposes. For other contexts beyond fair use, including digital reproduction, please contact the University of Idaho Library Special Collections and Archives Department at libspec@uidaho.edu. The University of Idaho Library is not liable for any violations of the law by users.",http://rightsstatements.org/vocab/InC-EDU/1.0/,R_3m3KhEcgsMhIx4A_Expo Poster Design.pptx,expo2021-026.pdf,pdf,https://objects.lib.uidaho.edu/engrir/expo2021-026.pdf,https://objects.lib.uidaho.edu/engrir/small/expo2021-026_sm.jpg,https://objects.lib.uidaho.edu/engrir/thumbs/expo2021-026_th.jpg
engrir079,Dehydrating Mustard Seed Extract,Sophia Bowen; Leslie Hurtado,2021,2021,"2021 Engineering Design EXPO poster entitled ""Dehydrating Mustard Seed Extract,"" created by Sophia Bowen, Leslie Hurtado. In the 2021 Program Guide, project is entitled ""Dehydrating Mustard Seed Extract for Bio-Pesticide."" University of Idaho College of Engineering, Department of Chemical and Biological Engineering.","Digital poster with text blocks, engineering schematics, and a photograph of a large cylindrical device.",biological engineering; engineering; instructional posters; mustard (plant),"Moscow, Idaho",Expo Posters,"Engineering Design EXPO posters, UG 191, University of Idaho Special Collections and Archives, https://www.lib.uidaho.edu/special-collections/",expo2021-027,Text,application/pdf,https://archiveswest.orbiscascade.org/ark:80444/xv920797,eng,"In copyright, educational use permitted. Educational use includes non-commercial reproduction of text and images in materials for teaching and research purposes. For other contexts beyond fair use, including digital reproduction, please contact the University of Idaho Library Special Collections and Archives Department at libspec@uidaho.edu. The University of Idaho Library is not liable for any violations of the law by users.",http://rightsstatements.org/vocab/InC-EDU/1.0/,R_3PER1j3jdTBgSll_Spicy Extract.pptx,expo2021-027.pdf,pdf,https://objects.lib.uidaho.edu/engrir/expo2021-027.pdf,https://objects.lib.uidaho.edu/engrir/small/expo2021-027_sm.jpg,https://objects.lib.uidaho.edu/engrir/thumbs/expo2021-027_th.jpg
engrir080,Stream Velocity Measurement Device,Cole Bailey; Max Rietze; Joshua Camper; Anthony Desantis,2021,2021,"2021 Engineering Design EXPO poster entitled ""Stream Velocity Measurement Device,"" created by Cole Bailey, Max Rietze, Joshua Camper, Anthony Desantis. University of Idaho College of Engineering, Department of Mechanical Engineering.","Digital poster with text blocks, photographs of a long rod and a group of people, and engineering schematics.",mechanical engineering; engineering; instructional posters,"Moscow, Idaho",Expo Posters,"Engineering Design EXPO posters, UG 191, University of Idaho Special Collections and Archives, https://www.lib.uidaho.edu/special-collections/",expo2021-028,Text,application/pdf,https://archiveswest.orbiscascade.org/ark:80444/xv920797,eng,"In copyright, educational use permitted. Educational use includes non-commercial reproduction of text and images in materials for teaching and research purposes. For other contexts beyond fair use, including digital reproduction, please contact the University of Idaho Library Special Collections and Archives Department at libspec@uidaho.edu. The University of Idaho Library is not liable for any violations of the law by users.",http://rightsstatements.org/vocab/InC-EDU/1.0/,R_3R2wTNFdXYWnfjR_Stream_Team.pptx,expo2021-028.pdf,pdf,https://objects.lib.uidaho.edu/engrir/expo2021-028.pdf,https://objects.lib.uidaho.edu/engrir/small/expo2021-028_sm.jpg,https://objects.lib.uidaho.edu/engrir/thumbs/expo2021-028_th.jpg
engrir081,Raspberry Pi II Movidius Real-Time Image Processing,Isabel Hinkle; Victoria Gehring; Oshan Karki; Jonathan Gift,2021,2021,"2021 Engineering Design EXPO poster entitled ""Raspberry Pi II Movidius Real-Time Image Processing,"" created by Isabel Hinkle, Victoria Gehring, Oshan Karki, Jonathan Gift. In the 2021 Program Guide, project is entitled ""Raspberry Pi Real Time Image Processing."" University of Idaho College of Engineering, Department of Computer Science.","Digital poster with text blocks and photographs of plants, a drone, and an elaborate camera device.",computer science; engineering; instructional posters;,"Moscow, Idaho",Expo Posters,"Engineering Design EXPO posters, UG 191, University of Idaho Special Collections and Archives, https://www.lib.uidaho.edu/special-collections/",expo2021-029,Text,application/pdf,https://archiveswest.orbiscascade.org/ark:80444/xv920797,eng,"In copyright, educational use permitted. Educational use includes non-commercial reproduction of text and images in materials for teaching and research purposes. For other contexts beyond fair use, including digital reproduction, please contact the University of Idaho Library Special Collections and Archives Department at libspec@uidaho.edu. The University of Idaho Library is not liable for any violations of the law by users.",http://rightsstatements.org/vocab/InC-EDU/1.0/,R_3s50LqlojjmyyPp_final_poster_PiAI.pptx,expo2021-029.pdf,pdf,https://objects.lib.uidaho.edu/engrir/expo2021-029.pdf,https://objects.lib.uidaho.edu/engrir/small/expo2021-029_sm.jpg,https://objects.lib.uidaho.edu/engrir/thumbs/expo2021-029_th.jpg
engrir082,Gas Phase Filtration Monitoring System,Matt Murphy-Sweet; Michael Eckhart; Jessy Faulkner,2021,2021,"2021 Engineering Design EXPO poster entitled ""Gas Phase Filtration Monitoring System,"" created by Matt Murphy-Sweet, Michael Eckhart, Jessy Faulkner. In the 2021 Program Guide, project is entitled ""Fuel Cell VOC Filtration Monitoring System."" University of Idaho College of Engineering, Department of Mechanical Engineering.","Digital poster with text blocks, engineering schematics, and a photograph of a metal cuboid device.",mechanical engineering; engineering; instructional posters,"Moscow, Idaho",Expo Posters,"Engineering Design EXPO posters, UG 191, University of Idaho Special Collections and Archives, https://www.lib.uidaho.edu/special-collections/",expo2021-030,Text,application/pdf,https://archiveswest.orbiscascade.org/ark:80444/xv920797,eng,"In copyright, educational use permitted. Educational use includes non-commercial reproduction of text and images in materials for teaching and research purposes. For other contexts beyond fair use, including digital reproduction, please contact the University of Idaho Library Special Collections and Archives Department at libspec@uidaho.edu. The University of Idaho Library is not liable for any violations of the law by users.",http://rightsstatements.org/vocab/InC-EDU/1.0/,R_3shx3sICgdSUFV7_hevel.pptx,expo2021-030.pdf,pdf,https://objects.lib.uidaho.edu/engrir/expo2021-030.pdf,https://objects.lib.uidaho.edu/engrir/small/expo2021-030_sm.jpg,https://objects.lib.uidaho.edu/engrir/thumbs/expo2021-030_th.jpg
engrir083,Smart Trip,Caleb Seely; Hunter Hawkins; Austin Penelerick; Damien Spencer,2021,2021,"2021 Engineering Design EXPO poster entitled ""Smart Trip,"" created Caleb Seely, Hunter Hawkins, Austin Penelerick, Damien Spencer. In the 2021 Program Guide, project is entitled ""Smart Trip Planning."" University of Idaho College of Engineering, Department of Computer Science.","Digital poster with text blocks, data graphs, and an image from a mapping application.",computer science; engineering; instructional posters,"Moscow, Idaho",Expo Posters,"Engineering Design EXPO posters, UG 191, University of Idaho Special Collections and Archives, https://www.lib.uidaho.edu/special-collections/",expo2021-031,Text,application/pdf,https://archiveswest.orbiscascade.org/ark:80444/xv920797,eng,"In copyright, educational use permitted. Educational use includes non-commercial reproduction of text and images in materials for teaching and research purposes. For other contexts beyond fair use, including digital reproduction, please contact the University of Idaho Library Special Collections and Archives Department at libspec@uidaho.edu. The University of Idaho Library is not liable for any violations of the law by users.",http://rightsstatements.org/vocab/InC-EDU/1.0/,R_8B1ZtPHHQIvSS5z_Smart Trip Poster.pptx,expo2021-031.pdf,pdf,https://objects.lib.uidaho.edu/engrir/expo2021-031.pdf,https://objects.lib.uidaho.edu/engrir/small/expo2021-031_sm.jpg,https://objects.lib.uidaho.edu/engrir/thumbs/expo2021-031_th.jpg
engrir084,RTDS Simulation of PV Inverter in a Small Power System,David Bowman; Lance Carr; David Lowe,2021,2021,"2021 Engineering Design EXPO poster entitled ""RTDS Simulation of PV Inverter in a Small Power System,"" created by David Bowman, Lance Carr, David Lowe. In the 2021 Program Guide, project is entitled ""RTDS Simulation of Solar Energy in a Small Power System."" University of Idaho College of Engineering, Department of Electrical and Computer Engineering.",Digital poster with text blocks and engineering schematics.,electrical engineering; engineering; instructional posters,"Moscow, Idaho",Expo Posters,"Engineering Design EXPO posters, UG 191, University of Idaho Special Collections and Archives, https://www.lib.uidaho.edu/special-collections/",expo2021-032,Text,application/pdf,https://archiveswest.orbiscascade.org/ark:80444/xv920797,eng,"In copyright, educational use permitted. Educational use includes non-commercial reproduction of text and images in materials for teaching and research purposes. For other contexts beyond fair use, including digital reproduction, please contact the University of Idaho Library Special Collections and Archives Department at libspec@uidaho.edu. The University of Idaho Library is not liable for any violations of the law by users.",http://rightsstatements.org/vocab/InC-EDU/1.0/,R_8elIOgvlMJWuQBr_Simulation Sages Expo Poster Rev1.pptx,expo2021-032.pdf,pdf,https://objects.lib.uidaho.edu/engrir/expo2021-032.pdf,https://objects.lib.uidaho.edu/engrir/small/expo2021-032_sm.jpg,https://objects.lib.uidaho.edu/engrir/thumbs/expo2021-032_th.jpg
engrir085,Cloud-Based Lab Instrumentation System,Connor Williams; Lucas Thoms; Benjamin Budai,2021,2021,"2021 Engineering Design EXPO poster entitled ""Cloud-Based Lab Instrumentation System,"" created by Connor Williams, Lucas Thoms, Benjamin Budai. University of Idaho College of Engineering, Department of Computer Science.","Digital poster with text blocks, engineering schematics, and a photograph of plants with red leaves in a greenhouse.",computer science; engineering; instructional posters,"Moscow, Idaho",Expo Posters,"Engineering Design EXPO posters, UG 191, University of Idaho Special Collections and Archives, https://www.lib.uidaho.edu/special-collections/",expo2021-033,Text,application/pdf,https://archiveswest.orbiscascade.org/ark:80444/xv920797,eng,"In copyright, educational use permitted. Educational use includes non-commercial reproduction of text and images in materials for teaching and research purposes. For other contexts beyond fair use, including digital reproduction, please contact the University of Idaho Library Special Collections and Archives Department at libspec@uidaho.edu. The University of Idaho Library is not liable for any violations of the law by users.",http://rightsstatements.org/vocab/InC-EDU/1.0/,R_8pjlRPphFIiYqiJ_Expo-poster-SiloSystems.pdf,expo2021-033.pdf,pdf,https://objects.lib.uidaho.edu/engrir/expo2021-033.pdf,https://objects.lib.uidaho.edu/engrir/small/expo2021-033_sm.jpg,https://objects.lib.uidaho.edu/engrir/thumbs/expo2021-033_th.jpg
engrir086,US-95: Deep Creek Bridge Replacement,Daniel Brands; Tony Clay; Cody Peters; Jade Williams,2021,2021,"2021 Engineering Design EXPO poster entitled ""US-95: Deep Creek Bridge Replacement,"" created by Daniel Brands, Tony Clay, Cody Peters, Jade Williams. University of Idaho College of Engineering, Department of Civil and Environmental Engineering.","Digital poster with text blocks, a computer generated image of a bridge over a creek, and data graphs.",civil engineering; engineering; instructional posters; bridges (built works),"Moscow, Idaho",Expo Posters,"Engineering Design EXPO posters, UG 191, University of Idaho Special Collections and Archives, https://www.lib.uidaho.edu/special-collections/",expo2021-034,Text,application/pdf,https://archiveswest.orbiscascade.org/ark:80444/xv920797,eng,"In copyright, educational use permitted. Educational use includes non-commercial reproduction of text and images in materials for teaching and research purposes. For other contexts beyond fair use, including digital reproduction, please contact the University of Idaho Library Special Collections and Archives Department at libspec@uidaho.edu. The University of Idaho Library is not liable for any violations of the law by users.",http://rightsstatements.org/vocab/InC-EDU/1.0/,R_9GlvWT5EfgMVLrP_Deep Creek Poster Final.pptx,expo2021-034.pdf,pdf,https://objects.lib.uidaho.edu/engrir/expo2021-034.pdf,https://objects.lib.uidaho.edu/engrir/small/expo2021-034_sm.jpg,https://objects.lib.uidaho.edu/engrir/thumbs/expo2021-034_th.jpg
engrir087,Indiana Avenue and Homedale Road Intersection Redesign,Cameron May-Penelerick; Eric Mulligan; Saurav Neupane; Jordan Thompson,2021,2021,"2021 Engineering Design EXPO poster entitled ""Indiana Avenue and Homedale Road Intersection Redesign,"" created by Cameron May-Penelerick, Eric Mulligan, Saurav Neupane, Jordan Thompson. University of Idaho College of Engineering, Department of Civil and Environmental Engineering.","Digital poster with text blocks, an aerial image of a road intersection, and data graphs",civil engineering; engineering; instructional posters; intersections,"Moscow, Idaho",Expo Posters,"Engineering Design EXPO posters, UG 191, University of Idaho Special Collections and Archives, https://www.lib.uidaho.edu/special-collections/",expo2021-035,Text,application/pdf,https://archiveswest.orbiscascade.org/ark:80444/xv920797,eng,"In copyright, educational use permitted. Educational use includes non-commercial reproduction of text and images in materials for teaching and research purposes. For other contexts beyond fair use, including digital reproduction, please contact the University of Idaho Library Special Collections and Archives Department at libspec@uidaho.edu. The University of Idaho Library is not liable for any violations of the law by users.",http://rightsstatements.org/vocab/InC-EDU/1.0/,R_9QAIJR5bJbjdWdX_Indiana Ave and Homedale Rd Intersection Redesign.pptx,expo2021-035.pdf,pdf,https://objects.lib.uidaho.edu/engrir/expo2021-035.pdf,https://objects.lib.uidaho.edu/engrir/small/expo2021-035_sm.jpg,https://objects.lib.uidaho.edu/engrir/thumbs/expo2021-035_th.jpg
engrir088,Low-Cost Satellite Communication for CubeSats,Joseph Dennison; Robert Goes; Cosette King; Taegan Williams,2021,2021,"2021 Engineering Design EXPO poster entitled ""Low-Cost Satellite Communication for CubeSats,"" created by Joseph Dennison, Robert Goes, Cosette King, Taegan Williams. In the 2021 Program Guide, project is entitled ""Satellite Attitude Determination, Communication and Control with AI."" University of Idaho College of Engineering, Department of Electrical and Computer Engineering.","Digital poster with text blocks, engineering schematics, and a computer generated image of a satellite in orbit around the Earth.",electrical engineering; engineering; instructional posters; artificial satellites; spacecraft,"Moscow, Idaho",Expo Posters,"Engineering Design EXPO posters, UG 191, University of Idaho Special Collections and Archives, https://www.lib.uidaho.edu/special-collections/",expo2021-036,Text,application/pdf,https://archiveswest.orbiscascade.org/ark:80444/xv920797,eng,"In copyright, educational use permitted. Educational use includes non-commercial reproduction of text and images in materials for teaching and research purposes. For other contexts beyond fair use, including digital reproduction, please contact the University of Idaho Library Special Collections and Archives Department at libspec@uidaho.edu. The University of Idaho Library is not liable for any violations of the law by users.",http://rightsstatements.org/vocab/InC-EDU/1.0/,R_32MeaY1S0clDV1X_9523_Expo_poster_final.pptx,expo2021-036.pdf,pdf,https://objects.lib.uidaho.edu/engrir/expo2021-036.pdf,https://objects.lib.uidaho.edu/engrir/small/expo2021-036_sm.jpg,https://objects.lib.uidaho.edu/engrir/thumbs/expo2021-036_th.jpg
engrir089,FPGA Data Acquisition and Control,Jacob Jackson; Taylor Stewart; Cameron Williams,2021,2021,"2021 Engineering Design EXPO poster entitled ""FPGA Data Acquisition and Control,"" created by Jacob Jackson, Taylor Stewart, Cameron Williams. University of Idaho College of Engineering, Department of Electrical and Computer Engineering.","Digital poster with text blocks, engineering schematics, data graphs, and images of electronic devices.",electrical engineering; engineering; instructional posters,"Moscow, Idaho",Expo Posters,"Engineering Design EXPO posters, UG 191, University of Idaho Special Collections and Archives, https://www.lib.uidaho.edu/special-collections/",expo2021-037,Text,application/pdf,https://archiveswest.orbiscascade.org/ark:80444/xv920797,eng,"In copyright, educational use permitted. Educational use includes non-commercial reproduction of text and images in materials for teaching and research purposes. For other contexts beyond fair use, including digital reproduction, please contact the University of Idaho Library Special Collections and Archives Department at libspec@uidaho.edu. The University of Idaho Library is not liable for any violations of the law by users.",http://rightsstatements.org/vocab/InC-EDU/1.0/,R_33wgLCEsuVLywG1_Expo Poster.pptx,expo2021-037.pdf,pdf,https://objects.lib.uidaho.edu/engrir/expo2021-037.pdf,https://objects.lib.uidaho.edu/engrir/small/expo2021-037_sm.jpg,https://objects.lib.uidaho.edu/engrir/thumbs/expo2021-037_th.jpg
engrir090,Low-Cost Controllable Hypoxia Chamber for Exploring Stem Cell Behavior,Andrew Hartman; Jacob Knudson; Colin Marchus; Alexandra Morrison; Isabell Strawn,2021,2021,"2021 Engineering Design EXPO poster entitled ""Low-Cost Controllable Hypoxia Chamber for Exploring Stem Cell Behavior,"" created by Andrew Hartman, Jacob Knudson, Colin Marchus, Alexandra Morrison, Isabell Strawn. University of Idaho College of Engineering, Department of Chemical and Biological Engineering.","Digital poster with text blocks, engineering schematics, data graphs, and a photograph of a group of people.",biological engineering; engineering; instructional posters,"Moscow, Idaho",Expo Posters,"Engineering Design EXPO posters, UG 191, University of Idaho Special Collections and Archives, https://www.lib.uidaho.edu/special-collections/",expo2021-038,Text,application/pdf,https://archiveswest.orbiscascade.org/ark:80444/xv920797,eng,"In copyright, educational use permitted. Educational use includes non-commercial reproduction of text and images in materials for teaching and research purposes. For other contexts beyond fair use, including digital reproduction, please contact the University of Idaho Library Special Collections and Archives Department at libspec@uidaho.edu. The University of Idaho Library is not liable for any violations of the law by users.",http://rightsstatements.org/vocab/InC-EDU/1.0/,R_77fjKevNqOBFu0N_HYPEngineers.pptx,expo2021-038.pdf,pdf,https://objects.lib.uidaho.edu/engrir/expo2021-038.pdf,https://objects.lib.uidaho.edu/engrir/small/expo2021-038_sm.jpg,https://objects.lib.uidaho.edu/engrir/thumbs/expo2021-038_th.jpg
engrir091,Oil Refinery Update Design and Economic Analysis,Malacki Ginner; Luke Huguenin; Will Morgano; Levi Thomsen,2021,2021,"2021 Engineering Design EXPO poster entitled ""Oil Refinery Update Design and Economic Analysis,"" created by Malacki Ginner, Luke Huguenin, Will Morgano, Levi Thomsen. University of Idaho College of Engineering, Department of Chemical and Biological Engineering.",Digital poster with text blocks and engineering schematics.,chemical engineering; engineering; instructional posters; oil refineries,"Moscow, Idaho",Expo Posters,"Engineering Design EXPO posters, UG 191, University of Idaho Special Collections and Archives, https://www.lib.uidaho.edu/special-collections/",expo2021-039,Text,application/pdf,https://archiveswest.orbiscascade.org/ark:80444/xv920797,eng,"In copyright, educational use permitted. Educational use includes non-commercial reproduction of text and images in materials for teaching and research purposes. For other contexts beyond fair use, including digital reproduction, please contact the University of Idaho Library Special Collections and Archives Department at libspec@uidaho.edu. The University of Idaho Library is not liable for any violations of the law by users.",http://rightsstatements.org/vocab/InC-EDU/1.0/,R_bCbv8uI3r4grXnb_Oil Refinery Update Design and Economic Analysis.pptx,expo2021-039.pdf,pdf,https://objects.lib.uidaho.edu/engrir/expo2021-039.pdf,https://objects.lib.uidaho.edu/engrir/small/expo2021-039_sm.jpg,https://objects.lib.uidaho.edu/engrir/thumbs/expo2021-039_th.jpg
engrir092,ME Scheduling Software 2.0,Sydney Petrehn; Trinity Paulsen; Joshua Tan,2021,2021,"2021 Engineering Design EXPO poster entitled ""ME Scheduling Software 2.0,"" created by Sydney Petrehn, Trinity Paulsen, Joshua Tan. In the 2021 Program Guide, project is entitled ""Mechanical Engineering Scheduling Software."" University of Idaho College of Engineering, Department of Computer Science.",Digital poster with text blocks and data graphs.,computer science; engineering; instructional posters,"Moscow, Idaho",Expo Posters,"Engineering Design EXPO posters, UG 191, University of Idaho Special Collections and Archives, https://www.lib.uidaho.edu/special-collections/",expo2021-040,Text,application/pdf,https://archiveswest.orbiscascade.org/ark:80444/xv920797,eng,"In copyright, educational use permitted. Educational use includes non-commercial reproduction of text and images in materials for teaching and research purposes. For other contexts beyond fair use, including digital reproduction, please contact the University of Idaho Library Special Collections and Archives Department at libspec@uidaho.edu. The University of Idaho Library is not liable for any violations of the law by users.",http://rightsstatements.org/vocab/InC-EDU/1.0/,R_e9veufNN9NINYUp_Expo Poster.pptx,expo2021-040.pdf,pdf,https://objects.lib.uidaho.edu/engrir/expo2021-040.pdf,https://objects.lib.uidaho.edu/engrir/small/expo2021-040_sm.jpg,https://objects.lib.uidaho.edu/engrir/thumbs/expo2021-040_th.jpg
engrir093,Enterprise Virtualization in Minecraft,Graeme Holliday; Blake Rude; Nathan Zander,2021,2021,"2021 Engineering Design EXPO poster entitled ""Enterprise Virtualization in Minecraft,"" created by Graeme Holliday, Blake Rude, Nathan Zander. University of Idaho College of Engineering, Department of Computer Science.",Digital poster with text blocks and imagery from a blocky computer game.,computer science; engineering; instructional posters; video games,"Moscow, Idaho",Expo Posters,"Engineering Design EXPO posters, UG 191, University of Idaho Special Collections and Archives, https://www.lib.uidaho.edu/special-collections/",expo2021-041,Text,application/pdf,https://archiveswest.orbiscascade.org/ark:80444/xv920797,eng,"In copyright, educational use permitted. Educational use includes non-commercial reproduction of text and images in materials for teaching and research purposes. For other contexts beyond fair use, including digital reproduction, please contact the University of Idaho Library Special Collections and Archives Department at libspec@uidaho.edu. The University of Idaho Library is not liable for any violations of the law by users.",http://rightsstatements.org/vocab/InC-EDU/1.0/,R_eqYP2YB0zk5tzGh_VMCraft-Poster.pptx,expo2021-041.pdf,pdf,https://objects.lib.uidaho.edu/engrir/expo2021-041.pdf,https://objects.lib.uidaho.edu/engrir/small/expo2021-041_sm.jpg,https://objects.lib.uidaho.edu/engrir/thumbs/expo2021-041_th.jpg
engrir094,Ponderosa Lift Station Replacement,Alexus Connor; Michael Spiers; Sam Gibson; Alexis Brooks,2021,2021,"2021 Engineering Design EXPO poster entitled ""Ponderosa Lift Station Replacement,"" created by Alexus Connor, Michael Spiers, Sam Gibson, Alexis Brooks. In the 2021 Program Guide, project is entitled ""Ponderosa Lift Station Replacement in Post Falls, Idaho."" University of Idaho College of Engineering, Department of Civil and Environmental Engineering.","Digital poster with text blocks, engineering schematics, and data graphs.",civil engineering; engineering; instructional posters,"Moscow, Idaho",Expo Posters,"Engineering Design EXPO posters, UG 191, University of Idaho Special Collections and Archives, https://www.lib.uidaho.edu/special-collections/",expo2021-042,Text,application/pdf,https://archiveswest.orbiscascade.org/ark:80444/xv920797,eng,"In copyright, educational use permitted. Educational use includes non-commercial reproduction of text and images in materials for teaching and research purposes. For other contexts beyond fair use, including digital reproduction, please contact the University of Idaho Library Special Collections and Archives Department at libspec@uidaho.edu. The University of Idaho Library is not liable for any violations of the law by users.",http://rightsstatements.org/vocab/InC-EDU/1.0/,R_OMV7DjifKApojMR_PonderosaLiftStationReplacement.pptx,expo2021-042.pdf,pdf,https://objects.lib.uidaho.edu/engrir/expo2021-042.pdf,https://objects.lib.uidaho.edu/engrir/small/expo2021-042_sm.jpg,https://objects.lib.uidaho.edu/engrir/thumbs/expo2021-042_th.jpg
engrir095,Evaluation of Nanotechnology Coating for Electrical Enclosure Applications,Mark Currier; Kyle Mays; Tyler Wallace; Cassidy Story,2021,2021,"2021 Engineering Design EXPO poster entitled ""Evaluation of Nanotechnology Coating for Electrical Enclosure Applications,"" created by Mark Currier, Kyle Mays, Tyler Wallace, Cassidy Story. University of Idaho College of Engineering, Department of Mechanical Engineering.",Digital poster with text blocks and photographs of wooden boxes and metal electrical boxes.,mechanical engineering; engineering; instructional posters; nanotechnology,"Moscow, Idaho",Expo Posters,"Engineering Design EXPO posters, UG 191, University of Idaho Special Collections and Archives, https://www.lib.uidaho.edu/special-collections/",expo2021-043,Text,application/pdf,https://archiveswest.orbiscascade.org/ark:80444/xv920797,eng,"In copyright, educational use permitted. Educational use includes non-commercial reproduction of text and images in materials for teaching and research purposes. For other contexts beyond fair use, including digital reproduction, please contact the University of Idaho Library Special Collections and Archives Department at libspec@uidaho.edu. The University of Idaho Library is not liable for any violations of the law by users.",http://rightsstatements.org/vocab/InC-EDU/1.0/,R_p3DFofpxJXAYlup_Nanovandalizers.pptx,expo2021-043.pdf,pdf,https://objects.lib.uidaho.edu/engrir/expo2021-043.pdf,https://objects.lib.uidaho.edu/engrir/small/expo2021-043_sm.jpg,https://objects.lib.uidaho.edu/engrir/thumbs/expo2021-043_th.jpg
engrir096,Developing a Continuous Process to Recover Precious Metals from Electronic Waste by Use of ATF Ligand,Austin Greule; Chad Larsen; Marquis Atkinson; Mohsen Almalki,2021,2021,"2021 Engineering Design EXPO poster entitled ""Developing a Continuous Process to Recover Precious Metals from Electronic Waste by Use of ATF Ligand,"" created by Austin Greule, Chad Larsen, Marquis Atkinson. In the 2021 Program Guide, project is entitled ""Recovering Precious Metals from Electronic Waste by Using a Ligand."" University of Idaho College of Engineering, Department of Chemical and Biological Engineering.","Digital poster with text blocks, engineering schematics, and photographs of waste metal.",chemical engineering; engineering; instructional posters; precious metal,"Moscow, Idaho",Expo Posters,"Engineering Design EXPO posters, UG 191, University of Idaho Special Collections and Archives, https://www.lib.uidaho.edu/special-collections/",expo2021-044,Text,application/pdf,https://archiveswest.orbiscascade.org/ark:80444/xv920797,eng,"In copyright, educational use permitted. Educational use includes non-commercial reproduction of text and images in materials for teaching and research purposes. For other contexts beyond fair use, including digital reproduction, please contact the University of Idaho Library Special Collections and Archives Department at libspec@uidaho.edu. The University of Idaho Library is not liable for any violations of the law by users.",http://rightsstatements.org/vocab/InC-EDU/1.0/,R_PANcdiosySFdghH_ATF Team EXPO Poster .pptx,expo2021-044.pdf,pdf,https://objects.lib.uidaho.edu/engrir/expo2021-044.pdf,https://objects.lib.uidaho.edu/engrir/small/expo2021-044_sm.jpg,https://objects.lib.uidaho.edu/engrir/thumbs/expo2021-044_th.jpg
engrir097,Manufacturing Process for Infection Preventing Catheter,Matt Hodgson; Nik Gillihan; Tyler Haglund,2021,2021,"2021 Engineering Design EXPO poster entitled ""Manufacturing Process for Infection Preventing Catheter,"" created by Matt Hodgson, Nik Gillihan, Tyler Haglund. In the 2021 Program Guide, project is entitled ""Manufacturing Process for Infection-Preventing Foley Catheter."" University of Idaho College of Engineering, Department of Mechanical Engineering.",Digital poster with text blocks and photographs of elongated plastic bowls.,mechanical engineering; engineering; instructional posters; medical equipment,"Moscow, Idaho",Expo Posters,"Engineering Design EXPO posters, UG 191, University of Idaho Special Collections and Archives, https://www.lib.uidaho.edu/special-collections/",expo2021-045,Text,application/pdf,https://archiveswest.orbiscascade.org/ark:80444/xv920797,eng,"In copyright, educational use permitted. Educational use includes non-commercial reproduction of text and images in materials for teaching and research purposes. For other contexts beyond fair use, including digital reproduction, please contact the University of Idaho Library Special Collections and Archives Department at libspec@uidaho.edu. The University of Idaho Library is not liable for any violations of the law by users.",http://rightsstatements.org/vocab/InC-EDU/1.0/,R_qI1IRe6mR6ahoqJ_Team Manity Engineering Expo Poster.pptx,expo2021-045.pdf,pdf,https://objects.lib.uidaho.edu/engrir/expo2021-045.pdf,https://objects.lib.uidaho.edu/engrir/small/expo2021-045_sm.jpg,https://objects.lib.uidaho.edu/engrir/thumbs/expo2021-045_th.jpg
engrir098,Smooth Arthroscopic Shaver,Jett Murray; Lucas Dibelius; Ryan Crowell; Maclean Landis,2021,2021,"2021 Engineering Design EXPO poster entitled ""Smooth Arthroscopic Shaver,"" created by Jett Murray, Lucas Dibelius, Ryan Crowell, Maclean Landis. In the 2021 Program Guide, project is entitled ""Smooth Shaving Device for Arthroscopic Surgeries."" University of Idaho College of Engineering, Department of Chemical and Biological Engineering.",Digital poster with text blocks and images of a gun-like device and bones with holes drilled in them.,biological engineering; engineering; instructional posters; medical equipment,"Moscow, Idaho",Expo Posters,"Engineering Design EXPO posters, UG 191, University of Idaho Special Collections and Archives, https://www.lib.uidaho.edu/special-collections/",expo2021-046,Text,application/pdf,https://archiveswest.orbiscascade.org/ark:80444/xv920797,eng,"In copyright, educational use permitted. Educational use includes non-commercial reproduction of text and images in materials for teaching and research purposes. For other contexts beyond fair use, including digital reproduction, please contact the University of Idaho Library Special Collections and Archives Department at libspec@uidaho.edu. The University of Idaho Library is not liable for any violations of the law by users.",http://rightsstatements.org/vocab/InC-EDU/1.0/,R_SDlDZZZO9faPfUZ_Smooth Arthroscopic Shaver Final Poster.pptx,expo2021-046.pdf,pdf,https://objects.lib.uidaho.edu/engrir/expo2021-046.pdf,https://objects.lib.uidaho.edu/engrir/small/expo2021-046_sm.jpg,https://objects.lib.uidaho.edu/engrir/thumbs/expo2021-046_th.jpg
engrir099,Timber Bridge and Stream Restoration,Bence Dare; Jacob Laraway; Nikki Lorvick; Justin Pitcher,2021,2021,"2021 Engineering Design EXPO poster entitled ""Timber Bridge and Stream Restoration,"" created by Bence Dare, Jacob Laraway, Nikki Lorvick, Justin Pitcher. In the 2021 Program Guide, project is entitled ""UIEF Timber Bridge and Stream Restoration."" University of Idaho College of Engineering, Department of Civil and Environmental Engineering.",Digital poster with text blocks and images of bridges over streams.,civil engineering; engineering; instructional posters; bridges (built works),"Moscow, Idaho",Expo Posters,"Engineering Design EXPO posters, UG 191, University of Idaho Special Collections and Archives, https://www.lib.uidaho.edu/special-collections/",expo2021-047,Text,application/pdf,https://archiveswest.orbiscascade.org/ark:80444/xv920797,eng,"In copyright, educational use permitted. Educational use includes non-commercial reproduction of text and images in materials for teaching and research purposes. For other contexts beyond fair use, including digital reproduction, please contact the University of Idaho Library Special Collections and Archives Department at libspec@uidaho.edu. The University of Idaho Library is not liable for any violations of the law by users.",http://rightsstatements.org/vocab/InC-EDU/1.0/,R_TbbjZlVIjjAfdgR_UIEFTimberBridge&StreamRestoration.pptx,expo2021-047.pdf,pdf,https://objects.lib.uidaho.edu/engrir/expo2021-047.pdf,https://objects.lib.uidaho.edu/engrir/small/expo2021-047_sm.jpg,https://objects.lib.uidaho.edu/engrir/thumbs/expo2021-047_th.jpg
engrir100,Finger 2.0 Thumb Exoskeleton,Avery Frazier; Ryan Burr; Royal Elder,2021,2021,"2021 Engineering Design EXPO poster entitled ""Finger 2.0 Thumb Exoskeleton,"" created by Avery Frazier, Ryan Burr, Royal Elder. In the 2021 Program Guide, project is entitled ""Thumb Exoskeleton Mechanical Design."" University of Idaho College of Engineering, Department of Mechanical Engineering.",Digital poster with text blocks and images of an elaborate device that attaches to a human arm.,mechanical engineering; engineering; instructional posters; medical equipment,"Moscow, Idaho",Expo Posters,"Engineering Design EXPO posters, UG 191, University of Idaho Special Collections and Archives, https://www.lib.uidaho.edu/special-collections/",expo2021-048,Text,application/pdf,https://archiveswest.orbiscascade.org/ark:80444/xv920797,eng,"In copyright, educational use permitted. Educational use includes non-commercial reproduction of text and images in materials for teaching and research purposes. For other contexts beyond fair use, including digital reproduction, please contact the University of Idaho Library Special Collections and Archives Department at libspec@uidaho.edu. The University of Idaho Library is not liable for any violations of the law by users.",http://rightsstatements.org/vocab/InC-EDU/1.0/,R_ZDHBjwWWm7MX1rr_Thumb Exoskeleton Mechanical Design Expo Poster.pptx,expo2021-048.pdf,pdf,https://objects.lib.uidaho.edu/engrir/expo2021-048.pdf,https://objects.lib.uidaho.edu/engrir/small/expo2021-048_sm.jpg,https://objects.lib.uidaho.edu/engrir/thumbs/expo2021-048_th.jpg
engrir101,Trash2Gas: Implementing anaerobic digester kits into school curriculums to improve waste management education,Kaitlyn Lindholm; Devin Richards; Holly Terrill; Anson Lunstrum,2021,2021,"2021 Engineering Design EXPO poster entitled ""Trash2Gas: Implementing anaerobic digester kits into school curriculums to improve waste management education,"" created by Kaitlyn Lindholm, Devin Richards, Holly Terrill, Anson Lunstrum. University of Idaho College of Engineering.",Digital poster with text blocks and images of groups of people and of a black plastic barrel.,engineering; instructional posters; waste management,"Moscow, Idaho",Expo Posters,"Engineering Design EXPO posters, UG 191, University of Idaho Special Collections and Archives, https://www.lib.uidaho.edu/special-collections/",expo2021-049,Text,application/pdf,https://archiveswest.orbiscascade.org/ark:80444/xv920797,eng,"In copyright, educational use permitted. Educational use includes non-commercial reproduction of text and images in materials for teaching and research purposes. For other contexts beyond fair use, including digital reproduction, please contact the University of Idaho Library Special Collections and Archives Department at libspec@uidaho.edu. The University of Idaho Library is not liable for any violations of the law by users.",http://rightsstatements.org/vocab/InC-EDU/1.0/,Slide1.jpg,expo2021-049.pdf,pdf,https://objects.lib.uidaho.edu/engrir/expo2021-049.pdf,https://objects.lib.uidaho.edu/engrir/small/expo2021-049_sm.jpg,https://objects.lib.uidaho.edu/engrir/thumbs/expo2021-049_th.jpg
engrir102,Debaling Agricultural Materials for Bioprocessing Industries: Implementing an Anti-Clogging Algorithm,Ahmed Almahie; Austin Crofoot; Kevin Russell,2022,2022,"2022 Engineering Design EXPO poster entitled ""Debaling Agricultural Materials for Bioprocessing Industries: Implementing an Anti-Clogging Algorithm,"" created by Kaitlyn Lindholm, Devin Richards, Holly Terrill, Anson Lunstrum. University of Idaho College of Engineering, Department of Electrical and Computer Engineering.","Digital poster with text blocks, engineering schematics, and photographs of a group of people and of a device for taking apart bales of hay.",electrical engineering; engineering; instructional posters,"Moscow, Idaho",Expo Posters,"Engineering Design EXPO posters, UG 191, University of Idaho Special Collections and Archives, https://www.lib.uidaho.edu/special-collections/",expo2022-001,Text,application/pdf,https://archiveswest.orbiscascade.org/ark:80444/xv920797,eng,"In copyright, educational use permitted. Educational use includes non-commercial reproduction of text and images in materials for teaching and research purposes. For other contexts beyond fair use, including digital reproduction, please contact the University of Idaho Library Special Collections and Archives Department at libspec@uidaho.edu. The University of Idaho Library is not liable for any violations of the law by users.",http://rightsstatements.org/vocab/InC-EDU/1.0/,BaleBusters_EXPOPoster.pdf,expo2022-001.pdf,pdf,https://objects.lib.uidaho.edu/engrir/expo2022-001.pdf,https://objects.lib.uidaho.edu/engrir/small/expo2022-001_sm.jpg,https://objects.lib.uidaho.edu/engrir/thumbs/expo2022-001_th.jpg
engrir103,SR-248 Shoulder Running Bus Lane,Fatema Altoubi; Hannah Doyle; Grace Olson; Miller Thurman,2022,2022,"2022 Engineering Design EXPO poster entitled ""SR-248 Shoulder Running Bus Lane,"" created by Fatema Altoubi, Hannah Doyle, Grace Olson, Miller Thurman. University of Idaho College of Engineering, Department of Civil and Environmental Engineering.","Digital poster with text blocks, data graphs, and aerial images of a road.",civil engineering; engineering; instructional posters; roads,"Moscow, Idaho",Expo Posters,"Engineering Design EXPO posters, UG 191, University of Idaho Special Collections and Archives, https://www.lib.uidaho.edu/special-collections/",expo2022-002,Text,application/pdf,https://archiveswest.orbiscascade.org/ark:80444/xv920797,eng,"In copyright, educational use permitted. Educational use includes non-commercial reproduction of text and images in materials for teaching and research purposes. For other contexts beyond fair use, including digital reproduction, please contact the University of Idaho Library Special Collections and Archives Department at libspec@uidaho.edu. The University of Idaho Library is not liable for any violations of the law by users.",http://rightsstatements.org/vocab/InC-EDU/1.0/,Civil Engineering-Shoulder Running Bus.pdf,expo2022-002.pdf,pdf,https://objects.lib.uidaho.edu/engrir/expo2022-002.pdf,https://objects.lib.uidaho.edu/engrir/small/expo2022-002_sm.jpg,https://objects.lib.uidaho.edu/engrir/thumbs/expo2022-002_th.jpg
engrir104,Continuous Biochar Reactor to Improve Crop Nutrient and Water Retention,Slade Castle; Matthew Evans; Kaitlyn Harvey; Matthew Kraak; Xiangchen Wei,2022,2022,"2022 Engineering Design EXPO poster entitled ""Continuous Biochar Reactor to Improve Crop Nutrient and Water Retention,"" created by Slade Castle, Matthew Evans, Kaitlyn Harvey, Matthew Kraak, Xiangchen Wei. University of Idaho College of Engineering, Department of Chemical and Biological Engineering.","Digital poster with text blocks, data graphs, and images of an elongated device atop a metal cart.",biological engineering; engineering; instructional posters,"Moscow, Idaho",Expo Posters,"Engineering Design EXPO posters, UG 191, University of Idaho Special Collections and Archives, https://www.lib.uidaho.edu/special-collections/",expo2022-003,Text,application/pdf,https://archiveswest.orbiscascade.org/ark:80444/xv920797,eng,"In copyright, educational use permitted. Educational use includes non-commercial reproduction of text and images in materials for teaching and research purposes. For other contexts beyond fair use, including digital reproduction, please contact the University of Idaho Library Special Collections and Archives Department at libspec@uidaho.edu. The University of Idaho Library is not liable for any violations of the law by users.",http://rightsstatements.org/vocab/InC-EDU/1.0/,BioChargers_EXPO2022.pdf,expo2022-003.pdf,pdf,https://objects.lib.uidaho.edu/engrir/expo2022-003.pdf,https://objects.lib.uidaho.edu/engrir/small/expo2022-003_sm.jpg,https://objects.lib.uidaho.edu/engrir/thumbs/expo2022-003_th.jpg
engrir105,Portable Biodiesel Production System,Truman Baker; Andoni Bieter; Logan Lee; Jacques Vos,2022,2022,"2022 Engineering Design EXPO poster entitled ""Portable Biodiesel Production System,"" created by Truman Baker, Andoni Bieter, Logan Lee, Jacques Vos. University of Idaho College of Engineering, Department of Chemical and Biological Engineering.","Digital poster with text blocks, engineering schematics, and photographs of electronic devices inside of a black plastic carrying case.",biological engineering; engineering; instructional posters,"Moscow, Idaho",Expo Posters,"Engineering Design EXPO posters, UG 191, University of Idaho Special Collections and Archives, https://www.lib.uidaho.edu/special-collections/",expo2022-004,Text,application/pdf,https://archiveswest.orbiscascade.org/ark:80444/xv920797,eng,"In copyright, educational use permitted. Educational use includes non-commercial reproduction of text and images in materials for teaching and research purposes. For other contexts beyond fair use, including digital reproduction, please contact the University of Idaho Library Special Collections and Archives Department at libspec@uidaho.edu. The University of Idaho Library is not liable for any violations of the law by users.",http://rightsstatements.org/vocab/InC-EDU/1.0/,Biodiesel_EXPO_Poster.pdf,expo2022-004.pdf,pdf,https://objects.lib.uidaho.edu/engrir/expo2022-004.pdf,https://objects.lib.uidaho.edu/engrir/small/expo2022-004_sm.jpg,https://objects.lib.uidaho.edu/engrir/thumbs/expo2022-004_th.jpg
engrir106,Shear Stress Bioreactor to Study Mechanobiology of Stem Cells,Biran Penney; Lola Bangudu; Nikhil Nayar; Sonja Tollefson,2022,2022,"2022 Engineering Design EXPO poster entitled ""Shear Stress Bioreactor to Study Mechanobiology of Stem Cells,"" created by Brian Penney, Lola Bangudu, Nikhil Nayar, Sonja Tollefson. University of Idaho College of Engineering, Department of Chemical and Biological Engineering.","Digital poster with text blocks, engineering schematics, and photographs of various laboratory equipment.",biological engineering; engineering; instructional posters,"Moscow, Idaho",Expo Posters,"Engineering Design EXPO posters, UG 191, University of Idaho Special Collections and Archives, https://www.lib.uidaho.edu/special-collections/",expo2022-005,Text,application/pdf,https://archiveswest.orbiscascade.org/ark:80444/xv920797,eng,"In copyright, educational use permitted. Educational use includes non-commercial reproduction of text and images in materials for teaching and research purposes. For other contexts beyond fair use, including digital reproduction, please contact the University of Idaho Library Special Collections and Archives Department at libspec@uidaho.edu. The University of Idaho Library is not liable for any violations of the law by users.",http://rightsstatements.org/vocab/InC-EDU/1.0/,Capstone - Shear Stress Bioreactor Posterboard (Master).pdf,expo2022-005.pdf,pdf,https://objects.lib.uidaho.edu/engrir/expo2022-005.pdf,https://objects.lib.uidaho.edu/engrir/small/expo2022-005_sm.jpg,https://objects.lib.uidaho.edu/engrir/thumbs/expo2022-005_th.jpg
engrir107,Bunker Hill Mining Cap,Adrian De Kruyf; Steven Knight; Conner Wootton,2022,2022,"2022 Engineering Design EXPO poster entitled ""Bunker Hill Mining Cap,"" created by Adrian De Kruyf, Steven Knight, Conner Wootton. In the 2022 Program Guide, project is entitled ""Acid Mine Drainage Prevention at Bunker Hill Mine."" University of Idaho College of Engineering, Department of Chemical and Biological Engineering.","Digital poster with text blocks and images depicting a mine from the side, from above, and within its tunnels.",chemical engineering; engineering; instructional posters; mining,"Moscow, Idaho",Expo Posters,"Engineering Design EXPO posters, UG 191, University of Idaho Special Collections and Archives, https://www.lib.uidaho.edu/special-collections/",expo2022-006,Text,application/pdf,https://archiveswest.orbiscascade.org/ark:80444/xv920797,eng,"In copyright, educational use permitted. Educational use includes non-commercial reproduction of text and images in materials for teaching and research purposes. For other contexts beyond fair use, including digital reproduction, please contact the University of Idaho Library Special Collections and Archives Department at libspec@uidaho.edu. The University of Idaho Library is not liable for any violations of the law by users.",http://rightsstatements.org/vocab/InC-EDU/1.0/,Bunker Hill Expo Poster Final.pdf,expo2022-006.pdf,pdf,https://objects.lib.uidaho.edu/engrir/expo2022-006.pdf,https://objects.lib.uidaho.edu/engrir/small/expo2022-006_sm.jpg,https://objects.lib.uidaho.edu/engrir/thumbs/expo2022-006_th.jpg
engrir108,Camp Sweyolakan Water Facility Plan and Upgrade,Willow Crites; Ben McMurtry; Brian Peck; Criss Ward,2022,2022,"2022 Engineering Design EXPO poster entitled ""Camp Sweyolakan Water Facility Plan and Upgrade,"" created by Willow Crites, Ben McMurtry, Brian Peck, Criss Ward. University of Idaho College of Engineering, Department of Civil and Environmental Engineering.",Digital poster with text blocks and aerial imagery of a forested area.,civil engineering; engineering; instructional posters,"Moscow, Idaho",Expo Posters,"Engineering Design EXPO posters, UG 191, University of Idaho Special Collections and Archives, https://www.lib.uidaho.edu/special-collections/",expo2022-007,Text,application/pdf,https://archiveswest.orbiscascade.org/ark:80444/xv920797,eng,"In copyright, educational use permitted. Educational use includes non-commercial reproduction of text and images in materials for teaching and research purposes. For other contexts beyond fair use, including digital reproduction, please contact the University of Idaho Library Special Collections and Archives Department at libspec@uidaho.edu. The University of Idaho Library is not liable for any violations of the law by users.",http://rightsstatements.org/vocab/InC-EDU/1.0/,Camp Sweyolakan EXPO poster.pdf,expo2022-007.pdf,pdf,https://objects.lib.uidaho.edu/engrir/expo2022-007.pdf,https://objects.lib.uidaho.edu/engrir/small/expo2022-007_sm.jpg,https://objects.lib.uidaho.edu/engrir/thumbs/expo2022-007_th.jpg
engrir109,Crestview Roundabout,Hans Sween; Braden Lorbecki; Cole Wallen; Harrison Holley,2022,2022,"2022 Engineering Design EXPO poster entitled ""Crestview Roundabout,"" created by Hans Sween, Braden Lorbecki, Cole Wallen, Harrison Holley. In the 2022 Program Guide, project is entitled ""Crestview Drive Roundabout."" University of Idaho College of Engineering, Department of Civil and Environmental Engineering.","Digital poster with text blocks, engineering schematics, and data graphs.",civil engineering; engineering; instructional posters; traffic circles,"Moscow, Idaho",Expo Posters,"Engineering Design EXPO posters, UG 191, University of Idaho Special Collections and Archives, https://www.lib.uidaho.edu/special-collections/",expo2022-008,Text,application/pdf,https://archiveswest.orbiscascade.org/ark:80444/xv920797,eng,"In copyright, educational use permitted. Educational use includes non-commercial reproduction of text and images in materials for teaching and research purposes. For other contexts beyond fair use, including digital reproduction, please contact the University of Idaho Library Special Collections and Archives Department at libspec@uidaho.edu. The University of Idaho Library is not liable for any violations of the law by users.",http://rightsstatements.org/vocab/InC-EDU/1.0/,Civil Engineering - Crestview Crossing Roundabout.pdf,expo2022-008.pdf,pdf,https://objects.lib.uidaho.edu/engrir/expo2022-008.pdf,https://objects.lib.uidaho.edu/engrir/small/expo2022-008_sm.jpg,https://objects.lib.uidaho.edu/engrir/thumbs/expo2022-008_th.jpg
engrir110,City of Lewiston Well No. 7,Nickolas Buonarati; Alexander Hymel; Jordan Collins; Audrey Schwabe,2022,2022,"2022 Engineering Design EXPO poster entitled ""City of Lewiston Well No. 7,"" created by Nickolas Buonarati, Alexander Hymel, Jordan Collins, Audrey Schwabe. In the 2022 Program Guide, project is entitled ""Lewiston Well #7."" University of Idaho College of Engineering, Department of Civil and Environmental Engineering.","Digital poster with text blocks, imagery of a hillside, and data graphs.",civil engineering; engineering; instructional posters; water wells,"Moscow, Idaho",Expo Posters,"Engineering Design EXPO posters, UG 191, University of Idaho Special Collections and Archives, https://www.lib.uidaho.edu/special-collections/",expo2022-009,Text,application/pdf,https://archiveswest.orbiscascade.org/ark:80444/xv920797,eng,"In copyright, educational use permitted. Educational use includes non-commercial reproduction of text and images in materials for teaching and research purposes. For other contexts beyond fair use, including digital reproduction, please contact the University of Idaho Library Special Collections and Archives Department at libspec@uidaho.edu. The University of Idaho Library is not liable for any violations of the law by users.",http://rightsstatements.org/vocab/InC-EDU/1.0/,City of Lewiston Well No. 7.pdf,expo2022-009.pdf,pdf,https://objects.lib.uidaho.edu/engrir/expo2022-009.pdf,https://objects.lib.uidaho.edu/engrir/small/expo2022-009_sm.jpg,https://objects.lib.uidaho.edu/engrir/thumbs/expo2022-009_th.jpg
engrir111,Building a PSA Apparatus to Evaluate Viability of On-Site Oxygen Generation,Sara Murphy; Matthew Pyle; Kelty Shroyer,2022,2022,"2022 Engineering Design EXPO poster entitled ""Building a PSA Apparatus to Evaluate Viability of On-Site Oxygen Generation,"" created by Sara Murphy, Matthew Pyle, Kelty Shroyer. In the 2022 Program Guide, project is entitled ""Pressure Swing Adsorption: A Functional Apparatus and Future Teaching Tool."" University of Idaho College of Engineering, Department of Chemical and Biological Engineering.","Digital poster with text blocks, engineering schematics, and images of a device composed of objects connected by thin tubes.",chemical engineering; engineering; instructional posters,"Moscow, Idaho",Expo Posters,"Engineering Design EXPO posters, UG 191, University of Idaho Special Collections and Archives, https://www.lib.uidaho.edu/special-collections/",expo2022-010,Text,application/pdf,https://archiveswest.orbiscascade.org/ark:80444/xv920797,eng,"In copyright, educational use permitted. Educational use includes non-commercial reproduction of text and images in materials for teaching and research purposes. For other contexts beyond fair use, including digital reproduction, please contact the University of Idaho Library Special Collections and Archives Department at libspec@uidaho.edu. The University of Idaho Library is not liable for any violations of the law by users.",http://rightsstatements.org/vocab/InC-EDU/1.0/,ChemicalEngineering_PSADesignTeam.pdf,expo2022-010.pdf,pdf,https://objects.lib.uidaho.edu/engrir/expo2022-010.pdf,https://objects.lib.uidaho.edu/engrir/small/expo2022-010_sm.jpg,https://objects.lib.uidaho.edu/engrir/thumbs/expo2022-010_th.jpg
engrir112,4th and Honeysuckle Roundabout,Fahad al-Harthi; Andrew Borde; Logan Prescott; Ben Shaw,2022,2022,"2022 Engineering Design EXPO poster entitled ""4th and Honeysuckle Roundabout,"" created by Fahad al-Harthi, Andrew Borde, Logan Prescott, Ben Shaw. In the 2022 Program Guide, project is entitled ""Fourth Street and Honeysuckle Avenue Roundabout in Hayden, Idaho."" University of Idaho College of Engineering, Department of Civil and Environmental Engineering.","Digital poster with text blocks, engineering schematics, and aerial photographs of a traffic circle.",civil engineering; engineering; instructional posters; traffic circles,"Moscow, Idaho",Expo Posters,"Engineering Design EXPO posters, UG 191, University of Idaho Special Collections and Archives, https://www.lib.uidaho.edu/special-collections/",expo2022-011,Text,application/pdf,https://archiveswest.orbiscascade.org/ark:80444/xv920797,eng,"In copyright, educational use permitted. Educational use includes non-commercial reproduction of text and images in materials for teaching and research purposes. For other contexts beyond fair use, including digital reproduction, please contact the University of Idaho Library Special Collections and Archives Department at libspec@uidaho.edu. The University of Idaho Library is not liable for any violations of the law by users.",http://rightsstatements.org/vocab/InC-EDU/1.0/,ce-hayden-roundabout.pdf,expo2022-011.pdf,pdf,https://objects.lib.uidaho.edu/engrir/expo2022-011.pdf,https://objects.lib.uidaho.edu/engrir/small/expo2022-011_sm.jpg,https://objects.lib.uidaho.edu/engrir/thumbs/expo2022-011_th.jpg
engrir113,Online Storytelling,Jiang Chang; Nathaniel Palmer,2022,2022,"2022 Engineering Design EXPO poster entitled ""Online Storytelling,"" created by Jiang Chang, Nathaniel Palmer. In the 2022 Program Guide, project is entitled ""Sentence Expansion for Online Storytelling."" University of Idaho College of Engineering, Department of Computer Science.",Digital poster with text blocks and a data graph.,computer science; engineering; instructional posters,"Moscow, Idaho",Expo Posters,"Engineering Design EXPO posters, UG 191, University of Idaho Special Collections and Archives, https://www.lib.uidaho.edu/special-collections/",expo2022-012,Text,application/pdf,https://archiveswest.orbiscascade.org/ark:80444/xv920797,eng,"In copyright, educational use permitted. Educational use includes non-commercial reproduction of text and images in materials for teaching and research purposes. For other contexts beyond fair use, including digital reproduction, please contact the University of Idaho Library Special Collections and Archives Department at libspec@uidaho.edu. The University of Idaho Library is not liable for any violations of the law by users.",http://rightsstatements.org/vocab/InC-EDU/1.0/,Computer_Science-Online_Storytelling.pdf,expo2022-012.pdf,pdf,https://objects.lib.uidaho.edu/engrir/expo2022-012.pdf,https://objects.lib.uidaho.edu/engrir/small/expo2022-012_sm.jpg,https://objects.lib.uidaho.edu/engrir/thumbs/expo2022-012_th.jpg
engrir114,Electric Blocks II: Realistic Power Simulation in Minecraft,Greyson Biggs; Ryan Buckel; Samuel Frederickson,2022,2022,"2022 Engineering Design EXPO poster entitled ""Electric Blocks II: Realistic Power Simulation in Minecraft,"" created by Greyson Biggs, Ryan Buckel, Samuel Frederickson. University of Idaho College of Engineering, Department of Computer Science.",Digital poster with text blocks and imagery from a blocky computer game.,computer science; engineering; instructional posters; video games,"Moscow, Idaho",Expo Posters,"Engineering Design EXPO posters, UG 191, University of Idaho Special Collections and Archives, https://www.lib.uidaho.edu/special-collections/",expo2022-013,Text,application/pdf,https://archiveswest.orbiscascade.org/ark:80444/xv920797,eng,"In copyright, educational use permitted. Educational use includes non-commercial reproduction of text and images in materials for teaching and research purposes. For other contexts beyond fair use, including digital reproduction, please contact the University of Idaho Library Special Collections and Archives Department at libspec@uidaho.edu. The University of Idaho Library is not liable for any violations of the law by users.",http://rightsstatements.org/vocab/InC-EDU/1.0/,Computer Science - Electric Blocks II.pdf,expo2022-013.pdf,pdf,https://objects.lib.uidaho.edu/engrir/expo2022-013.pdf,https://objects.lib.uidaho.edu/engrir/small/expo2022-013_sm.jpg,https://objects.lib.uidaho.edu/engrir/thumbs/expo2022-013_th.jpg
engrir115,Cryogenic Tensile Test Fixture,Louis Forman; Thomas Gibson; Kevin Sikes; Daniel Cabrera,2022,2022,"2022 Engineering Design EXPO poster entitled ""Cryogenic Tensile Test Fixture,"" created by Louis Forman, Thomas Gibson, Kevin Sikes, Daniel Cabrera. In the 2022 Program Guide, project is entitled ""NASA Cryogenic Tensile Tester."" University of Idaho College of Engineering, Department of Mechanical Engineering.","Digital poster with text blocks, engineering schematics, images of a cuboid device for testing materials' tensile strength, and a photograph of a group of people.",mechanical engineering; engineering; instructional posters,"Moscow, Idaho",Expo Posters,"Engineering Design EXPO posters, UG 191, University of Idaho Special Collections and Archives, https://www.lib.uidaho.edu/special-collections/",expo2022-014,Text,application/pdf,https://archiveswest.orbiscascade.org/ark:80444/xv920797,eng,"In copyright, educational use permitted. Educational use includes non-commercial reproduction of text and images in materials for teaching and research purposes. For other contexts beyond fair use, including digital reproduction, please contact the University of Idaho Library Special Collections and Archives Department at libspec@uidaho.edu. The University of Idaho Library is not liable for any violations of the law by users.",http://rightsstatements.org/vocab/InC-EDU/1.0/,Cryogenic Tensile Tester Poster.pdf,expo2022-014.pdf,pdf,https://objects.lib.uidaho.edu/engrir/expo2022-014.pdf,https://objects.lib.uidaho.edu/engrir/small/expo2022-014_sm.jpg,https://objects.lib.uidaho.edu/engrir/thumbs/expo2022-014_th.jpg
engrir116,Modular Distributed Gas-to-Liquids Synthesis,Adam Irons; Jedidiah Byers; John Sanchez,2022,2022,"2022 Engineering Design EXPO poster entitled ""Modular Distributed Gas-to-Liquids Synthesis,"" created by Adam Irons, Jedidiah Byers, John Sanchez. University of Idaho College of Engineering, Department of Chemical and Biological Engineering.","Digital poster with text blocks, engineering schematics, and data graphs.",chemical engineering; engineering; instructional posters,"Moscow, Idaho",Expo Posters,"Engineering Design EXPO posters, UG 191, University of Idaho Special Collections and Archives, https://www.lib.uidaho.edu/special-collections/",expo2022-015,Text,application/pdf,https://archiveswest.orbiscascade.org/ark:80444/xv920797,eng,"In copyright, educational use permitted. Educational use includes non-commercial reproduction of text and images in materials for teaching and research purposes. For other contexts beyond fair use, including digital reproduction, please contact the University of Idaho Library Special Collections and Archives Department at libspec@uidaho.edu. The University of Idaho Library is not liable for any violations of the law by users.",http://rightsstatements.org/vocab/InC-EDU/1.0/,EXPO 2022-AIChE Gas-to-Liquids Synthesis (1).pdf,expo2022-015.pdf,pdf,https://objects.lib.uidaho.edu/engrir/expo2022-015.pdf,https://objects.lib.uidaho.edu/engrir/small/expo2022-015_sm.jpg,https://objects.lib.uidaho.edu/engrir/thumbs/expo2022-015_th.jpg
engrir117,Bayview Navy Auxiliary Power System Design,Zach Furrow; Chris Fuentes; Kyle McCain; Dale Parkinson; Austin Gress,2022,2022,"2022 Engineering Design EXPO poster entitled ""Bayview Navy Auxiliary Power System Design,"" created by Zach Furrow, Chris Fuentes, Kyle McCain, Dale Parkinson, Austin Gress. In the 2022 Program Guide, project is entitled ""Bayview Navy - Auxiliary Power System for Submarine Guidance Navigation Controller."" University of Idaho College of Engineering, Department of Electrical and Computer Engineering.","Digital poster with text blocks, data graphs, engineering schematics, and a photograph of a group of people.",electrical engineering; engineering; instructional posters,"Moscow, Idaho",Expo Posters,"Engineering Design EXPO posters, UG 191, University of Idaho Special Collections and Archives, https://www.lib.uidaho.edu/special-collections/",expo2022-016,Text,application/pdf,https://archiveswest.orbiscascade.org/ark:80444/xv920797,eng,"In copyright, educational use permitted. Educational use includes non-commercial reproduction of text and images in materials for teaching and research purposes. For other contexts beyond fair use, including digital reproduction, please contact the University of Idaho Library Special Collections and Archives Department at libspec@uidaho.edu. The University of Idaho Library is not liable for any violations of the law by users.",http://rightsstatements.org/vocab/InC-EDU/1.0/,DACKZ-17_EXPO2022.pdf,expo2022-016.pdf,pdf,https://objects.lib.uidaho.edu/engrir/expo2022-016.pdf,https://objects.lib.uidaho.edu/engrir/small/expo2022-016_sm.jpg,https://objects.lib.uidaho.edu/engrir/thumbs/expo2022-016_th.jpg
engrir118,Single Action Tilt and Telescope Steering Column,Andrew Ferrero; Matthew Hurley; Marcus Johnson; Katie Ward,2022,2022,"2022 Engineering Design EXPO poster entitled ""Single Action Tilt and Telescope Steering Column,"" created by Andrew Ferrero, Matthew Hurley, Marcus Johnson, Katie Ward. In the 2022 Program Guide, project is entitled ""Single Lever Tilt and Telescope Adjustment for Forklift Steering Column."" University of Idaho College of Engineering, Department of Mechanical Engineering.",Digital poster with text blocks and images of an angular device with a protruding arm.,mechanical engineering; engineering; instructional posters,"Moscow, Idaho",Expo Posters,"Engineering Design EXPO posters, UG 191, University of Idaho Special Collections and Archives, https://www.lib.uidaho.edu/special-collections/",expo2022-017,Text,application/pdf,https://archiveswest.orbiscascade.org/ark:80444/xv920797,eng,"In copyright, educational use permitted. Educational use includes non-commercial reproduction of text and images in materials for teaching and research purposes. For other contexts beyond fair use, including digital reproduction, please contact the University of Idaho Library Special Collections and Archives Department at libspec@uidaho.edu. The University of Idaho Library is not liable for any violations of the law by users.",http://rightsstatements.org/vocab/InC-EDU/1.0/,Expo Poster - TNT Solutions.pdf,expo2022-017.pdf,pdf,https://objects.lib.uidaho.edu/engrir/expo2022-017.pdf,https://objects.lib.uidaho.edu/engrir/small/expo2022-017_sm.jpg,https://objects.lib.uidaho.edu/engrir/thumbs/expo2022-017_th.jpg
engrir119,Exoskeleton for Multiple Sclerosis Walking Assistance,Alexandra Cunningham; Parker Daniel; Melissa Huchet; Devin Sheehan; Rachel Stanley,2022,2022,"2022 Engineering Design EXPO poster entitled ""Exoskeleton for Multiple Sclerosis Walking Assistance,"" created by Alexandra Cunningham, Parker Daniel, Melissa Huchet, Devin Sheehan, Rachel Stanley. In the 2022 Program Guide, project is entitled ""Leg Exoskeleton for Multiple Sclerosis Walking Assistance."" University of Idaho College of Engineering, Department of Mechanical Engineering.","Digital poster with text blocks, imagery of a supportive device for human legs, and a photograph of a group of people.",mechanical engineering; engineering; instructional posters; medical equipment,"Moscow, Idaho",Expo Posters,"Engineering Design EXPO posters, UG 191, University of Idaho Special Collections and Archives, https://www.lib.uidaho.edu/special-collections/",expo2022-018,Text,application/pdf,https://archiveswest.orbiscascade.org/ark:80444/xv920797,eng,"In copyright, educational use permitted. Educational use includes non-commercial reproduction of text and images in materials for teaching and research purposes. For other contexts beyond fair use, including digital reproduction, please contact the University of Idaho Library Special Collections and Archives Department at libspec@uidaho.edu. The University of Idaho Library is not liable for any violations of the law by users.",http://rightsstatements.org/vocab/InC-EDU/1.0/,EXPO Poster-Steady Striders.pdf,expo2022-018.pdf,pdf,https://objects.lib.uidaho.edu/engrir/expo2022-018.pdf,https://objects.lib.uidaho.edu/engrir/small/expo2022-018_sm.jpg,https://objects.lib.uidaho.edu/engrir/thumbs/expo2022-018_th.jpg
engrir120,Small Satellite Attitude Determination and Control System (ADCS),Garrett Wells; Connor Braase; Kristie Olds; Sebastian Garcia; Parker Piedmont; Malachi Mooney-Rivkin; Chris Wiegert,2022,2022,"2022 Engineering Design EXPO poster entitled ""Small Satellite Attitude Determination and Control System (ADCS),"" created by Garrett Wells, Connor Braase, Kristie Olds, Sebastian Garcia, Parker Piedmont, Malachi Mooney-Rivkin, Chris Wiegert. In the 2022 Program Guide, project is entitled ""Attitude Determination and Control System for Small Satellite Bus."" University of Idaho College of Engineering, Department of Electrical and Computer Engineering.","Digital poster with text blocks, imagery of a complex cuboid device, data graphs, and a photograph of a group of people.",electrical engineering; engineering; instructional posters; artificial satellites; spacecraft,"Moscow, Idaho",Expo Posters,"Engineering Design EXPO posters, UG 191, University of Idaho Special Collections and Archives, https://www.lib.uidaho.edu/special-collections/",expo2022-019,Text,application/pdf,https://archiveswest.orbiscascade.org/ark:80444/xv920797,eng,"In copyright, educational use permitted. Educational use includes non-commercial reproduction of text and images in materials for teaching and research purposes. For other contexts beyond fair use, including digital reproduction, please contact the University of Idaho Library Special Collections and Archives Department at libspec@uidaho.edu. The University of Idaho Library is not liable for any violations of the law by users.",http://rightsstatements.org/vocab/InC-EDU/1.0/,EXPO2022_attitude_determination_and_control.pdf,expo2022-019.pdf,pdf,https://objects.lib.uidaho.edu/engrir/expo2022-019.pdf,https://objects.lib.uidaho.edu/engrir/small/expo2022-019_sm.jpg,https://objects.lib.uidaho.edu/engrir/thumbs/expo2022-019_th.jpg
engrir121,Human Machine Interface Gesture System for Medical Devices,Jenner Higgins; Ezequiel Romero; Scott Martin,2022,2022,"2022 Engineering Design EXPO poster entitled ""Human Machine Interface Gesture System for Medical Devices,"" created by Jenner Higgins, Ezequiel Romero, Scott Martin. University of Idaho College of Engineering, Department of Computer Science.","Digital poster with text blocks, engineering schematics, and data graphs.",computer science; engineering; instructional posters; medical equipment,"Moscow, Idaho",Expo Posters,"Engineering Design EXPO posters, UG 191, University of Idaho Special Collections and Archives, https://www.lib.uidaho.edu/special-collections/",expo2022-020,Text,application/pdf,https://archiveswest.orbiscascade.org/ark:80444/xv920797,eng,"In copyright, educational use permitted. Educational use includes non-commercial reproduction of text and images in materials for teaching and research purposes. For other contexts beyond fair use, including digital reproduction, please contact the University of Idaho Library Special Collections and Archives Department at libspec@uidaho.edu. The University of Idaho Library is not liable for any violations of the law by users.",http://rightsstatements.org/vocab/InC-EDU/1.0/,EXPO2022 _Gesture_Recognition.pdf,expo2022-020.pdf,pdf,https://objects.lib.uidaho.edu/engrir/expo2022-020.pdf,https://objects.lib.uidaho.edu/engrir/small/expo2022-020_sm.jpg,https://objects.lib.uidaho.edu/engrir/thumbs/expo2022-020_th.jpg
engrir122,Pop N' Lock Robotic Arm,Jesse Ebert; Levi Gallegos; Nick Lee; Justin Wick,2022,2022,"2022 Engineering Design EXPO poster entitled ""Pop N' Lock Robotic Arm,"" created by Jesse Ebert, Levi Gallegos, Nick Lee, Justin Wick. University of Idaho College of Engineering, Department of Mechanical Engineering.",Digital poster with text blocks and images of a device that looks like a series of connected pipes.,mechanical engineering; engineering; instructional posters,"Moscow, Idaho",Expo Posters,"Engineering Design EXPO posters, UG 191, University of Idaho Special Collections and Archives, https://www.lib.uidaho.edu/special-collections/",expo2022-021,Text,application/pdf,https://archiveswest.orbiscascade.org/ark:80444/xv920797,eng,"In copyright, educational use permitted. Educational use includes non-commercial reproduction of text and images in materials for teaching and research purposes. For other contexts beyond fair use, including digital reproduction, please contact the University of Idaho Library Special Collections and Archives Department at libspec@uidaho.edu. The University of Idaho Library is not liable for any violations of the law by users.",http://rightsstatements.org/vocab/InC-EDU/1.0/,Pop n' Lock EXPO2022.pdf,expo2022-021.pdf,pdf,https://objects.lib.uidaho.edu/engrir/expo2022-021.pdf,https://objects.lib.uidaho.edu/engrir/small/expo2022-021_sm.jpg,https://objects.lib.uidaho.edu/engrir/thumbs/expo2022-021_th.jpg
engrir123,Fire-Resistant Wind Tunnel,Nicholas Pancheri; Quinn Barton; Ty George; Wil Jansen Van Beek,2022,2022,"2022 Engineering Design EXPO poster entitled ""Fire-Resistant Wind Tunnel,"" created by Nicholas Pancheri, Quinn Barton, Ty George, Wil Jansen Van Beek. University of Idaho College of Engineering, Department of Mechanical Engineering.",Digital poster with text blocks and images of a cylindrical device.,mechanical engineering; engineering; instructional posters,"Moscow, Idaho",Expo Posters,"Engineering Design EXPO posters, UG 191, University of Idaho Special Collections and Archives, https://www.lib.uidaho.edu/special-collections/",expo2022-022,Text,application/pdf,https://archiveswest.orbiscascade.org/ark:80444/xv920797,eng,"In copyright, educational use permitted. Educational use includes non-commercial reproduction of text and images in materials for teaching and research purposes. For other contexts beyond fair use, including digital reproduction, please contact the University of Idaho Library Special Collections and Archives Department at libspec@uidaho.edu. The University of Idaho Library is not liable for any violations of the law by users.",http://rightsstatements.org/vocab/InC-EDU/1.0/,Phoenix Funnel Expo Poster.pdf,expo2022-022.pdf,pdf,https://objects.lib.uidaho.edu/engrir/expo2022-022.pdf,https://objects.lib.uidaho.edu/engrir/small/expo2022-022_sm.jpg,https://objects.lib.uidaho.edu/engrir/thumbs/expo2022-022_th.jpg
engrir124,Infrasonic Wildfire Detection,David Depaolis; Chris Salcido; Nicholas Shipp; Luke Woods,2022,2022,"2022 Engineering Design EXPO poster entitled ""Infrasonic Wildfire Detection: A Project from Team FireSense and Stanley Solutions,"" created by David Depaolis, Chris Salcido, Nicholas Shipp, Luke Woods. University of Idaho College of Engineering, Department of Electrical and Computer Engineering.","Digital poster with text blocks, data graphs, and images of a winglike object.",electrical engineering; engineering; instructional posters,"Moscow, Idaho",Expo Posters,"Engineering Design EXPO posters, UG 191, University of Idaho Special Collections and Archives, https://www.lib.uidaho.edu/special-collections/",expo2022-023,Text,application/pdf,https://archiveswest.orbiscascade.org/ark:80444/xv920797,eng,"In copyright, educational use permitted. Educational use includes non-commercial reproduction of text and images in materials for teaching and research purposes. For other contexts beyond fair use, including digital reproduction, please contact the University of Idaho Library Special Collections and Archives Department at libspec@uidaho.edu. The University of Idaho Library is not liable for any violations of the law by users.",http://rightsstatements.org/vocab/InC-EDU/1.0/,Infrasonic Wildfire Detection EXPO Poster - FireSense 2022.pdf,expo2022-023.pdf,pdf,https://objects.lib.uidaho.edu/engrir/expo2022-023.pdf,https://objects.lib.uidaho.edu/engrir/small/expo2022-023_sm.jpg,https://objects.lib.uidaho.edu/engrir/thumbs/expo2022-023_th.jpg
engrir125,Electronic Conversion and Modernization of Joint-Tactical Military Vehicle,Aero Doty; Chance Foss; Cole Kissler; Connor Parks; Caitlin Suire,2022,2022,"2022 Engineering Design EXPO poster entitled ""Electric Conversion and Modernization of Joint-Tactical Military Vehicle,"" created by Aero Doty, Chance Foss, Cole Kissler, Connor Parks, Caitlin Suire. In the 2022 Program Guide, project is entitled ""Performance Enhancement and Modernization of Military Electric Vehicle Conversion."" University of Idaho College of Engineering, Department of Mechanical Engineering.","Digital poster with text blocks, data graphs, and images of a four-wheeled vehicle.",mechanical engineering; engineering; instructional posters; military vehicles,"Moscow, Idaho",Expo Posters,"Engineering Design EXPO posters, UG 191, University of Idaho Special Collections and Archives, https://www.lib.uidaho.edu/special-collections/",expo2022-024,Text,application/pdf,https://archiveswest.orbiscascade.org/ark:80444/xv920797,eng,"In copyright, educational use permitted. Educational use includes non-commercial reproduction of text and images in materials for teaching and research purposes. For other contexts beyond fair use, including digital reproduction, please contact the University of Idaho Library Special Collections and Archives Department at libspec@uidaho.edu. The University of Idaho Library is not liable for any violations of the law by users.",http://rightsstatements.org/vocab/InC-EDU/1.0/,JTEV EXPO Poster.pdf,expo2022-024.pdf,pdf,https://objects.lib.uidaho.edu/engrir/expo2022-024.pdf,https://objects.lib.uidaho.edu/engrir/small/expo2022-024_sm.jpg,https://objects.lib.uidaho.edu/engrir/thumbs/expo2022-024_th.jpg
engrir126,Floating Feather Road and Bridge Renovation,Ryan Frechette; Rylie Frei; Steven Litalien; Macjames Mizer,2022,2022,"2022 Engineering Design EXPO poster entitled ""Floating Feather Road and Bridge Renovation,"" created by Ryan Frechette, Rylie Frei, Steven Litalien, Macjames Mizer. University of Idaho College of Engineering, Department of Civil and Environmental Engineering.",Digital poster with text blocks and images of a bridge over a body of water.,civil engineering; engineering; instructional posters; bridges (built works),"Moscow, Idaho",Expo Posters,"Engineering Design EXPO posters, UG 191, University of Idaho Special Collections and Archives, https://www.lib.uidaho.edu/special-collections/",expo2022-025,Text,application/pdf,https://archiveswest.orbiscascade.org/ark:80444/xv920797,eng,"In copyright, educational use permitted. Educational use includes non-commercial reproduction of text and images in materials for teaching and research purposes. For other contexts beyond fair use, including digital reproduction, please contact the University of Idaho Library Special Collections and Archives Department at libspec@uidaho.edu. The University of Idaho Library is not liable for any violations of the law by users.",http://rightsstatements.org/vocab/InC-EDU/1.0/,Floating Feather Road & Bridge Poster.pdf,expo2022-025.pdf,pdf,https://objects.lib.uidaho.edu/engrir/expo2022-025.pdf,https://objects.lib.uidaho.edu/engrir/small/expo2022-025_sm.jpg,https://objects.lib.uidaho.edu/engrir/thumbs/expo2022-025_th.jpg
engrir127,Video Game Environment for Arm Assessment Through a Robotic Exoskeleton,Miguel Villanueva; Alex Pena; Dawson Hill,2022,2022,"2022 Engineering Design EXPO poster entitled ""Video Game Environment for Arm Assessment Through a Robotic Exoskeleton,"" created by Miguel Villanueva, Alex Pena, Dawson Hill. University of Idaho College of Engineering, Department of Computer Science.",Digital poster with text blocks and images of an arm exoskeleton on a human and picking up colored balls.,computer science; engineering; instructional posters; video games,"Moscow, Idaho",Expo Posters,"Engineering Design EXPO posters, UG 191, University of Idaho Special Collections and Archives, https://www.lib.uidaho.edu/special-collections/",expo2022-026,Text,application/pdf,https://archiveswest.orbiscascade.org/ark:80444/xv920797,eng,"In copyright, educational use permitted. Educational use includes non-commercial reproduction of text and images in materials for teaching and research purposes. For other contexts beyond fair use, including digital reproduction, please contact the University of Idaho Library Special Collections and Archives Department at libspec@uidaho.edu. The University of Idaho Library is not liable for any violations of the law by users.",http://rightsstatements.org/vocab/InC-EDU/1.0/,MAD SABINO Project 31 EXPO Poster Booth 44.pdf,expo2022-026.pdf,pdf,https://objects.lib.uidaho.edu/engrir/expo2022-026.pdf,https://objects.lib.uidaho.edu/engrir/small/expo2022-026_sm.jpg,https://objects.lib.uidaho.edu/engrir/thumbs/expo2022-026_th.jpg
engrir128,OnlyFactories - Factory 4.0,Keller Lawson; Justin Harris; Parker Weisel,2022,2022,"2022 Engineering Design EXPO poster entitled ""OnlyFactories - Factory 4.0,"" created by Keller Lawson, Justin Harris, Parker Weisel. University of Idaho College of Engineering, Department of Computer Science.","Digital poster with text blocks, engineering schematics, and photographs of a group of people and an elaborate electronic device.",computer science; engineering; instructional posters,"Moscow, Idaho",Expo Posters,"Engineering Design EXPO posters, UG 191, University of Idaho Special Collections and Archives, https://www.lib.uidaho.edu/special-collections/",expo2022-027,Text,application/pdf,https://archiveswest.orbiscascade.org/ark:80444/xv920797,eng,"In copyright, educational use permitted. Educational use includes non-commercial reproduction of text and images in materials for teaching and research purposes. For other contexts beyond fair use, including digital reproduction, please contact the University of Idaho Library Special Collections and Archives Department at libspec@uidaho.edu. The University of Idaho Library is not liable for any violations of the law by users.",http://rightsstatements.org/vocab/InC-EDU/1.0/,OnlyFactories_EXPO2022.pdf,expo2022-027.pdf,pdf,https://objects.lib.uidaho.edu/engrir/expo2022-027.pdf,https://objects.lib.uidaho.edu/engrir/small/expo2022-027_sm.jpg,https://objects.lib.uidaho.edu/engrir/thumbs/expo2022-027_th.jpg
engrir129,Two Stroke Engine Emissions and Data Acquisition,Lukas Willits; Garrett Potts,2022,2022,"2022 Engineering Design EXPO poster entitled ""Two Stroke Engine Emissions and Data Acquisition,"" created by Lukas Willits and Garrett Potts. In 2022 Program Guide, project is entitled ""Two Stroke Engine Emissions and Calibration."" University of Idaho College of Engineering, Department of Mechanical Engineering.","Digital poster with text blocks, engineering schematics, and images of a snowmobile and pipes.",mechanical engineering; engineering; instructional posters; engines (power producing equipment),"Moscow, Idaho",Expo Posters,"Engineering Design EXPO posters, UG 191, University of Idaho Special Collections and Archives, https://www.lib.uidaho.edu/special-collections/",expo2022-028,Text,application/pdf,https://archiveswest.orbiscascade.org/ark:80444/xv920797,eng,"In copyright, educational use permitted. Educational use includes non-commercial reproduction of text and images in materials for teaching and research purposes. For other contexts beyond fair use, including digital reproduction, please contact the University of Idaho Library Special Collections and Archives Department at libspec@uidaho.edu. The University of Idaho Library is not liable for any violations of the law by users.",http://rightsstatements.org/vocab/InC-EDU/1.0/,EXPO2022-TEAM32-Poster.pdf,expo2022-028.pdf,pdf,https://objects.lib.uidaho.edu/engrir/expo2022-028.pdf,https://objects.lib.uidaho.edu/engrir/small/expo2022-028_sm.jpg,https://objects.lib.uidaho.edu/engrir/thumbs/expo2022-028_th.jpg
engrir130,Simulation of Energy Management System,Zudo Wang; Zhichao Zhang; Yunchen Lin; Siyi Song,2022,2022,"2022 Engineering Design EXPO poster entitled ""Simulation of Energy Management System,"" created by Zudo Wang, Zhichao Zhang, Yunchen Lin, Siyi Song. In the 2022 Program Guide, project is entitled ""Design of Energy Management System Simulation Exercises."" University of Idaho College of Engineering, Department of Electrical and Computer Engineering.",Digital poster with text blocks and engineering schematics.,electrical engineering; engineering; instructional posters,"Moscow, Idaho",Expo Posters,"Engineering Design EXPO posters, UG 191, University of Idaho Special Collections and Archives, https://www.lib.uidaho.edu/special-collections/",expo2022-029,Text,application/pdf,https://archiveswest.orbiscascade.org/ark:80444/xv920797,eng,"In copyright, educational use permitted. Educational use includes non-commercial reproduction of text and images in materials for teaching and research purposes. For other contexts beyond fair use, including digital reproduction, please contact the University of Idaho Library Special Collections and Archives Department at libspec@uidaho.edu. The University of Idaho Library is not liable for any violations of the law by users.",http://rightsstatements.org/vocab/InC-EDU/1.0/,EXPO2022-Team18.pdf,expo2022-029.pdf,pdf,https://objects.lib.uidaho.edu/engrir/expo2022-029.pdf,https://objects.lib.uidaho.edu/engrir/small/expo2022-029_sm.jpg,https://objects.lib.uidaho.edu/engrir/thumbs/expo2022-029_th.jpg
engrir131,Nuclear Fuel Pin Jacket Production,Julia Bean; Alexander Chambers; Jadzia Graves; Ryan Oliver; Maxwell Vavricka,2022,2022,"2022 Engineering Design EXPO poster entitled ""Nuclear Fuel Pin Jacket Production,"" created by Julia Bean, Alexander Chambers, Jadzia Graves, Ryan Oliver, Maxwell Vavricka. University of Idaho College of Engineering, Department of Mechanical Engineering.","Digital poster with text blocks, a metal cuboid device, and photographs of a group of people and people working with materials under a fume hood.",mechanical engineering; engineering; instructional posters,"Moscow, Idaho",Expo Posters,"Engineering Design EXPO posters, UG 191, University of Idaho Special Collections and Archives, https://www.lib.uidaho.edu/special-collections/",expo2022-030,Text,application/pdf,https://archiveswest.orbiscascade.org/ark:80444/xv920797,eng,"In copyright, educational use permitted. Educational use includes non-commercial reproduction of text and images in materials for teaching and research purposes. For other contexts beyond fair use, including digital reproduction, please contact the University of Idaho Library Special Collections and Archives Department at libspec@uidaho.edu. The University of Idaho Library is not liable for any violations of the law by users.",http://rightsstatements.org/vocab/InC-EDU/1.0/,EXPO2022_NaSolutions_Poster.pdf,expo2022-030.pdf,pdf,https://objects.lib.uidaho.edu/engrir/expo2022-030.pdf,https://objects.lib.uidaho.edu/engrir/small/expo2022-030_sm.jpg,https://objects.lib.uidaho.edu/engrir/thumbs/expo2022-030_th.jpg
engrir132,Package Dropping Machine,Lindsay Guthrie; Zane Holliday; Andrew Stucker; Sophia Wieber,2022,2022,"2022 Engineering Design EXPO poster entitled ""Package Dropping Machine,"" created by Lindsay Guthrie, Zane Holliday, Andrew Stucker, Sophia Wieber. In the 2022 Program Guide, project is entitled ""SEL Package Dropping Machine."" University of Idaho College of Engineering, Department of Mechanical Engineering.",Digital poster with text blocks and images of a metal-framed device.,mechanical engineering; engineering; instructional posters,"Moscow, Idaho",Expo Posters,"Engineering Design EXPO posters, UG 191, University of Idaho Special Collections and Archives, https://www.lib.uidaho.edu/special-collections/",expo2022-031,Text,application/pdf,https://archiveswest.orbiscascade.org/ark:80444/xv920797,eng,"In copyright, educational use permitted. Educational use includes non-commercial reproduction of text and images in materials for teaching and research purposes. For other contexts beyond fair use, including digital reproduction, please contact the University of Idaho Library Special Collections and Archives Department at libspec@uidaho.edu. The University of Idaho Library is not liable for any violations of the law by users.",http://rightsstatements.org/vocab/InC-EDU/1.0/,Voltage Drop Poster.pdf,expo2022-031.pdf,pdf,https://objects.lib.uidaho.edu/engrir/expo2022-031.pdf,https://objects.lib.uidaho.edu/engrir/small/expo2022-031_sm.jpg,https://objects.lib.uidaho.edu/engrir/thumbs/expo2022-031_th.jpg
engrir133,Tracked Forestry Research Robot,Adam Palmer-Handley; Matt Farkas; Ryan Wagner; Michael Bean; Hayden Willingham; Ethan Reeder,2022,2022,"2022 Engineering Design EXPO poster entitled ""Tracked Forestry Research Robot,"" created by Adam Palmer-Handley, Matt Farkas, Ryan Wagner, Michael Bean, Hayden Willingham, Ethan Reeder. University of Idaho College of Engineering, Department of Mechanical Engineering.",Digital poster with text blocks and images of a vehicle with tracked treads.,mechanical engineering; engineering; instructional posters; forestry,"Moscow, Idaho",Expo Posters,"Engineering Design EXPO posters, UG 191, University of Idaho Special Collections and Archives, https://www.lib.uidaho.edu/special-collections/",expo2022-032,Text,application/pdf,https://archiveswest.orbiscascade.org/ark:80444/xv920797,eng,"In copyright, educational use permitted. Educational use includes non-commercial reproduction of text and images in materials for teaching and research purposes. For other contexts beyond fair use, including digital reproduction, please contact the University of Idaho Library Special Collections and Archives Department at libspec@uidaho.edu. The University of Idaho Library is not liable for any violations of the law by users.",http://rightsstatements.org/vocab/InC-EDU/1.0/,Tracked Forestry Research Robot - Expo Poster.pdf,expo2022-032.pdf,pdf,https://objects.lib.uidaho.edu/engrir/expo2022-032.pdf,https://objects.lib.uidaho.edu/engrir/small/expo2022-032_sm.jpg,https://objects.lib.uidaho.edu/engrir/thumbs/expo2022-032_th.jpg
engrir134,Non-Destructive Inspection of Electronics Using CT Imaging,Wesley Gates; Cory Summers; Davey Anguiano; Tiana Black; Dustin Taylor,2022,2022,"2022 Engineering Design EXPO poster entitled ""Non-Destructive Inspection of Electronics Using CT Imaging,"" created by Wesley Gates, Cory Summers, Davey Anguiano, Tiana Black, Dustin Taylor. In the 2022 Program Guide, project is entitled ""Non-Destructive Inspection of Electronics Using Computed Tomography."" University of Idaho College of Engineering, Department of Mechanical Engineering.","Digital poster with text blocks, images of black plastic objects and an MRI machine, and a photograph of a group of people.",mechanical engineering; engineering; instructional posters,"Moscow, Idaho",Expo Posters,"Engineering Design EXPO posters, UG 191, University of Idaho Special Collections and Archives, https://www.lib.uidaho.edu/special-collections/",expo2022-033,Text,application/pdf,https://archiveswest.orbiscascade.org/ark:80444/xv920797,eng,"In copyright, educational use permitted. Educational use includes non-commercial reproduction of text and images in materials for teaching and research purposes. For other contexts beyond fair use, including digital reproduction, please contact the University of Idaho Library Special Collections and Archives Department at libspec@uidaho.edu. The University of Idaho Library is not liable for any violations of the law by users.",http://rightsstatements.org/vocab/InC-EDU/1.0/,x-ray-mosaic-poster.pdf,expo2022-033.pdf,pdf,https://objects.lib.uidaho.edu/engrir/expo2022-033.pdf,https://objects.lib.uidaho.edu/engrir/small/expo2022-033_sm.jpg,https://objects.lib.uidaho.edu/engrir/thumbs/expo2022-033_th.jpg
engrir135,US-95 Over Four Mile Creek,Charles Campbell; Shawna Conery; Alex Kanet; Will Moore; Tyler O'Toole,2022,2022,"2022 Engineering Design EXPO poster entitled ""US-95 Over Four Mile Creek,"" created by Charles Campbell, Shawna Conery, Alex Kanet, Will Moore, Tyler O'Toole. University of Idaho College of Engineering, Department of Civil and Environmental Engineering.","Digital poster with text blocks, data graphs, and aerial photographs of a grassy area.",civil engineering; engineering; instructional posters; roads,"Moscow, Idaho",Expo Posters,"Engineering Design EXPO posters, UG 191, University of Idaho Special Collections and Archives, https://www.lib.uidaho.edu/special-collections/",expo2022-034,Text,application/pdf,https://archiveswest.orbiscascade.org/ark:80444/xv920797,eng,"In copyright, educational use permitted. Educational use includes non-commercial reproduction of text and images in materials for teaching and research purposes. For other contexts beyond fair use, including digital reproduction, please contact the University of Idaho Library Special Collections and Archives Department at libspec@uidaho.edu. The University of Idaho Library is not liable for any violations of the law by users.",http://rightsstatements.org/vocab/InC-EDU/1.0/,US95 4MICR Poster.pdf,expo2022-034.pdf,pdf,https://objects.lib.uidaho.edu/engrir/expo2022-034.pdf,https://objects.lib.uidaho.edu/engrir/small/expo2022-034_sm.jpg,https://objects.lib.uidaho.edu/engrir/thumbs/expo2022-034_th.jpg
engrir136,Tangible Object Recognition: Joystick,Sean Kennedy; Joel Howell; Joe Saccomando; Zachary Hammond; Nicolas Espinoza,2022,2022,"2022 Engineering Design EXPO poster entitled ""Tangible Object Recognition: Joystick,"" created by Sean Kennedy, Joel Howell, Joe Saccomando, Zachary Hammond, Nicolas Espinoza. University of Idaho College of Engineering, Department of Electrical and Computer Engineering.","Digital poster with text blocks, engineering schematics, and images of the components of a joystick.",electrical engineering; engineering; instructional posters,"Moscow, Idaho",Expo Posters,"Engineering Design EXPO posters, UG 191, University of Idaho Special Collections and Archives, https://www.lib.uidaho.edu/special-collections/",expo2022-035,Text,application/pdf,https://archiveswest.orbiscascade.org/ark:80444/xv920797,eng,"In copyright, educational use permitted. Educational use includes non-commercial reproduction of text and images in materials for teaching and research purposes. For other contexts beyond fair use, including digital reproduction, please contact the University of Idaho Library Special Collections and Archives Department at libspec@uidaho.edu. The University of Idaho Library is not liable for any violations of the law by users.",http://rightsstatements.org/vocab/InC-EDU/1.0/,ProjectTOR_Expo_Poster.pdf,expo2022-035.pdf,pdf,https://objects.lib.uidaho.edu/engrir/expo2022-035.pdf,https://objects.lib.uidaho.edu/engrir/small/expo2022-035_sm.jpg,https://objects.lib.uidaho.edu/engrir/thumbs/expo2022-035_th.jpg
engrir137,Quality Control Testing of Backlash in Rifle Scope Turret Lead Screws,Sarah Rochford; Paul Riebe; Tanner Abbott; Trent Hunter,2022,2022,"2022 Engineering Design EXPO poster entitled ""Quality Control Testing of Backlash in Rifle Scope Turret Lead Screws,"" created by Sarah Rochford, Paul Riebe, Tanner Abbott, Trent Hunter. In the 2022 Program Guide, project is entitled ""Fixture for Measuring Backlash in Rifle Scopes."" University of Idaho College of Engineering, Department of Mechanical Engineering.","Digital poster with text blocks, engineering schematics, and photographs of a metal and plastic device and a group of people.",mechanical engineering; engineering; instructional posters; rifles (long guns),"Moscow, Idaho",Expo Posters,"Engineering Design EXPO posters, UG 191, University of Idaho Special Collections and Archives, https://www.lib.uidaho.edu/special-collections/",expo2022-036,Text,application/pdf,https://archiveswest.orbiscascade.org/ark:80444/xv920797,eng,"In copyright, educational use permitted. Educational use includes non-commercial reproduction of text and images in materials for teaching and research purposes. For other contexts beyond fair use, including digital reproduction, please contact the University of Idaho Library Special Collections and Archives Department at libspec@uidaho.edu. The University of Idaho Library is not liable for any violations of the law by users.",http://rightsstatements.org/vocab/InC-EDU/1.0/,Scoped Out Capstone Poster.pdf,expo2022-036.pdf,pdf,https://objects.lib.uidaho.edu/engrir/expo2022-036.pdf,https://objects.lib.uidaho.edu/engrir/small/expo2022-036_sm.jpg,https://objects.lib.uidaho.edu/engrir/thumbs/expo2022-036_th.jpg
engrir138,Rapid Lightning Creek Bridge #5,Brian Johnson; Marco Cervantes; Nick Wells; Olivia Overstreet,2022,2022,"2022 Engineering Design EXPO poster entitled ""Rapid Lightning Creek Bridge #5,"" created by Brian Johnson, Marco Cervantes, Nick Wells, Olivia Overstreet. University of Idaho College of Engineering, Department of Civil and Environmental Engineering.","Digital poster with text blocks, engineering schematics, data graphs, and a computer generated image of a bridge.",civil engineering; engineering; instructional posters; bridges (built works),"Moscow, Idaho",Expo Posters,"Engineering Design EXPO posters, UG 191, University of Idaho Special Collections and Archives, https://www.lib.uidaho.edu/special-collections/",expo2022-037,Text,application/pdf,https://archiveswest.orbiscascade.org/ark:80444/xv920797,eng,"In copyright, educational use permitted. Educational use includes non-commercial reproduction of text and images in materials for teaching and research purposes. For other contexts beyond fair use, including digital reproduction, please contact the University of Idaho Library Special Collections and Archives Department at libspec@uidaho.edu. The University of Idaho Library is not liable for any violations of the law by users.",http://rightsstatements.org/vocab/InC-EDU/1.0/,Rapid Creek.png,expo2022-037.pdf,pdf,https://objects.lib.uidaho.edu/engrir/expo2022-037.pdf,https://objects.lib.uidaho.edu/engrir/small/expo2022-037_sm.jpg,https://objects.lib.uidaho.edu/engrir/thumbs/expo2022-037_th.jpg
engrir139,VMCraft-II Enterprise Virtualization in Minecraft,Hunter Casteel; Heba Aljabrine; Cade Disselkoen,2022,2022,"2022 Engineering Design EXPO poster entitled ""VMCraft-II Enterprise Virtualization in Minecraft,"" created by Hunter Casteel, Heba Aljabrine, Cade Disselkoen. In the 2022 Program Guide, project is entitled ""VMCraft II - Minecraft Virtualization."" University of Idaho College of Engineering, Department of Computer Science.",Digital poster with text blocks and imagery from a blocky computer game.,computer science; engineering; instructional posters; video games,"Moscow, Idaho",Expo Posters,"Engineering Design EXPO posters, UG 191, University of Idaho Special Collections and Archives, https://www.lib.uidaho.edu/special-collections/",expo2022-038,Text,application/pdf,https://archiveswest.orbiscascade.org/ark:80444/xv920797,eng,"In copyright, educational use permitted. Educational use includes non-commercial reproduction of text and images in materials for teaching and research purposes. For other contexts beyond fair use, including digital reproduction, please contact the University of Idaho Library Special Collections and Archives Department at libspec@uidaho.edu. The University of Idaho Library is not liable for any violations of the law by users.",http://rightsstatements.org/vocab/InC-EDU/1.0/,VMCraft.png,expo2022-038.pdf,pdf,https://objects.lib.uidaho.edu/engrir/expo2022-038.pdf,https://objects.lib.uidaho.edu/engrir/small/expo2022-038_sm.jpg,https://objects.lib.uidaho.edu/engrir/thumbs/expo2022-038_th.jpg
engrir140,Carbon Dioxide to Sodium Formate and Triisopropyl Borate,Peter Everett; Konstantine Geranios; Paula Mei,2022,2022,"2022 Engineering Design EXPO poster entitled ""Carbon Dioxide Conversion to Sodium Formate and Triisopropyl Borate,"" created by Peter Everett, Konstantine Geranios, Paula Mei. In the 2022 Program Guide, project is entitled ""Conversion of CO2 into Value-Added Product."" University of Idaho College of Engineering, Department of Chemical and Biological Engineering.","Digital poster with text blocks, engineering schematics, data graphs, and a photograph of a group of people.",chemical engineering; engineering; instructional posters,"Moscow, Idaho",Expo Posters,"Engineering Design EXPO posters, UG 191, University of Idaho Special Collections and Archives, https://www.lib.uidaho.edu/special-collections/",expo2022-039,Text,application/pdf,https://archiveswest.orbiscascade.org/ark:80444/xv920797,eng,"In copyright, educational use permitted. Educational use includes non-commercial reproduction of text and images in materials for teaching and research purposes. For other contexts beyond fair use, including digital reproduction, please contact the University of Idaho Library Special Collections and Archives Department at libspec@uidaho.edu. The University of Idaho Library is not liable for any violations of the law by users.",http://rightsstatements.org/vocab/InC-EDU/1.0/,CO2.png,expo2022-039.pdf,pdf,https://objects.lib.uidaho.edu/engrir/expo2022-039.pdf,https://objects.lib.uidaho.edu/engrir/small/expo2022-039_sm.jpg,https://objects.lib.uidaho.edu/engrir/thumbs/expo2022-039_th.jpg
engrir141,Fluid Shear Stem Cell Bioreactor,David Reetz; Gage Nardi; Guinevere Richmond; Nicholas Anderson; Rui Bao,2023,2023,"2023 Engineering Design EXPO poster entitled ""Fluid Shear Stem Cell Bioreactor,"" created by David Reetz, Gage Nardi, Guinevere Richmond, Nicholas Anderson, Rui Bao. In the 2023 Program Guide, project is entitled ""Stem Cell Tendon Bioreactor."" University of Idaho College of Engineering, Department of Chemical and Biological Engineering.","Digital poster with text blocks, engineering schematics, and images of a device composed of objects connected by thin tubes.",biological engineering; engineering; instructional posters,"Moscow, Idaho",Expo Posters,"Engineering Design EXPO posters, UG 191, University of Idaho Special Collections and Archives, https://www.lib.uidaho.edu/special-collections/",expo2023-001,Text,application/pdf,https://archiveswest.orbiscascade.org/ark:80444/xv920797,eng,"In copyright, educational use permitted. Educational use includes non-commercial reproduction of text and images in materials for teaching and research purposes. For other contexts beyond fair use, including digital reproduction, please contact the University of Idaho Library Special Collections and Archives Department at libspec@uidaho.edu. The University of Idaho Library is not liable for any violations of the law by users.",http://rightsstatements.org/vocab/InC-EDU/1.0/,Biological Engineering – Stem Cell Tendon Bioreactor.pdf,expo2023-001.pdf,pdf,https://objects.lib.uidaho.edu/engrir/expo2023-001.pdf,https://objects.lib.uidaho.edu/engrir/small/expo2023-001_sm.jpg,https://objects.lib.uidaho.edu/engrir/thumbs/expo2023-001_th.jpg
engrir142,Payload Design to Evaluate Biofilm Resistant Coatings for Spacecraft Water Systems,Taylor Booker; Abraham Brown; Sam Kreslins; Devan Naes; Gabriel Nelson; Melissa Phung; Lindsey Stachofsky,2023,2023,"2023 Engineering Design EXPO poster entitled ""Payload Design to Evaluate Biofilm Resistant Coatings for Spacecraft Water Systems,"" created by Taylor Booker, Abraham Brown, Sam Kreslins, Devan Naes, Gabriel Nelson, Melissa Phung, Lindsey Stachofsky. In the 2023 Program Guide, project is entitled ""Evalution of Biofilm Resistant Coatings for Spacecraft Water Systems."" University of Idaho College of Engineering, Department of Chemical and Biological Engineering.","Digital poster with text blocks, engineering schematics, images of microscope slides and plastic boxes, and a photograph of a group of people.",biological engineering; engineering; instructional posters,"Moscow, Idaho",Expo Posters,"Engineering Design EXPO posters, UG 191, University of Idaho Special Collections and Archives, https://www.lib.uidaho.edu/special-collections/",expo2023-002,Text,application/pdf,https://archiveswest.orbiscascade.org/ark:80444/xv920797,eng,"In copyright, educational use permitted. Educational use includes non-commercial reproduction of text and images in materials for teaching and research purposes. For other contexts beyond fair use, including digital reproduction, please contact the University of Idaho Library Special Collections and Archives Department at libspec@uidaho.edu. The University of Idaho Library is not liable for any violations of the law by users.",http://rightsstatements.org/vocab/InC-EDU/1.0/,Biological Engineering - Evaluation of Biofilm Resistant Coatings for Spacecraft Wat.pdf,expo2023-002.pdf,pdf,https://objects.lib.uidaho.edu/engrir/expo2023-002.pdf,https://objects.lib.uidaho.edu/engrir/small/expo2023-002_sm.jpg,https://objects.lib.uidaho.edu/engrir/thumbs/expo2023-002_th.jpg
engrir143,Electrical Stimulus and Response Measurement in Earthworms,Honneyville Boiser; Lauren Graves; Alyssa Hansten,2023,2023,"2023 Engineering Design EXPO poster entitled ""Electrical Stimulus and Response Measurement in Earthworms,"" created by Honneyville Boiser, Lauren Graves, Alyssa Hansten. In the 2023 Program Guide, project is entitled ""Measuring Nerve Response in Earthworms from Minimal Electrical Stimulus."" University of Idaho College of Engineering, Department of Chemical and Biological Engineering.","Digital poster with text blocks, data graphs, and images of an earthworm in an orange plastic tray connected to electrodes.",biological engineering; engineering; instructional posters; earthworms,"Moscow, Idaho",Expo Posters,"Engineering Design EXPO posters, UG 191, University of Idaho Special Collections and Archives, https://www.lib.uidaho.edu/special-collections/",expo2023-003,Text,application/pdf,https://archiveswest.orbiscascade.org/ark:80444/xv920797,eng,"In copyright, educational use permitted. Educational use includes non-commercial reproduction of text and images in materials for teaching and research purposes. For other contexts beyond fair use, including digital reproduction, please contact the University of Idaho Library Special Collections and Archives Department at libspec@uidaho.edu. The University of Idaho Library is not liable for any violations of the law by users.",http://rightsstatements.org/vocab/InC-EDU/1.0/,Biological Engineering - Measuring Nerve Response in Earthworms.pdf,expo2023-003.pdf,pdf,https://objects.lib.uidaho.edu/engrir/expo2023-003.pdf,https://objects.lib.uidaho.edu/engrir/small/expo2023-003_sm.jpg,https://objects.lib.uidaho.edu/engrir/thumbs/expo2023-003_th.jpg
engrir144,3D Printed Flexible Spinal Model,Sydney Inman; Anne Carper; Bruno Casino Remondo,2023,2023,"2023 Engineering Design EXPO poster entitled ""3D Printed Flexible Spinal Model,"" created by Sydney Inman, Anne Carper, Bruno Casino Remondo. In the 2023 Program Guide, project is entitled ""3D Printed Flexible Spine Model for Drug Delivery to the Brain."" University of Idaho College of Engineering, Department of Chemical and Biological Engineering.","Digital poster with text blocks, data graphs, and images of drawings and models of the human spine.",biological engineering; engineering; instructional posters,"Moscow, Idaho",Expo Posters,"Engineering Design EXPO posters, UG 191, University of Idaho Special Collections and Archives, https://www.lib.uidaho.edu/special-collections/",expo2023-004,Text,application/pdf,https://archiveswest.orbiscascade.org/ark:80444/xv920797,eng,"In copyright, educational use permitted. Educational use includes non-commercial reproduction of text and images in materials for teaching and research purposes. For other contexts beyond fair use, including digital reproduction, please contact the University of Idaho Library Special Collections and Archives Department at libspec@uidaho.edu. The University of Idaho Library is not liable for any violations of the law by users.",http://rightsstatements.org/vocab/InC-EDU/1.0/,Biological Engineering - 3D Printed Flexible Spinal Model.pdf,expo2023-004.pdf,pdf,https://objects.lib.uidaho.edu/engrir/expo2023-004.pdf,https://objects.lib.uidaho.edu/engrir/small/expo2023-004_sm.jpg,https://objects.lib.uidaho.edu/engrir/thumbs/expo2023-004_th.jpg
engrir145,Global Circulation of Plastics Economy,Nicholas Rowe; Jonathan Bosse; Joshua Anderson,2023,2023,"2023 Engineering Design EXPO poster entitled ""Global Circulation of Plastics Economy,"" created by Nicholas Rowe, Jonathan Bosse, Joshua Anderson. In the 2023 Program Guide, project is entitled ""Pyrolysis Oil Purification Design: Closing the Plastic Economy."" University of Idaho College of Engineering, Department of Chemical and Biological Engineering.","Digital poster with text blocks, engineering schematics, and data graphs.",chemical engineering; engineering; instructional posters; plastic (material),"Moscow, Idaho",Expo Posters,"Engineering Design EXPO posters, UG 191, University of Idaho Special Collections and Archives, https://www.lib.uidaho.edu/special-collections/",expo2023-005,Text,application/pdf,https://archiveswest.orbiscascade.org/ark:80444/xv920797,eng,"In copyright, educational use permitted. Educational use includes non-commercial reproduction of text and images in materials for teaching and research purposes. For other contexts beyond fair use, including digital reproduction, please contact the University of Idaho Library Special Collections and Archives Department at libspec@uidaho.edu. The University of Idaho Library is not liable for any violations of the law by users.",http://rightsstatements.org/vocab/InC-EDU/1.0/,Chemical Engineering - Pyrolysis Oil Purification Design Closing the Plastic Economy.pdf,expo2023-005.pdf,pdf,https://objects.lib.uidaho.edu/engrir/expo2023-005.pdf,https://objects.lib.uidaho.edu/engrir/small/expo2023-005_sm.jpg,https://objects.lib.uidaho.edu/engrir/thumbs/expo2023-005_th.jpg
engrir146,Optimization of the Mixstix Platform,Alexis Dunham; Sam Johnson,2023,2023,"2023 Engineering Design EXPO poster entitled ""Optimization of the Mixstix Platform,"" created by Nicholas Rowe, Jonathan Bosse, Joshua Anderson. University of Idaho College of Engineering, Department of Chemical and Biological Engineering.",Digital poster with text blocks and images various plastic tubes.,chemical engineering; engineering; instructional posters,"Moscow, Idaho",Expo Posters,"Engineering Design EXPO posters, UG 191, University of Idaho Special Collections and Archives, https://www.lib.uidaho.edu/special-collections/",expo2023-006,Text,application/pdf,https://archiveswest.orbiscascade.org/ark:80444/xv920797,eng,"In copyright, educational use permitted. Educational use includes non-commercial reproduction of text and images in materials for teaching and research purposes. For other contexts beyond fair use, including digital reproduction, please contact the University of Idaho Library Special Collections and Archives Department at libspec@uidaho.edu. The University of Idaho Library is not liable for any violations of the law by users.",http://rightsstatements.org/vocab/InC-EDU/1.0/,Chemical Engineering - Optimization of the Mixstix Platform.pdf,expo2023-006.pdf,pdf,https://objects.lib.uidaho.edu/engrir/expo2023-006.pdf,https://objects.lib.uidaho.edu/engrir/small/expo2023-006_sm.jpg,https://objects.lib.uidaho.edu/engrir/thumbs/expo2023-006_th.jpg
engrir147,Bench-Scale PSA for Oxygen and Nitrogen Separation,Jourdan Allen; Jacob Snow,2023,2023,"2023 Engineering Design EXPO poster entitled ""Bench-Scale PSA for Oxygen and Nitrogen Separation,"" created by Jourdan Allen, Jacob Snow. In the 2023 Program Guide, project is entitled ""Pressure Swing Adsorption: Separation of Nitrogen and Oxygen from Air."" University of Idaho College of Engineering, Department of Chemical and Biological Engineering.",Digital poster with text blocks and engineering schematics.,chemical engineering; engineering; instructional posters,"Moscow, Idaho",Expo Posters,"Engineering Design EXPO posters, UG 191, University of Idaho Special Collections and Archives, https://www.lib.uidaho.edu/special-collections/",expo2023-007,Text,application/pdf,https://archiveswest.orbiscascade.org/ark:80444/xv920797,eng,"In copyright, educational use permitted. Educational use includes non-commercial reproduction of text and images in materials for teaching and research purposes. For other contexts beyond fair use, including digital reproduction, please contact the University of Idaho Library Special Collections and Archives Department at libspec@uidaho.edu. The University of Idaho Library is not liable for any violations of the law by users.",http://rightsstatements.org/vocab/InC-EDU/1.0/,Chemical Engineering - Pressure Swing Adsorption- Separation of Nitrogen and Oxygen .pdf,expo2023-007.pdf,pdf,https://objects.lib.uidaho.edu/engrir/expo2023-007.pdf,https://objects.lib.uidaho.edu/engrir/small/expo2023-007_sm.jpg,https://objects.lib.uidaho.edu/engrir/thumbs/expo2023-007_th.jpg
engrir148,Plastic to Profit: Purification and Separation of Crude Pyrolosis Oil,Aaron Law; Isaac Blake; Juhyung Lee; Rahul Bhusal,2023,2023,"2023 Engineering Design EXPO poster entitled ""Plastic to Profit: Purification and Separation of Crude Pyrolosis Oil,"" created by Aaron Law, Isaac Blake, Juhyung Lee, Rahul Bhusal. In the 2023 Program Guide, project is entitled ""Plastic Waste to Fuel: Recycling in Bali."" University of Idaho College of Engineering, Department of Chemical and Biological Engineering.","Digital poster with text blocks, engineering schematics, and data graphs.",chemical engineering; engineering; instructional posters; plastic (material),"Moscow, Idaho",Expo Posters,"Engineering Design EXPO posters, UG 191, University of Idaho Special Collections and Archives, https://www.lib.uidaho.edu/special-collections/",expo2023-008,Text,application/pdf,https://archiveswest.orbiscascade.org/ark:80444/xv920797,eng,"In copyright, educational use permitted. Educational use includes non-commercial reproduction of text and images in materials for teaching and research purposes. For other contexts beyond fair use, including digital reproduction, please contact the University of Idaho Library Special Collections and Archives Department at libspec@uidaho.edu. The University of Idaho Library is not liable for any violations of the law by users.",http://rightsstatements.org/vocab/InC-EDU/1.0/,Chemical Engineering - Plastic to Profit Purification and Separation of Crude Pyroly.pdf,expo2023-008.pdf,pdf,https://objects.lib.uidaho.edu/engrir/expo2023-008.pdf,https://objects.lib.uidaho.edu/engrir/small/expo2023-008_sm.jpg,https://objects.lib.uidaho.edu/engrir/thumbs/expo2023-008_th.jpg
engrir149,Oreana Dam Replacement,Brenden Jack; Jacob Smith; Mitchell Langland; Jacob Wisshack,2023,2023,"2023 Engineering Design EXPO poster entitled ""Oreana Dam Replacement,"" created by Brenden Jack, Jacob Smith, Mitchell Langland, Jacob Wisshack. University of Idaho College of Engineering, Department of Civil and Environmental Engineering.","Digital poster with text blocks, data graphs, and images of a dam and the area where it should be installed.",civil engineering; engineering; instructional posters; dams (hydraulic structures),"Moscow, Idaho",Expo Posters,"Engineering Design EXPO posters, UG 191, University of Idaho Special Collections and Archives, https://www.lib.uidaho.edu/special-collections/",expo2023-009,Text,application/pdf,https://archiveswest.orbiscascade.org/ark:80444/xv920797,eng,"In copyright, educational use permitted. Educational use includes non-commercial reproduction of text and images in materials for teaching and research purposes. For other contexts beyond fair use, including digital reproduction, please contact the University of Idaho Library Special Collections and Archives Department at libspec@uidaho.edu. The University of Idaho Library is not liable for any violations of the law by users.",http://rightsstatements.org/vocab/InC-EDU/1.0/,Civil Engineering - Oreanna Dam Replacement.pdf,expo2023-009.pdf,pdf,https://objects.lib.uidaho.edu/engrir/expo2023-009.pdf,https://objects.lib.uidaho.edu/engrir/small/expo2023-009_sm.jpg,https://objects.lib.uidaho.edu/engrir/thumbs/expo2023-009_th.jpg
engrir150,SH-3 Potlatch River Bridge Replacement,Anthony Davis; Peter Osterberg; Matt Thompson; Zixiang Yu,2023,2023,"2023 Engineering Design EXPO poster entitled ""SH-3 Potlatch River Bridge Replacement,"" created by Anthony Davis, Peter Osterberg, Matt Thompson, Zixiang Yu. University of Idaho College of Engineering, Department of Civil and Environmental Engineering.","Digital poster with text blocks, data graphs, and images of the state of Idaho and of bridges.",civil engineering; engineering; instructional posters; bridges (built works),"Moscow, Idaho",Expo Posters,"Engineering Design EXPO posters, UG 191, University of Idaho Special Collections and Archives, https://www.lib.uidaho.edu/special-collections/",expo2023-010,Text,application/pdf,https://archiveswest.orbiscascade.org/ark:80444/xv920797,eng,"In copyright, educational use permitted. Educational use includes non-commercial reproduction of text and images in materials for teaching and research purposes. For other contexts beyond fair use, including digital reproduction, please contact the University of Idaho Library Special Collections and Archives Department at libspec@uidaho.edu. The University of Idaho Library is not liable for any violations of the law by users.",http://rightsstatements.org/vocab/InC-EDU/1.0/,Civil Engineering - SH-3 Potlatch River Bridge Replacement.pdf,expo2023-010.pdf,pdf,https://objects.lib.uidaho.edu/engrir/expo2023-010.pdf,https://objects.lib.uidaho.edu/engrir/small/expo2023-010_sm.jpg,https://objects.lib.uidaho.edu/engrir/thumbs/expo2023-010_th.jpg
engrir151,Post Falls Apartment Complex,Aliyana Avalos; Noah George; Parker Schwers,2023,2023,"2023 Engineering Design EXPO poster entitled ""Post Falls Apartment Complex,"" created by Aliyana Avalos, Noah George, Parker Schwers. University of Idaho College of Engineering, Department of Civil and Environmental Engineering.",Digital poster with text blocks and images of a proposed apartment complex.,civil engineering; engineering; instructional posters; apartment buildings,"Moscow, Idaho",Expo Posters,"Engineering Design EXPO posters, UG 191, University of Idaho Special Collections and Archives, https://www.lib.uidaho.edu/special-collections/",expo2023-011,Text,application/pdf,https://archiveswest.orbiscascade.org/ark:80444/xv920797,eng,"In copyright, educational use permitted. Educational use includes non-commercial reproduction of text and images in materials for teaching and research purposes. For other contexts beyond fair use, including digital reproduction, please contact the University of Idaho Library Special Collections and Archives Department at libspec@uidaho.edu. The University of Idaho Library is not liable for any violations of the law by users.",http://rightsstatements.org/vocab/InC-EDU/1.0/,Civil Engineering - Post Falls Apartments.pdf,expo2023-011.pdf,pdf,https://objects.lib.uidaho.edu/engrir/expo2023-011.pdf,https://objects.lib.uidaho.edu/engrir/small/expo2023-011_sm.jpg,https://objects.lib.uidaho.edu/engrir/thumbs/expo2023-011_th.jpg
engrir152,Nezperce Sewer Reuse System,Sarah Cordier; Kenneth Madsen; Nathyn Maller; Luke Rutherford,2023,2023,"2023 Engineering Design EXPO poster entitled ""Nezperce Sewer Reuse System,"" created by Sarah Cordier, Kenneth Madsen, Nathyn Maller, Luke Rutherford. University of Idaho College of Engineering, Department of Civil and Environmental Engineering.","Digital poster with text blocks, engineering schematics, and images of a cuboid reservoir.",civil engineering; engineering; instructional posters; sewers (drainage structures),"Moscow, Idaho",Expo Posters,"Engineering Design EXPO posters, UG 191, University of Idaho Special Collections and Archives, https://www.lib.uidaho.edu/special-collections/",expo2023-012,Text,application/pdf,https://archiveswest.orbiscascade.org/ark:80444/xv920797,eng,"In copyright, educational use permitted. Educational use includes non-commercial reproduction of text and images in materials for teaching and research purposes. For other contexts beyond fair use, including digital reproduction, please contact the University of Idaho Library Special Collections and Archives Department at libspec@uidaho.edu. The University of Idaho Library is not liable for any violations of the law by users.",http://rightsstatements.org/vocab/InC-EDU/1.0/,Civil Engineering - Nezperce Sewer Reuse System.pdf,expo2023-012.pdf,pdf,https://objects.lib.uidaho.edu/engrir/expo2023-012.pdf,https://objects.lib.uidaho.edu/engrir/small/expo2023-012_sm.jpg,https://objects.lib.uidaho.edu/engrir/thumbs/expo2023-012_th.jpg
engrir153,New Office Building Project,Austin Emerick; John Taylor; Devin Steed; Parker Watson,2023,2023,"2023 Engineering Design EXPO poster entitled ""New Office Building Project,"" created by Sarah Cordier, Kenneth Madsen, Nathyn Maller, Luke Rutherford. In the 2023 Program Guide, project is entitled ""New Office Building for General Contractor - Kapolei, Hawaii."" University of Idaho College of Engineering, Department of Civil and Environmental Engineering.",Digital poster with text blocks and drawings of a building.,civil engineering; engineering; instructional posters; office buildings,"Moscow, Idaho",Expo Posters,"Engineering Design EXPO posters, UG 191, University of Idaho Special Collections and Archives, https://www.lib.uidaho.edu/special-collections/",expo2023-013,Text,application/pdf,https://archiveswest.orbiscascade.org/ark:80444/xv920797,eng,"In copyright, educational use permitted. Educational use includes non-commercial reproduction of text and images in materials for teaching and research purposes. For other contexts beyond fair use, including digital reproduction, please contact the University of Idaho Library Special Collections and Archives Department at libspec@uidaho.edu. The University of Idaho Library is not liable for any violations of the law by users.",http://rightsstatements.org/vocab/InC-EDU/1.0/,Civil Engineering - New Office Building for General Contractor.pdf,expo2023-013.pdf,pdf,https://objects.lib.uidaho.edu/engrir/expo2023-013.pdf,https://objects.lib.uidaho.edu/engrir/small/expo2023-013_sm.jpg,https://objects.lib.uidaho.edu/engrir/thumbs/expo2023-013_th.jpg
engrir154,Kootenai County Integrated Clinic,Anna Young; Clinton Ponozzo; Philip Lohman; Xinyi Li,2023,2023,"2023 Engineering Design EXPO poster entitled ""Kootenai County Integrated Clinic,"" created by Anna Young, Clinton Ponozzo, Philip Lohman, Xinyi Li. University of Idaho College of Engineering, Department of Civil and Environmental Engineering.","Digital poster with text blocks, data tables, and computer generated images of a building.","civil engineering; engineering; instructional posters; clinics (buildings, medical)","Moscow, Idaho",Expo Posters,"Engineering Design EXPO posters, UG 191, University of Idaho Special Collections and Archives, https://www.lib.uidaho.edu/special-collections/",expo2023-014,Text,application/pdf,https://archiveswest.orbiscascade.org/ark:80444/xv920797,eng,"In copyright, educational use permitted. Educational use includes non-commercial reproduction of text and images in materials for teaching and research purposes. For other contexts beyond fair use, including digital reproduction, please contact the University of Idaho Library Special Collections and Archives Department at libspec@uidaho.edu. The University of Idaho Library is not liable for any violations of the law by users.",http://rightsstatements.org/vocab/InC-EDU/1.0/,Civil Engineering - Kootenai County Integrated Clinic.pdf,expo2023-014.pdf,pdf,https://objects.lib.uidaho.edu/engrir/expo2023-014.pdf,https://objects.lib.uidaho.edu/engrir/small/expo2023-014_sm.jpg,https://objects.lib.uidaho.edu/engrir/thumbs/expo2023-014_th.jpg
engrir155,Lacrosse Avenue Extension,Shaunita Cable; Joel Gradin; Ethan Hardt; Jarod Shannon,2023,2023,"2023 Engineering Design EXPO poster entitled ""Lacrosse Avenue Extension,"" created by Shaunita Cable, Joel Gradin, Ethan Hardt, Jarod Shannon. In the 2023 Program Guide, project is entitled ""Lacrosse Ave Intersection and Expansion."" University of Idaho College of Engineering, Department of Civil and Environmental Engineering.",Digital poster with text blocks and drawings of a tree-lined road from above.,civil engineering; engineering; instructional posters; roads,"Moscow, Idaho",Expo Posters,"Engineering Design EXPO posters, UG 191, University of Idaho Special Collections and Archives, https://www.lib.uidaho.edu/special-collections/",expo2023-015,Text,application/pdf,https://archiveswest.orbiscascade.org/ark:80444/xv920797,eng,"In copyright, educational use permitted. Educational use includes non-commercial reproduction of text and images in materials for teaching and research purposes. For other contexts beyond fair use, including digital reproduction, please contact the University of Idaho Library Special Collections and Archives Department at libspec@uidaho.edu. The University of Idaho Library is not liable for any violations of the law by users.",http://rightsstatements.org/vocab/InC-EDU/1.0/,Civil Engineering - Lacrosse Avenue Intersection and Expansion.pdf,expo2023-015.pdf,pdf,https://objects.lib.uidaho.edu/engrir/expo2023-015.pdf,https://objects.lib.uidaho.edu/engrir/small/expo2023-015_sm.jpg,https://objects.lib.uidaho.edu/engrir/thumbs/expo2023-015_th.jpg
engrir156,Lower Monumental Dam Fish Ladder Temperature Control System,Lauren Moore; Theodore Ertel; Madelynn Gregoire; Jayr Ayala,2023,2023,"2023 Engineering Design EXPO poster entitled ""Lower Monumental Dam Fish Ladder Temperature Control System,"" created by Lauren Moore, Theodore Ertel, Madelynn Gregoire, Jayr Ayala. In the 2023 Program Guide, project is entitled ""USACE Fish Ladder Temperature Control Design."" University of Idaho College of Engineering, Department of Civil and Environmental Engineering.",Digital poster with text blocks and drawings of a gray block with a vertical shaft running through it.,civil engineering; engineering; instructional posters; fishways; dams (hydraulic structures),"Moscow, Idaho",Expo Posters,"Engineering Design EXPO posters, UG 191, University of Idaho Special Collections and Archives, https://www.lib.uidaho.edu/special-collections/",expo2023-016,Text,application/pdf,https://archiveswest.orbiscascade.org/ark:80444/xv920797,eng,"In copyright, educational use permitted. Educational use includes non-commercial reproduction of text and images in materials for teaching and research purposes. For other contexts beyond fair use, including digital reproduction, please contact the University of Idaho Library Special Collections and Archives Department at libspec@uidaho.edu. The University of Idaho Library is not liable for any violations of the law by users.",http://rightsstatements.org/vocab/InC-EDU/1.0/,Civil Engineering - USACE Fish Ladder Temperature Control.pdf,expo2023-016.pdf,pdf,https://objects.lib.uidaho.edu/engrir/expo2023-016.pdf,https://objects.lib.uidaho.edu/engrir/small/expo2023-016_sm.jpg,https://objects.lib.uidaho.edu/engrir/thumbs/expo2023-016_th.jpg
engrir157,"Solids Management Improvement Project Trinity River Authority, Dallas, TX",Edward Black; Brandon Boyd; Harrison Bashaw; Noah Throm,2023,2023,"2023 Engineering Design EXPO poster entitled ""Solids Management Improvement Project Trinity River Authority, Dallas, TX,"" created by Edward Black, Brandon Boyd, Harrison Bashaw, Noah Throm. In the 2023 Program Guide, project is entitled ""Solids Management Improvement Project - Anaerobic Digester Seeding with Hydrolyzed Sludge."" University of Idaho College of Engineering, Department of Civil and Environmental Engineering.","Digital poster with text blocks, data tables, and images of a river and cylinders.",civil engineering; engineering; instructional posters; rivers,"Moscow, Idaho",Expo Posters,"Engineering Design EXPO posters, UG 191, University of Idaho Special Collections and Archives, https://www.lib.uidaho.edu/special-collections/",expo2023-017,Text,application/pdf,https://archiveswest.orbiscascade.org/ark:80444/xv920797,eng,"In copyright, educational use permitted. Educational use includes non-commercial reproduction of text and images in materials for teaching and research purposes. For other contexts beyond fair use, including digital reproduction, please contact the University of Idaho Library Special Collections and Archives Department at libspec@uidaho.edu. The University of Idaho Library is not liable for any violations of the law by users.",http://rightsstatements.org/vocab/InC-EDU/1.0/,Civil Engineering - Solids Management Improvement Project.pdf,expo2023-017.pdf,pdf,https://objects.lib.uidaho.edu/engrir/expo2023-017.pdf,https://objects.lib.uidaho.edu/engrir/small/expo2023-017_sm.jpg,https://objects.lib.uidaho.edu/engrir/thumbs/expo2023-017_th.jpg
engrir158,Virtual Computer Team,Kaleb Browning; Feichi Han; Trevor McGeary,2023,2023,"2023 Engineering Design EXPO poster entitled ""Virtual Computer Team,"" created by Kaleb Browning, Feichi Han, Trevor McGeary. In the 2023 Program Guide, project is entitled ""Gamified Virtual Worlds and Computer Simulation."" University of Idaho College of Engineering, Department of Computer Science.","Digital poster with text blocks, a screenshot of a computer program, and computer generated images of a virtual office.",computer science; engineering; instructional posters,"Moscow, Idaho",Expo Posters,"Engineering Design EXPO posters, UG 191, University of Idaho Special Collections and Archives, https://www.lib.uidaho.edu/special-collections/",expo2023-018,Text,application/pdf,https://archiveswest.orbiscascade.org/ark:80444/xv920797,eng,"In copyright, educational use permitted. Educational use includes non-commercial reproduction of text and images in materials for teaching and research purposes. For other contexts beyond fair use, including digital reproduction, please contact the University of Idaho Library Special Collections and Archives Department at libspec@uidaho.edu. The University of Idaho Library is not liable for any violations of the law by users.",http://rightsstatements.org/vocab/InC-EDU/1.0/,Computer Science- Gamified Virtual Worlds and Computer Simulation.pdf,expo2023-018.pdf,pdf,https://objects.lib.uidaho.edu/engrir/expo2023-018.pdf,https://objects.lib.uidaho.edu/engrir/small/expo2023-018_sm.jpg,https://objects.lib.uidaho.edu/engrir/thumbs/expo2023-018_th.jpg
engrir159,Big Data Analysis Approach for Elliptical Pattern Identification,Riley Doyle; Rodney McCoy; Louis Lopez,2023,2023,"2023 Engineering Design EXPO poster entitled ""Big Data Analysis Approach for Elliptical Pattern Identification,"" created by Riley Doyle, Rodney McCoy, Louis Lopez. University of Idaho College of Engineering, Department of Computer Science.",Digital poster with text blocks and data graphs.,computer science; engineering; instructional posters,"Moscow, Idaho",Expo Posters,"Engineering Design EXPO posters, UG 191, University of Idaho Special Collections and Archives, https://www.lib.uidaho.edu/special-collections/",expo2023-019,Text,application/pdf,https://archiveswest.orbiscascade.org/ark:80444/xv920797,eng,"In copyright, educational use permitted. Educational use includes non-commercial reproduction of text and images in materials for teaching and research purposes. For other contexts beyond fair use, including digital reproduction, please contact the University of Idaho Library Special Collections and Archives Department at libspec@uidaho.edu. The University of Idaho Library is not liable for any violations of the law by users.",http://rightsstatements.org/vocab/InC-EDU/1.0/,Computer Science - Big Data Analysis For Elliptical Pattern Identification.pdf,expo2023-019.pdf,pdf,https://objects.lib.uidaho.edu/engrir/expo2023-019.pdf,https://objects.lib.uidaho.edu/engrir/small/expo2023-019_sm.jpg,https://objects.lib.uidaho.edu/engrir/thumbs/expo2023-019_th.jpg
engrir160,Automated Visio Construction,Morgan Brockman; Ross Prestwich; Sophia Sivula; Creed Thie,2023,2023,"2023 Engineering Design EXPO poster entitled ""Automated Visio Construction,"" created by Morgan Brockman, Ross Prestwich, Sophia Sivula, Creed Thie. University of Idaho College of Engineering, Department of Computer Science.",Digital poster with text blocks and engineering schematics.,computer science; engineering; instructional posters,"Moscow, Idaho",Expo Posters,"Engineering Design EXPO posters, UG 191, University of Idaho Special Collections and Archives, https://www.lib.uidaho.edu/special-collections/",expo2023-020,Text,application/pdf,https://archiveswest.orbiscascade.org/ark:80444/xv920797,eng,"In copyright, educational use permitted. Educational use includes non-commercial reproduction of text and images in materials for teaching and research purposes. For other contexts beyond fair use, including digital reproduction, please contact the University of Idaho Library Special Collections and Archives Department at libspec@uidaho.edu. The University of Idaho Library is not liable for any violations of the law by users.",http://rightsstatements.org/vocab/InC-EDU/1.0/,Computer Science - Automated Visio Construction.pdf,expo2023-020.pdf,pdf,https://objects.lib.uidaho.edu/engrir/expo2023-020.pdf,https://objects.lib.uidaho.edu/engrir/small/expo2023-020_sm.jpg,https://objects.lib.uidaho.edu/engrir/thumbs/expo2023-020_th.jpg
engrir161,Keynetics Assembler,Austin Kugler; Taylor Martin; John Myers; Zach Preston,2023,2023,"2023 Engineering Design EXPO poster entitled ""Keynetics Assembler,"" created by Austin Kugler, Taylor Martin, John Myers, Zach Preston. In the 2023 Program Guide, project is entitled ""Automated Installation of Keys."" University of Idaho College of Engineering, Department of Computer Science.","Digital poster with text blocks, engineering schematics, and images of a robotic arm next to a tray of green items.",computer science; engineering; instructional posters,"Moscow, Idaho",Expo Posters,"Engineering Design EXPO posters, UG 191, University of Idaho Special Collections and Archives, https://www.lib.uidaho.edu/special-collections/",expo2023-021,Text,application/pdf,https://archiveswest.orbiscascade.org/ark:80444/xv920797,eng,"In copyright, educational use permitted. Educational use includes non-commercial reproduction of text and images in materials for teaching and research purposes. For other contexts beyond fair use, including digital reproduction, please contact the University of Idaho Library Special Collections and Archives Department at libspec@uidaho.edu. The University of Idaho Library is not liable for any violations of the law by users.",http://rightsstatements.org/vocab/InC-EDU/1.0/,Computer Science - Automated Insertion of Keys.pdf,expo2023-021.pdf,pdf,https://objects.lib.uidaho.edu/engrir/expo2023-021.pdf,https://objects.lib.uidaho.edu/engrir/small/expo2023-021_sm.jpg,https://objects.lib.uidaho.edu/engrir/thumbs/expo2023-021_th.jpg
engrir162,Optical Device Arm Alignment,Ethan Corgatelli; Donald Hammer; Hunter Leppek; Joseph Miller,2023,2023,"2023 Engineering Design EXPO poster entitled ""Optical Device Arm Alignment,"" created by Ethan Corgatelli, Donald Hammer, Hunter Leppek, Joseph Miller. In the 2023 Program Guide, project is entitled ""Autocalibration Software for Optical Receiver Arm Alignment."" University of Idaho College of Engineering, Department of Computer Science.","Digital poster with text blocks, engineering schematics, and photographs of electronic devices.",computer science; engineering; instructional posters,"Moscow, Idaho",Expo Posters,"Engineering Design EXPO posters, UG 191, University of Idaho Special Collections and Archives, https://www.lib.uidaho.edu/special-collections/",expo2023-022,Text,application/pdf,https://archiveswest.orbiscascade.org/ark:80444/xv920797,eng,"In copyright, educational use permitted. Educational use includes non-commercial reproduction of text and images in materials for teaching and research purposes. For other contexts beyond fair use, including digital reproduction, please contact the University of Idaho Library Special Collections and Archives Department at libspec@uidaho.edu. The University of Idaho Library is not liable for any violations of the law by users.",http://rightsstatements.org/vocab/InC-EDU/1.0/,Computer Science - Autocalibration Software for Optical Receiver Arm Alignment.pdf,expo2023-022.pdf,pdf,https://objects.lib.uidaho.edu/engrir/expo2023-022.pdf,https://objects.lib.uidaho.edu/engrir/small/expo2023-022_sm.jpg,https://objects.lib.uidaho.edu/engrir/thumbs/expo2023-022_th.jpg
engrir163,Idaho Scientific's Secure Helios Demonstration,Macallyster Edmondson; Robert Walko; Kyle LeDoux; Chadwick Goodall; Jackie Lee,2023,2023,"2023 Engineering Design EXPO poster entitled ""Idaho Scientific's Secure Helios Demonstration,"" created by Macallyster Edmondson, Robert Walko, Kyle LeDoux, Chadwick Goodall, Jackie Lee. In the 2023 Program Guide, project is entitled ""Secure Helios Processor Demonstration."" University of Idaho College of Engineering, Department of Electrical and Computer Engineering.",Digital poster with text blocks and engineering schematics.,electrical engineering; engineering; instructional posters,"Moscow, Idaho",Expo Posters,"Engineering Design EXPO posters, UG 191, University of Idaho Special Collections and Archives, https://www.lib.uidaho.edu/special-collections/",expo2023-023,Text,application/pdf,https://archiveswest.orbiscascade.org/ark:80444/xv920797,eng,"In copyright, educational use permitted. Educational use includes non-commercial reproduction of text and images in materials for teaching and research purposes. For other contexts beyond fair use, including digital reproduction, please contact the University of Idaho Library Special Collections and Archives Department at libspec@uidaho.edu. The University of Idaho Library is not liable for any violations of the law by users.",http://rightsstatements.org/vocab/InC-EDU/1.0/,Electrical and Computer Engineering - Secure Helios Processor Demonstration.pdf,expo2023-023.pdf,pdf,https://objects.lib.uidaho.edu/engrir/expo2023-023.pdf,https://objects.lib.uidaho.edu/engrir/small/expo2023-023_sm.jpg,https://objects.lib.uidaho.edu/engrir/thumbs/expo2023-023_th.jpg
engrir164,Spear of Ares: Tube Deployed Reentry Vehicle for Mars Weather Station,Kyle Rast; Owen Blair; Michael Myers; Jonathan Kopf; Steven Rougeux; Shujaea Aldousari; Tao Wang,2023,2023,"2023 Engineering Design EXPO poster entitled ""Spear of Ares: Tube Deployed Reentry Vehicle for Mars Weather Station,"" created by Kyle Rast, Owen Blair, Michael Myers, Jonathan Kopf, Steven Rougeux, Shujaea Aldousari, Tao Wang. In the 2023 Program Guide, project is entitled ""Mars Javelin."" University of Idaho College of Engineering, Department of Electrical and Computer Engineering.","Digital poster with text blocks, data graphs, images of a cylindrical device, and a photograph of a group of people.",electrical engineering; engineering; instructional posters; spacecraft,"Moscow, Idaho",Expo Posters,"Engineering Design EXPO posters, UG 191, University of Idaho Special Collections and Archives, https://www.lib.uidaho.edu/special-collections/",expo2023-024,Text,application/pdf,https://archiveswest.orbiscascade.org/ark:80444/xv920797,eng,"In copyright, educational use permitted. Educational use includes non-commercial reproduction of text and images in materials for teaching and research purposes. For other contexts beyond fair use, including digital reproduction, please contact the University of Idaho Library Special Collections and Archives Department at libspec@uidaho.edu. The University of Idaho Library is not liable for any violations of the law by users.",http://rightsstatements.org/vocab/InC-EDU/1.0/,Electrical and Computer Engineering - Mars Javelin.pdf,expo2023-024.pdf,pdf,https://objects.lib.uidaho.edu/engrir/expo2023-024.pdf,https://objects.lib.uidaho.edu/engrir/small/expo2023-024_sm.jpg,https://objects.lib.uidaho.edu/engrir/thumbs/expo2023-024_th.jpg
engrir165,Detecting and Locating Canceling Faults in Shunt Capacitor Banks,Mohammad Al Ebedan; Zesheng Guo; PeiCheng Ji; Zeying Chen,2023,2023,"2023 Engineering Design EXPO poster entitled ""Detecting and Locating Canceling Faults in Shunt Capacitor Banks,"" created by Mohammad Al Ebedan, Zesheng Guo, PeiCheng Ji, Zeying Chen. University of Idaho College of Engineering, Department of Electrical and Computer Engineering.","Digital poster with text blocks, engineering schematics, data graphs, and photographs of an elaborate electrical device.",electrical engineering; engineering; instructional posters,"Moscow, Idaho",Expo Posters,"Engineering Design EXPO posters, UG 191, University of Idaho Special Collections and Archives, https://www.lib.uidaho.edu/special-collections/",expo2023-025,Text,application/pdf,https://archiveswest.orbiscascade.org/ark:80444/xv920797,eng,"In copyright, educational use permitted. Educational use includes non-commercial reproduction of text and images in materials for teaching and research purposes. For other contexts beyond fair use, including digital reproduction, please contact the University of Idaho Library Special Collections and Archives Department at libspec@uidaho.edu. The University of Idaho Library is not liable for any violations of the law by users.",http://rightsstatements.org/vocab/InC-EDU/1.0/,Electrical and Computer Engineering - Detecting and Locating Canceling Faults in Shu.pdf,expo2023-025.pdf,pdf,https://objects.lib.uidaho.edu/engrir/expo2023-025.pdf,https://objects.lib.uidaho.edu/engrir/small/expo2023-025_sm.jpg,https://objects.lib.uidaho.edu/engrir/thumbs/expo2023-025_th.jpg
engrir166,Infrasonic Wildfire Detection and Reporting,Kurian Georly Kunnathushery; Abdalrahman Alhajri; Meshari Alhajeri; Jiaqi Shi; Mairen Chard; Jack Lewis; Christian Vega,2023,2023,"2023 Engineering Design EXPO poster entitled ""Infrasonic Wildfire Detection and Reporting,"" created by Kurian Georly Kunnathushery, Abdalrahman Alhajri, Meshari Alhajeri, Jiaqi Shi, Mairen Chard, Jack Lewis, Christian Vega. University of Idaho College of Engineering, Department of Electrical and Computer Engineering.","Digital poster with text blocks, engineering schematics, and images of a winglike object.",electrical engineering; engineering; instructional posters,"Moscow, Idaho",Expo Posters,"Engineering Design EXPO posters, UG 191, University of Idaho Special Collections and Archives, https://www.lib.uidaho.edu/special-collections/",expo2023-026,Text,application/pdf,https://archiveswest.orbiscascade.org/ark:80444/xv920797,eng,"In copyright, educational use permitted. Educational use includes non-commercial reproduction of text and images in materials for teaching and research purposes. For other contexts beyond fair use, including digital reproduction, please contact the University of Idaho Library Special Collections and Archives Department at libspec@uidaho.edu. The University of Idaho Library is not liable for any violations of the law by users.",http://rightsstatements.org/vocab/InC-EDU/1.0/,Electrical and Computer Engineering - Infrasonic Wildfire Detection and Reporting De.pdf,expo2023-026.pdf,pdf,https://objects.lib.uidaho.edu/engrir/expo2023-026.pdf,https://objects.lib.uidaho.edu/engrir/small/expo2023-026_sm.jpg,https://objects.lib.uidaho.edu/engrir/thumbs/expo2023-026_th.jpg
engrir167,AI/ML Based Natural Language Interfaces to Databases,Seth Cram; Khoi Nguyen,2023,2023,"2023 Engineering Design EXPO poster entitled ""AI/ML Based Natural Language Interfaces to Databases,"" created by Seth Cram, Khoi Nguyen. University of Idaho College of Engineering, Department of Electrical and Computer Engineering.",Digital poster with text blocks and engineering schematics.,electrical engineering; engineering; instructional posters; artificial intelligence,"Moscow, Idaho",Expo Posters,"Engineering Design EXPO posters, UG 191, University of Idaho Special Collections and Archives, https://www.lib.uidaho.edu/special-collections/",expo2023-027,Text,application/pdf,https://archiveswest.orbiscascade.org/ark:80444/xv920797,eng,"In copyright, educational use permitted. Educational use includes non-commercial reproduction of text and images in materials for teaching and research purposes. For other contexts beyond fair use, including digital reproduction, please contact the University of Idaho Library Special Collections and Archives Department at libspec@uidaho.edu. The University of Idaho Library is not liable for any violations of the law by users.",http://rightsstatements.org/vocab/InC-EDU/1.0/,Electrical and Computer Engineering - AI or ML based Natural Language Interfaces to .pdf,expo2023-027.pdf,pdf,https://objects.lib.uidaho.edu/engrir/expo2023-027.pdf,https://objects.lib.uidaho.edu/engrir/small/expo2023-027_sm.jpg,https://objects.lib.uidaho.edu/engrir/thumbs/expo2023-027_th.jpg
engrir168,Cryogenic Tensile Tester,Ryan Sundburg; Kathryn Reece; Ethan Hinkle; Seth Lunders; Chase Gornick,2023,2023,"2023 Engineering Design EXPO poster entitled ""Cryogenic Tensile Tester,"" created by Ryan Sundburg, Kathryn Reece, Ethan Hinkle, Seth Lunders, Chase Gornick. University of Idaho College of Engineering, Department of Mechanical Engineering.","Digital poster with text blocks, engineering schematics, and images of a device for testing tensile strength of materials.",mechanical engineering; engineering; instructional posters,"Moscow, Idaho",Expo Posters,"Engineering Design EXPO posters, UG 191, University of Idaho Special Collections and Archives, https://www.lib.uidaho.edu/special-collections/",expo2023-028,Text,application/pdf,https://archiveswest.orbiscascade.org/ark:80444/xv920797,eng,"In copyright, educational use permitted. Educational use includes non-commercial reproduction of text and images in materials for teaching and research purposes. For other contexts beyond fair use, including digital reproduction, please contact the University of Idaho Library Special Collections and Archives Department at libspec@uidaho.edu. The University of Idaho Library is not liable for any violations of the law by users.",http://rightsstatements.org/vocab/InC-EDU/1.0/,Mechanical Engineering - Cryogenic Tensile Tester.pdf,expo2023-028.pdf,pdf,https://objects.lib.uidaho.edu/engrir/expo2023-028.pdf,https://objects.lib.uidaho.edu/engrir/small/expo2023-028_sm.jpg,https://objects.lib.uidaho.edu/engrir/thumbs/expo2023-028_th.jpg
engrir169,Impulse Measurement Device,Pat Chmelik; Kyle Christopher; Shane Elmose,2023,2023,"2023 Engineering Design EXPO poster entitled ""Impulse Measurement Device,"" created by Pat Chmelik, Kyle Christopher, Shane Elmose. In the 2023 Program Guide, project is entitled ""Impulse Measurement Device: Measuring Forces Created by Rimfire Ammunition."" University of Idaho College of Engineering, Department of Mechanical Engineering.","Digital poster with text blocks, data graphs, and images of a laptop and assorted electronic devices.",mechanical engineering; engineering; instructional posters,"Moscow, Idaho",Expo Posters,"Engineering Design EXPO posters, UG 191, University of Idaho Special Collections and Archives, https://www.lib.uidaho.edu/special-collections/",expo2023-029,Text,application/pdf,https://archiveswest.orbiscascade.org/ark:80444/xv920797,eng,"In copyright, educational use permitted. Educational use includes non-commercial reproduction of text and images in materials for teaching and research purposes. For other contexts beyond fair use, including digital reproduction, please contact the University of Idaho Library Special Collections and Archives Department at libspec@uidaho.edu. The University of Idaho Library is not liable for any violations of the law by users.",http://rightsstatements.org/vocab/InC-EDU/1.0/,Mechanical Engineering - Impulse Measurement Device.pdf,expo2023-029.pdf,pdf,https://objects.lib.uidaho.edu/engrir/expo2023-029.pdf,https://objects.lib.uidaho.edu/engrir/small/expo2023-029_sm.jpg,https://objects.lib.uidaho.edu/engrir/thumbs/expo2023-029_th.jpg
engrir170,Small-Scale Continuous Casting Demo,Kade Forbes; Tristan Denning; Tim Stevens; Wyatt Knickerbocker; Brennen Coulson,2023,2023,"2023 Engineering Design EXPO poster entitled ""Small-Scale Continuous Casting Demo,"" created by Kade Forbes, Tristan Denning, Tim Stevens, Wyatt Knickerbocker, Brennen Coulson. In the 2023 Program Guide, project is entitled ""Demonstration of Small-Scale Continuous Casting."" University of Idaho College of Engineering, Department of Mechanical Engineering.",Digital poster with text blocks and images of cylindrical and cuboid devices.,mechanical engineering; engineering; instructional posters,"Moscow, Idaho",Expo Posters,"Engineering Design EXPO posters, UG 191, University of Idaho Special Collections and Archives, https://www.lib.uidaho.edu/special-collections/",expo2023-030,Text,application/pdf,https://archiveswest.orbiscascade.org/ark:80444/xv920797,eng,"In copyright, educational use permitted. Educational use includes non-commercial reproduction of text and images in materials for teaching and research purposes. For other contexts beyond fair use, including digital reproduction, please contact the University of Idaho Library Special Collections and Archives Department at libspec@uidaho.edu. The University of Idaho Library is not liable for any violations of the law by users.",http://rightsstatements.org/vocab/InC-EDU/1.0/,Mechanical Engineering - Demonstration of Small-Scale Continuous Casting.pdf,expo2023-030.pdf,pdf,https://objects.lib.uidaho.edu/engrir/expo2023-030.pdf,https://objects.lib.uidaho.edu/engrir/small/expo2023-030_sm.jpg,https://objects.lib.uidaho.edu/engrir/thumbs/expo2023-030_th.jpg
engrir171,Universal Circuit Board Pallet,Michael Cadmus; Stratton Jenks; Tyler Sand; Ben Wren,2023,2023,"2023 Engineering Design EXPO poster entitled ""Universal Circuit Board Pallet,"" created by Michael Cadmus, Stratton Jenks, Tyler Sand, Ben Wren. University of Idaho College of Engineering, Department of Mechanical Engineering.","Digital poster with text blocks, computer generated images of colored shapes, and photographs of a circuit board.",mechanical engineering; engineering; instructional posters,"Moscow, Idaho",Expo Posters,"Engineering Design EXPO posters, UG 191, University of Idaho Special Collections and Archives, https://www.lib.uidaho.edu/special-collections/",expo2023-031,Text,application/pdf,https://archiveswest.orbiscascade.org/ark:80444/xv920797,eng,"In copyright, educational use permitted. Educational use includes non-commercial reproduction of text and images in materials for teaching and research purposes. For other contexts beyond fair use, including digital reproduction, please contact the University of Idaho Library Special Collections and Archives Department at libspec@uidaho.edu. The University of Idaho Library is not liable for any violations of the law by users.",http://rightsstatements.org/vocab/InC-EDU/1.0/,Mechanical Engineering - Universal Circuit Board Pallet.pdf,expo2023-031.pdf,pdf,https://objects.lib.uidaho.edu/engrir/expo2023-031.pdf,https://objects.lib.uidaho.edu/engrir/small/expo2023-031_sm.jpg,https://objects.lib.uidaho.edu/engrir/thumbs/expo2023-031_th.jpg
engrir172,Robotic Assembly of Photovoltaic Arrays,Chandler Calkins; Glen Findley; Tyler Groner; Grant Lucke; David Vorous,2023,2023,"2023 Engineering Design EXPO poster entitled ""Robotic Assembly of Photovoltaic Arrays,"" created by Chandler Calkins, Glen Findley, Tyler Groner, Grant Lucke, David Vorous. University of Idaho College of Engineering, Department of Mechanical Engineering.","Digital poster with text blocks, engineering schematics, and photographs of white robotic arms.",mechanical engineering; engineering; instructional posters,"Moscow, Idaho",Expo Posters,"Engineering Design EXPO posters, UG 191, University of Idaho Special Collections and Archives, https://www.lib.uidaho.edu/special-collections/",expo2023-032,Text,application/pdf,https://archiveswest.orbiscascade.org/ark:80444/xv920797,eng,"In copyright, educational use permitted. Educational use includes non-commercial reproduction of text and images in materials for teaching and research purposes. For other contexts beyond fair use, including digital reproduction, please contact the University of Idaho Library Special Collections and Archives Department at libspec@uidaho.edu. The University of Idaho Library is not liable for any violations of the law by users.",http://rightsstatements.org/vocab/InC-EDU/1.0/,Mechanical Engineering - Robotic Assembly of Photovoltaic Arrays.pdf,expo2023-032.pdf,pdf,https://objects.lib.uidaho.edu/engrir/expo2023-032.pdf,https://objects.lib.uidaho.edu/engrir/small/expo2023-032_sm.jpg,https://objects.lib.uidaho.edu/engrir/thumbs/expo2023-032_th.jpg
engrir173,Reciprocating Saw Attachment for Robotic Arm,Bennett Schlect; Blake Hansen; Cameron Summerfield; Kyle Monaghan,2023,2023,"2023 Engineering Design EXPO poster entitled ""Reciprocating Saw Attachment for Robotic Arm,"" created by Bennett Schlect, Blake Hansen, Cameron Summerfield, Kyle Monaghan. In the 2023 Program Guide, project is entitled ""Reciprocating Saw End-Effector for Hot-Cell Robotic Arm."" University of Idaho College of Engineering, Department of Mechanical Engineering.",Digital poster with text blocks and images of a robotic arm with a saw attachment on the end.,mechanical engineering; engineering; instructional posters,"Moscow, Idaho",Expo Posters,"Engineering Design EXPO posters, UG 191, University of Idaho Special Collections and Archives, https://www.lib.uidaho.edu/special-collections/",expo2023-033,Text,application/pdf,https://archiveswest.orbiscascade.org/ark:80444/xv920797,eng,"In copyright, educational use permitted. Educational use includes non-commercial reproduction of text and images in materials for teaching and research purposes. For other contexts beyond fair use, including digital reproduction, please contact the University of Idaho Library Special Collections and Archives Department at libspec@uidaho.edu. The University of Idaho Library is not liable for any violations of the law by users.",http://rightsstatements.org/vocab/InC-EDU/1.0/,Mechanical Engineering - Reciprocating Saw End-effector for Hot Cell Robotic Arm.pdf,expo2023-033.pdf,pdf,https://objects.lib.uidaho.edu/engrir/expo2023-033.pdf,https://objects.lib.uidaho.edu/engrir/small/expo2023-033_sm.jpg,https://objects.lib.uidaho.edu/engrir/thumbs/expo2023-033_th.jpg
engrir174,Prandtl-D Flying Wing Demonstration,Nicolas Burrows; Taylor Herndon; Zach Heimbigner; Keenan Bryan; Gus Almanza,2023,2023,"2023 Engineering Design EXPO poster entitled ""Prandtl-D Flying Wing Demonstration,"" created by Nicolas Burrows, Taylor Herndon, Zach Heimbigner, Keenan Bryan, Gus Almanza. University of Idaho College of Engineering, Department of Mechanical Engineering.",Digital poster with text blocks and images of a simple V-shaped aerial vehicle.,mechanical engineering; engineering; instructional posters,"Moscow, Idaho",Expo Posters,"Engineering Design EXPO posters, UG 191, University of Idaho Special Collections and Archives, https://www.lib.uidaho.edu/special-collections/",expo2023-034,Text,application/pdf,https://archiveswest.orbiscascade.org/ark:80444/xv920797,eng,"In copyright, educational use permitted. Educational use includes non-commercial reproduction of text and images in materials for teaching and research purposes. For other contexts beyond fair use, including digital reproduction, please contact the University of Idaho Library Special Collections and Archives Department at libspec@uidaho.edu. The University of Idaho Library is not liable for any violations of the law by users.",http://rightsstatements.org/vocab/InC-EDU/1.0/,Mechanical Engineering - Prandtl-D Flying Wing Demonstration.pdf,expo2023-034.pdf,pdf,https://objects.lib.uidaho.edu/engrir/expo2023-034.pdf,https://objects.lib.uidaho.edu/engrir/small/expo2023-034_sm.jpg,https://objects.lib.uidaho.edu/engrir/thumbs/expo2023-034_th.jpg
engrir175,Leg Exoskeleton for Multiple Sclerosis,Ashley O'Connor; Joshua Wilson; Trenten Patton; Josie Allen,2023,2023,"2023 Engineering Design EXPO poster entitled ""Leg Exoskeleton for Multiple Sclerosis,"" created by Ashley O'Connor, Joshua Wilson, Trenten Patton, Josie Allen. University of Idaho College of Engineering, Department of Mechanical Engineering.","Digital poster with text blocks, data graphs, and images of the components of a leg exoskeleton.",mechanical engineering; engineering; instructional posters; medical equipment,"Moscow, Idaho",Expo Posters,"Engineering Design EXPO posters, UG 191, University of Idaho Special Collections and Archives, https://www.lib.uidaho.edu/special-collections/",expo2023-035,Text,application/pdf,https://archiveswest.orbiscascade.org/ark:80444/xv920797,eng,"In copyright, educational use permitted. Educational use includes non-commercial reproduction of text and images in materials for teaching and research purposes. For other contexts beyond fair use, including digital reproduction, please contact the University of Idaho Library Special Collections and Archives Department at libspec@uidaho.edu. The University of Idaho Library is not liable for any violations of the law by users.",http://rightsstatements.org/vocab/InC-EDU/1.0/,Mechanical Engineering - Leg ExoSkeleton For Multiple Sclerosis.pdf,expo2023-035.pdf,pdf,https://objects.lib.uidaho.edu/engrir/expo2023-035.pdf,https://objects.lib.uidaho.edu/engrir/small/expo2023-035_sm.jpg,https://objects.lib.uidaho.edu/engrir/thumbs/expo2023-035_th.jpg
engrir176,Hyster-UI Mini Lever Module (MLM) Armrest Adjustment System,Colin Nancarrow; Chris Schultz; Michael Williams,2023,2023,"2023 Engineering Design EXPO poster entitled ""Hyster-UI Mini Lever Module (MLM) Armrest Adjustment System,"" created by Colin Nancarrow, Chris Schultz, Michael Williams. In the 2023 Program Guide, project is entitled ""MLM Armrest Adjustment Locking Mechanism."" University of Idaho College of Engineering, Department of Mechanical Engineering.",Digital poster with text blocks and computer generated images of the components of an arm rest.,mechanical engineering; engineering; instructional posters,"Moscow, Idaho",Expo Posters,"Engineering Design EXPO posters, UG 191, University of Idaho Special Collections and Archives, https://www.lib.uidaho.edu/special-collections/",expo2023-036,Text,application/pdf,https://archiveswest.orbiscascade.org/ark:80444/xv920797,eng,"In copyright, educational use permitted. Educational use includes non-commercial reproduction of text and images in materials for teaching and research purposes. For other contexts beyond fair use, including digital reproduction, please contact the University of Idaho Library Special Collections and Archives Department at libspec@uidaho.edu. The University of Idaho Library is not liable for any violations of the law by users.",http://rightsstatements.org/vocab/InC-EDU/1.0/,Mechanical Engineering - MLM Armrest Adjustment.pdf,expo2023-036.pdf,pdf,https://objects.lib.uidaho.edu/engrir/expo2023-036.pdf,https://objects.lib.uidaho.edu/engrir/small/expo2023-036_sm.jpg,https://objects.lib.uidaho.edu/engrir/thumbs/expo2023-036_th.jpg
engrir177,Oil-Film Interferometry: Quantification of aerodynamic performance of riveted and smooth airfoil,Shalom Masango; Brendyn Goodwin; Ryan Schaefer,2023,2023,"2023 Engineering Design EXPO poster entitled ""Oil-Film Interferometry,"" created by Shalom Masango, Brendyn Goodwin, Ryan Schaefer. University of Idaho College of Engineering, Department of Mechanical Engineering.","Digital poster with text blocks, data graphs, and images of an electronic device.",mechanical engineering; engineering; instructional posters,"Moscow, Idaho",Expo Posters,"Engineering Design EXPO posters, UG 191, University of Idaho Special Collections and Archives, https://www.lib.uidaho.edu/special-collections/",expo2023-037,Text,application/pdf,https://archiveswest.orbiscascade.org/ark:80444/xv920797,eng,"In copyright, educational use permitted. Educational use includes non-commercial reproduction of text and images in materials for teaching and research purposes. For other contexts beyond fair use, including digital reproduction, please contact the University of Idaho Library Special Collections and Archives Department at libspec@uidaho.edu. The University of Idaho Library is not liable for any violations of the law by users.",http://rightsstatements.org/vocab/InC-EDU/1.0/,Mechanical Engineering - Oil Film Interferometry.pdf,expo2023-037.pdf,pdf,https://objects.lib.uidaho.edu/engrir/expo2023-037.pdf,https://objects.lib.uidaho.edu/engrir/small/expo2023-037_sm.jpg,https://objects.lib.uidaho.edu/engrir/thumbs/expo2023-037_th.jpg
engrir178,Fork Truck Pendant Controller,Ben Bunce; Ross Dunworth; Ernesto Orozco; Oakley Todd; Katelyn Kinson,2023,2023,"2023 Engineering Design EXPO poster entitled ""Fork Truck Pendant Controller,"" created by Ben Bunce, Ross Dunworth, Ernesto Orozco, Oakley Todd, Katelyn Kinson. In the 2023 Program Guide, project is entitled ""Pendant Controller for Automated Fork Truck."" University of Idaho College of Engineering, Department of Mechanical Engineering.","Digital poster with text blocks, engineering schematics, and images of a handheld controller.",mechanical engineering; engineering; instructional posters,"Moscow, Idaho",Expo Posters,"Engineering Design EXPO posters, UG 191, University of Idaho Special Collections and Archives, https://www.lib.uidaho.edu/special-collections/",expo2023-038,Text,application/pdf,https://archiveswest.orbiscascade.org/ark:80444/xv920797,eng,"In copyright, educational use permitted. Educational use includes non-commercial reproduction of text and images in materials for teaching and research purposes. For other contexts beyond fair use, including digital reproduction, please contact the University of Idaho Library Special Collections and Archives Department at libspec@uidaho.edu. The University of Idaho Library is not liable for any violations of the law by users.",http://rightsstatements.org/vocab/InC-EDU/1.0/,Mechanical Engineering - Pendant Controller for Automated Fork Truck.pdf,expo2023-038.pdf,pdf,https://objects.lib.uidaho.edu/engrir/expo2023-038.pdf,https://objects.lib.uidaho.edu/engrir/small/expo2023-038_sm.jpg,https://objects.lib.uidaho.edu/engrir/thumbs/expo2023-038_th.jpg
engrir179,Fuel Crash Shutoff,Abdul Alghamdi; Tyler Bendele; Dawson Hicks; Dean Johnson; Andrea Tomchak,2023,2023,"2023 Engineering Design EXPO poster entitled ""Fuel Crash Shutoff,"" created by Abdul Alghamdi, Tyler Bendele, Dawson Hicks, Dean Johnson, Andrea Tomchak. In the 2023 Program Guide, project is entitled ""Aircraft Fuel Crash Shutoff Safety Valve."" University of Idaho College of Engineering, Department of Mechanical Engineering.","Digital poster with text blocks, images of various components of an electronic device, and a photograph of a group of people.",mechanical engineering; engineering; instructional posters,"Moscow, Idaho",Expo Posters,"Engineering Design EXPO posters, UG 191, University of Idaho Special Collections and Archives, https://www.lib.uidaho.edu/special-collections/",expo2023-039,Text,application/pdf,https://archiveswest.orbiscascade.org/ark:80444/xv920797,eng,"In copyright, educational use permitted. Educational use includes non-commercial reproduction of text and images in materials for teaching and research purposes. For other contexts beyond fair use, including digital reproduction, please contact the University of Idaho Library Special Collections and Archives Department at libspec@uidaho.edu. The University of Idaho Library is not liable for any violations of the law by users.",http://rightsstatements.org/vocab/InC-EDU/1.0/,Mechanical Engineering - Aircraft Fuel Crash Shutoff Safety Valve.pdf,expo2023-039.pdf,pdf,https://objects.lib.uidaho.edu/engrir/expo2023-039.pdf,https://objects.lib.uidaho.edu/engrir/small/expo2023-039_sm.jpg,https://objects.lib.uidaho.edu/engrir/thumbs/expo2023-039_th.jpg
engrir180,Steam Plant Fisheries Water Recapture,Caden Hall; Jakayla Wight,2024,2024,"2024 Engineering Design EXPO poster entitled ""Steam Plant Fisheries Water Recapture,"" created by Caden Hall, Jakayla Wight. University of Idaho College of Engineering, Department of Mechanical Engineering.","Digital poster with text blocks, data graphs, and an image of a scale model of buildings and streets with a pipe running underneath them.",mechanical engineering; engineering; instructional posters,"Moscow, Idaho",Expo Posters,"Engineering Design EXPO posters, UG 191, University of Idaho Special Collections and Archives, https://www.lib.uidaho.edu/special-collections/",expo2024-001,Text,application/pdf,https://archiveswest.orbiscascade.org/ark:80444/xv920797,eng,"In copyright, educational use permitted. Educational use includes non-commercial reproduction of text and images in materials for teaching and research purposes. For other contexts beyond fair use, including digital reproduction, please contact the University of Idaho Library Special Collections and Archives Department at libspec@uidaho.edu. The University of Idaho Library is not liable for any violations of the law by users.",http://rightsstatements.org/vocab/InC-EDU/1.0/,R_1bvZvQ53PkFvvQl_Expo-McKinstry.pdf,expo2024-001.pdf,pdf,https://objects.lib.uidaho.edu/engrir/expo2024-001.pdf,https://objects.lib.uidaho.edu/engrir/small/expo2024-001_sm.jpg,https://objects.lib.uidaho.edu/engrir/thumbs/expo2024-001_th.jpg
engrir181,Empowering Health Through Design: ML Solutions for Breast Cancer Detection,Jackson Baldwin; Bryan Frahm; Nyah Nelson; Sihan Wu,2024,2024,"2024 Engineering Design EXPO poster entitled ""Empowering Health Through Design: ML Solutions for Breast Cancer Detection,"" created by Jackson Baldwin, Bryan Frahm, Nyah Nelson, Sihan Wu. University of Idaho College of Engineering, Department of Computer Science.",Digital poster with text blocks and several images of mammograms.,computer science; engineering; instructional posters,"Moscow, Idaho",Expo Posters,"Engineering Design EXPO posters, UG 191, University of Idaho Special Collections and Archives, https://www.lib.uidaho.edu/special-collections/",expo2024-002,Text,application/pdf,https://archiveswest.orbiscascade.org/ark:80444/xv920797,eng,"In copyright, educational use permitted. Educational use includes non-commercial reproduction of text and images in materials for teaching and research purposes. For other contexts beyond fair use, including digital reproduction, please contact the University of Idaho Library Special Collections and Archives Department at libspec@uidaho.edu. The University of Idaho Library is not liable for any violations of the law by users.",http://rightsstatements.org/vocab/InC-EDU/1.0/,R_3Edxkf3RIjallS1_Empowering_Health_Through_Design_ML_Solutions_for_Breast_Cancer_Early_Detection.pdf,expo2024-002.pdf,pdf,https://objects.lib.uidaho.edu/engrir/expo2024-002.pdf,https://objects.lib.uidaho.edu/engrir/small/expo2024-002_sm.jpg,https://objects.lib.uidaho.edu/engrir/thumbs/expo2024-002_th.jpg
engrir182,Glass and Metallic Uranium Dust Separation System,Isaac Corgatelli; Emily Mack; Joseph Norman; Ying Yang,2024,2024,"2024 Engineering Design EXPO poster entitled ""Glass and Metallic Uranium Dust Separation System,"" created by Isaac Corgatelli, Emily Mack, Joseph Norman, Ying Yang. In the 2024 Program Guide, project is entitled ""INL Uranium, Glass & Dust Separation."" University of Idaho College of Engineering, Department of Mechanical Engineering.","Digital poster with text blocks, images of a blue plastic wheel, and a photograph of a group of people.",mechanical engineering; engineering; instructional posters,"Moscow, Idaho",Expo Posters,"Engineering Design EXPO posters, UG 191, University of Idaho Special Collections and Archives, https://www.lib.uidaho.edu/special-collections/",expo2024-003,Text,application/pdf,https://archiveswest.orbiscascade.org/ark:80444/xv920797,eng,"In copyright, educational use permitted. Educational use includes non-commercial reproduction of text and images in materials for teaching and research purposes. For other contexts beyond fair use, including digital reproduction, please contact the University of Idaho Library Special Collections and Archives Department at libspec@uidaho.edu. The University of Idaho Library is not liable for any violations of the law by users.",http://rightsstatements.org/vocab/InC-EDU/1.0/,R_2X0C8gKrEeDvfrR_EXPO Poster.pdf,expo2024-003.pdf,pdf,https://objects.lib.uidaho.edu/engrir/expo2024-003.pdf,https://objects.lib.uidaho.edu/engrir/small/expo2024-003_sm.jpg,https://objects.lib.uidaho.edu/engrir/thumbs/expo2024-003_th.jpg
engrir183,Green Gas: Converting Renewable Energy to Synthetic Natural Gas,Chelsea Barrera; Paetra Morgan; Kaylee Janett,2024,2024,"2024 Engineering Design EXPO poster entitled ""Green Gas: Converting Renewable Energy to Synthetic Natural Gas,"" created by Chelsea Barrera, Paetra Morgan, Kaylee Janett. University of Idaho College of Engineering, Department of Chemical and Biological Engineering.",Digital poster with text block and engineering schematics.,chemical engineering; engineering; instructional posters,"Moscow, Idaho",Expo Posters,"Engineering Design EXPO posters, UG 191, University of Idaho Special Collections and Archives, https://www.lib.uidaho.edu/special-collections/",expo2024-004,Text,application/pdf,https://archiveswest.orbiscascade.org/ark:80444/xv920797,eng,"In copyright, educational use permitted. Educational use includes non-commercial reproduction of text and images in materials for teaching and research purposes. For other contexts beyond fair use, including digital reproduction, please contact the University of Idaho Library Special Collections and Archives Department at libspec@uidaho.edu. The University of Idaho Library is not liable for any violations of the law by users.",http://rightsstatements.org/vocab/InC-EDU/1.0/,R_2Zr3JWw0B65XayB_Green Gas-Converting Renewable Energy to Synthetic Natural Gas.pdf,expo2024-004.pdf,pdf,https://objects.lib.uidaho.edu/engrir/expo2024-004.pdf,https://objects.lib.uidaho.edu/engrir/small/expo2024-004_sm.jpg,https://objects.lib.uidaho.edu/engrir/thumbs/expo2024-004_th.jpg
engrir184,Prandtl-D Advancing Autonomous UAVs for Wildfire Prevention,Ian Cluff; Virginia Herbord; Matthew Weber; Yibo Wang; Kyle Hash; Akhil Karri,2024,2024,"2024 Engineering Design EXPO poster entitled ""Prandtl-D Advancing Autonomous UAVs for Wildfire Prevention,"" created by Ian Cluff, Virginia Herbord, Matthew Weber, Yibo Wang, Kyle Hash, Akhil Karri. University of Idaho College of Engineering, Department of Mechanical Engineering.","Digital poster with text blocks, engineering schematics, images of a flying vehicle, and a photograph of a group of people.",mechanical engineering; engineering; instructional posters,"Moscow, Idaho",Expo Posters,"Engineering Design EXPO posters, UG 191, University of Idaho Special Collections and Archives, https://www.lib.uidaho.edu/special-collections/",expo2024-005,Text,application/pdf,https://archiveswest.orbiscascade.org/ark:80444/xv920797,eng,"In copyright, educational use permitted. Educational use includes non-commercial reproduction of text and images in materials for teaching and research purposes. For other contexts beyond fair use, including digital reproduction, please contact the University of Idaho Library Special Collections and Archives Department at libspec@uidaho.edu. The University of Idaho Library is not liable for any violations of the law by users.",http://rightsstatements.org/vocab/InC-EDU/1.0/,R_2M981P8e4Qe8LGz_Prandtl-D_Wing_Advancing_Autonomous_UAVs_for_Wildfire_Prevention.pdf,expo2024-005.pdf,pdf,https://objects.lib.uidaho.edu/engrir/expo2024-005.pdf,https://objects.lib.uidaho.edu/engrir/small/expo2024-005_sm.jpg,https://objects.lib.uidaho.edu/engrir/thumbs/expo2024-005_th.jpg
engrir185,Shock Circuit for Virtual Fence System,Zachary DeLuca; Abigail Fellows; Jaycee Johnson; Sydney Schoth,2024,2024,"2024 Engineering Design EXPO poster entitled ""Shock Circuit for Virtual Fence System,"" created by Zachary DeLuca, Abigail Fellows, Jaycee Johnson, Sydney Schoth. University of Idaho College of Engineering, Department of Chemical and Biological Engineering.","Digital poster with text blocks, data graphs, and engineering schematics.",biological engineering; engineering; instructional posters,"Moscow, Idaho",Expo Posters,"Engineering Design EXPO posters, UG 191, University of Idaho Special Collections and Archives, https://www.lib.uidaho.edu/special-collections/",expo2024-006,Text,application/pdf,https://archiveswest.orbiscascade.org/ark:80444/xv920797,eng,"In copyright, educational use permitted. Educational use includes non-commercial reproduction of text and images in materials for teaching and research purposes. For other contexts beyond fair use, including digital reproduction, please contact the University of Idaho Library Special Collections and Archives Department at libspec@uidaho.edu. The University of Idaho Library is not liable for any violations of the law by users.",http://rightsstatements.org/vocab/InC-EDU/1.0/,R_2M09IUjRYBfDHXF_Expo Poster.pdf,expo2024-006.pdf,pdf,https://objects.lib.uidaho.edu/engrir/expo2024-006.pdf,https://objects.lib.uidaho.edu/engrir/small/expo2024-006_sm.jpg,https://objects.lib.uidaho.edu/engrir/thumbs/expo2024-006_th.jpg
engrir186,Vertically Opening Forklift Cab Door Window,Alex Bailey; Cameron Kaminski; Hunter Higginbotham; Khaled Alamoudi,2024,2024,"2024 Engineering Design EXPO poster entitled ""Vertically Opening Forklift Cab Door Window,"" created Alex Bailey, Cameron Kaminski, Hunter Higginbotham, Khaled Alamoudi. University of Idaho College of Engineering, Department of Mechanical Engineering.",Digital poster with text blocks and images of a forklift.,mechanical engineering; engineering; instructional posters,"Moscow, Idaho",Expo Posters,"Engineering Design EXPO posters, UG 191, University of Idaho Special Collections and Archives, https://www.lib.uidaho.edu/special-collections/",expo2024-007,Text,application/pdf,https://archiveswest.orbiscascade.org/ark:80444/xv920797,eng,"In copyright, educational use permitted. Educational use includes non-commercial reproduction of text and images in materials for teaching and research purposes. For other contexts beyond fair use, including digital reproduction, please contact the University of Idaho Library Special Collections and Archives Department at libspec@uidaho.edu. The University of Idaho Library is not liable for any violations of the law by users.",http://rightsstatements.org/vocab/InC-EDU/1.0/,R_2EDWGGRWbHnnDzT_ExpoPoster.pdf,expo2024-007.pdf,pdf,https://objects.lib.uidaho.edu/engrir/expo2024-007.pdf,https://objects.lib.uidaho.edu/engrir/small/expo2024-007_sm.jpg,https://objects.lib.uidaho.edu/engrir/thumbs/expo2024-007_th.jpg
engrir187,DC Power Bus,Shihao Bian; Christopher Pierson; Yuncong Zhou,2024,2024,"2024 Engineering Design EXPO poster entitled ""DC Power Bus,"" created by Shihao Bian, Christopher Pierson, Yuncong Zhou. In the 2024 Program Guide, project is entitled ""Make Household Power More Efficient Than Usual!"" University of Idaho College of Engineering, Department of Electrical and Computer Engineering.",Digital poster with text blocks and engineering schematics.,electrical engineering; engineering; instructional posters,"Moscow, Idaho",Expo Posters,"Engineering Design EXPO posters, UG 191, University of Idaho Special Collections and Archives, https://www.lib.uidaho.edu/special-collections/",expo2024-008,Text,application/pdf,https://archiveswest.orbiscascade.org/ark:80444/xv920797,eng,"In copyright, educational use permitted. Educational use includes non-commercial reproduction of text and images in materials for teaching and research purposes. For other contexts beyond fair use, including digital reproduction, please contact the University of Idaho Library Special Collections and Archives Department at libspec@uidaho.edu. The University of Idaho Library is not liable for any violations of the law by users.",http://rightsstatements.org/vocab/InC-EDU/1.0/,R_2QMQVb6yRhUnVnn_DC_Power_Bus.pdf,expo2024-008.pdf,pdf,https://objects.lib.uidaho.edu/engrir/expo2024-008.pdf,https://objects.lib.uidaho.edu/engrir/small/expo2024-008_sm.jpg,https://objects.lib.uidaho.edu/engrir/thumbs/expo2024-008_th.jpg
engrir188,Modeling Cybersecurity Threats with a Ferris Wheel,Hunter Squires; Sean Devine; Matthew Neel; Karina Permann; Zherong Qian,2024,2024,"2024 Engineering Design EXPO poster entitled ""Modeling Cybersecurity Threats with a Ferris Wheel,"" created by Hunter Squires, Sean Devine, Matthew Neel, Karina Permann, Zherong Qian. University of Idaho College of Engineering, Department of Computer Science.",Digital poster with text blocks and data tables.,computer science; engineering; instructional posters,"Moscow, Idaho",Expo Posters,"Engineering Design EXPO posters, UG 191, University of Idaho Special Collections and Archives, https://www.lib.uidaho.edu/special-collections/",expo2024-009,Text,application/pdf,https://archiveswest.orbiscascade.org/ark:80444/xv920797,eng,"In copyright, educational use permitted. Educational use includes non-commercial reproduction of text and images in materials for teaching and research purposes. For other contexts beyond fair use, including digital reproduction, please contact the University of Idaho Library Special Collections and Archives Department at libspec@uidaho.edu. The University of Idaho Library is not liable for any violations of the law by users.",http://rightsstatements.org/vocab/InC-EDU/1.0/,R_1lVxRxXJkba0Phm_Modeling_Cybersecurity_Threats_with_a _Ferris_Wheel.pdf,expo2024-009.pdf,pdf,https://objects.lib.uidaho.edu/engrir/expo2024-009.pdf,https://objects.lib.uidaho.edu/engrir/small/expo2024-009_sm.jpg,https://objects.lib.uidaho.edu/engrir/thumbs/expo2024-009_th.jpg
engrir189,Bioreactor System to Explore Cell Response,Benjamin Morenas; Ishmael Staples; Carson Sloan; Carson Rueber; Chris Bui; Guo Zhonghao,2024,2024,"2024 Engineering Design EXPO poster entitled ""Bioreactor System to Explore Cell Response,"" created by Benjamin Morenas, Ishmael Staples, Carson Sloan, Carson Rueber, Chris Bui, Guo Zhonghao. University of Idaho College of Engineering, Department of Chemical and Biological Engineering.","Digital poster with text blocks, engineering schematics, and images of a device composed of objects connected by thin cords.",biological engineering; engineering; instructional posters,"Moscow, Idaho",Expo Posters,"Engineering Design EXPO posters, UG 191, University of Idaho Special Collections and Archives, https://www.lib.uidaho.edu/special-collections/",expo2024-010,Text,application/pdf,https://archiveswest.orbiscascade.org/ark:80444/xv920797,eng,"In copyright, educational use permitted. Educational use includes non-commercial reproduction of text and images in materials for teaching and research purposes. For other contexts beyond fair use, including digital reproduction, please contact the University of Idaho Library Special Collections and Archives Department at libspec@uidaho.edu. The University of Idaho Library is not liable for any violations of the law by users.",http://rightsstatements.org/vocab/InC-EDU/1.0/,R_2CsF6x8AGZIIj3X_Bioreactor System to Explore Cell Response - EXPO Poster.pdf,expo2024-010.pdf,pdf,https://objects.lib.uidaho.edu/engrir/expo2024-010.pdf,https://objects.lib.uidaho.edu/engrir/small/expo2024-010_sm.jpg,https://objects.lib.uidaho.edu/engrir/thumbs/expo2024-010_th.jpg
engrir190,Ember Generator for Forest Fire Simulation,Jackson Coleman; Caleb Hanson; Cassidi Shindler; Alec Smart; Peter Wieber,2024,2024,"2024 Engineering Design EXPO poster entitled ""Ember Generator for Forest Fire Simulation,"" created by Jackson Coleman, Caleb Hanson, Cassidi Shindler, Alec Smart, Peter Wieber. University of Idaho College of Engineering, Department of Mechanical Engineering.","Digital poster with text blocks, data graphs, and images of a metal device with multiple cylinders that emits fire.",mechanical engineering; engineering; instructional posters,"Moscow, Idaho",Expo Posters,"Engineering Design EXPO posters, UG 191, University of Idaho Special Collections and Archives, https://www.lib.uidaho.edu/special-collections/",expo2024-011,Text,application/pdf,https://archiveswest.orbiscascade.org/ark:80444/xv920797,eng,"In copyright, educational use permitted. Educational use includes non-commercial reproduction of text and images in materials for teaching and research purposes. For other contexts beyond fair use, including digital reproduction, please contact the University of Idaho Library Special Collections and Archives Department at libspec@uidaho.edu. The University of Idaho Library is not liable for any violations of the law by users.",http://rightsstatements.org/vocab/InC-EDU/1.0/,R_1D1VpB9yQpgEptx_Ember Generator for Forest Fire Simulation.pdf,expo2024-011.pdf,pdf,https://objects.lib.uidaho.edu/engrir/expo2024-011.pdf,https://objects.lib.uidaho.edu/engrir/small/expo2024-011_sm.jpg,https://objects.lib.uidaho.edu/engrir/thumbs/expo2024-011_th.jpg
engrir191,Using Deep Learning to Provide Feedback for Remote Physical Rehabilitation,Xian Gao; Molly Meadows; Noah Rieth,2024,2024,"2024 Engineering Design EXPO poster entitled ""Using Deep Learning to Provide Feedback for Remote Physical Rehabilitation,"" created by Xian Gao, Molly Meadows, Noah Rieth. University of Idaho College of Engineering, Department of Computer Science.",Digital poster with text blocks and data graphs.,computer science; engineering; instructional posters,"Moscow, Idaho",Expo Posters,"Engineering Design EXPO posters, UG 191, University of Idaho Special Collections and Archives, https://www.lib.uidaho.edu/special-collections/",expo2024-012,Text,application/pdf,https://archiveswest.orbiscascade.org/ark:80444/xv920797,eng,"In copyright, educational use permitted. Educational use includes non-commercial reproduction of text and images in materials for teaching and research purposes. For other contexts beyond fair use, including digital reproduction, please contact the University of Idaho Library Special Collections and Archives Department at libspec@uidaho.edu. The University of Idaho Library is not liable for any violations of the law by users.",http://rightsstatements.org/vocab/InC-EDU/1.0/,R_7DZpQX3IHaYdxNP_Using_Deep_Learning_To_Provide_Feedback_For_Remote_Physical_Rehabilitation.pdf,expo2024-012.pdf,pdf,https://objects.lib.uidaho.edu/engrir/expo2024-012.pdf,https://objects.lib.uidaho.edu/engrir/small/expo2024-012_sm.jpg,https://objects.lib.uidaho.edu/engrir/thumbs/expo2024-012_th.jpg
engrir192,Controlled Velocity Projectile Acceleration Using Compressed Air,Reed Ofsthun; Jacob Liedle; Trenton Gardella; Aidan Whooley,2024,2024,"2024 Engineering Design EXPO poster entitled ""Controlled Velocity Projectile Acceleration Using Compressed Air,"" created by Reed Ofsthun, Jacob Liedle, Trenton Gardella, Aidan Whooley. University of Idaho College of Engineering, Department of Mechanical Engineering.","Digital poster with text blocks, data graphs, and photographs of a complex device connected to a laptop.",mechanical engineering; engineering; instructional posters,"Moscow, Idaho",Expo Posters,"Engineering Design EXPO posters, UG 191, University of Idaho Special Collections and Archives, https://www.lib.uidaho.edu/special-collections/",expo2024-013,Text,application/pdf,https://archiveswest.orbiscascade.org/ark:80444/xv920797,eng,"In copyright, educational use permitted. Educational use includes non-commercial reproduction of text and images in materials for teaching and research purposes. For other contexts beyond fair use, including digital reproduction, please contact the University of Idaho Library Special Collections and Archives Department at libspec@uidaho.edu. The University of Idaho Library is not liable for any violations of the law by users.",http://rightsstatements.org/vocab/InC-EDU/1.0/,R_6J3H9Zwrd1BImn3_Controlled_Velocity_Projectile_Acceleration_Using_Compressed_Air.pdf,expo2024-013.pdf,pdf,https://objects.lib.uidaho.edu/engrir/expo2024-013.pdf,https://objects.lib.uidaho.edu/engrir/small/expo2024-013_sm.jpg,https://objects.lib.uidaho.edu/engrir/thumbs/expo2024-013_th.jpg
engrir193,Nightforce Automated Ring Assembly Machine,Bryce Hendrickson; Lane Pierce; Luke Presta; Josiah Widmayer,2024,2024,"2024 Engineering Design EXPO poster entitled ""Nightforce Automated Ring Assembly Machine,"" created by Bryce Hendrickson, Lane Pierce, Luke Presta, Josiah Widmayer. In the 2024 Program Guide, project is entitled ""Automated Ring Assembly Machine."" University of Idaho College of Engineering, Department of Mechanical Engineering.","Digital poster with text blocks, images of a device consisting of a round plate within a cuboid frame, and a photograph of a group of people.",mechanical engineering; engineering; instructional posters,"Moscow, Idaho",Expo Posters,"Engineering Design EXPO posters, UG 191, University of Idaho Special Collections and Archives, https://www.lib.uidaho.edu/special-collections/",expo2024-014,Text,application/pdf,https://archiveswest.orbiscascade.org/ark:80444/xv920797,eng,"In copyright, educational use permitted. Educational use includes non-commercial reproduction of text and images in materials for teaching and research purposes. For other contexts beyond fair use, including digital reproduction, please contact the University of Idaho Library Special Collections and Archives Department at libspec@uidaho.edu. The University of Idaho Library is not liable for any violations of the law by users.",http://rightsstatements.org/vocab/InC-EDU/1.0/,R_6otzFMlfGlntYjf_Automated-Ring-Assembly-Machine.pdf,expo2024-014.pdf,pdf,https://objects.lib.uidaho.edu/engrir/expo2024-014.pdf,https://objects.lib.uidaho.edu/engrir/small/expo2024-014_sm.jpg,https://objects.lib.uidaho.edu/engrir/thumbs/expo2024-014_th.jpg
engrir194,Development of Low-Cost Process to Create EMI Shield,Keaton Hewitt; Khristian Ceballos; Stephen Wright; Paul Sanchirico; Kyle Richmond,2024,2024,"2024 Engineering Design EXPO poster entitled ""Development of Low-Cost Process to Create EMI Shield,"" created by Keaton Hewitt, Khristian Ceballos, Stephen Wright, Paul Sanchirico, Kyle Richmond. University of Idaho College of Engineering, Department of Mechanical Engineering.","Digital poster with text blocks, images of a device with nesting circular components, and a photograph of a group of people.",mechanical engineering; engineering; instructional posters,"Moscow, Idaho",Expo Posters,"Engineering Design EXPO posters, UG 191, University of Idaho Special Collections and Archives, https://www.lib.uidaho.edu/special-collections/",expo2024-015,Text,application/pdf,https://archiveswest.orbiscascade.org/ark:80444/xv920797,eng,"In copyright, educational use permitted. Educational use includes non-commercial reproduction of text and images in materials for teaching and research purposes. For other contexts beyond fair use, including digital reproduction, please contact the University of Idaho Library Special Collections and Archives Department at libspec@uidaho.edu. The University of Idaho Library is not liable for any violations of the law by users.",http://rightsstatements.org/vocab/InC-EDU/1.0/,R_5ROdcFUFkfOSnnk_Development_of_low-cost_process_to create_EMI_shield.pdf,expo2024-015.pdf,pdf,https://objects.lib.uidaho.edu/engrir/expo2024-015.pdf,https://objects.lib.uidaho.edu/engrir/small/expo2024-015_sm.jpg,https://objects.lib.uidaho.edu/engrir/thumbs/expo2024-015_th.jpg
engrir195,A Burning Problem - Wildfire Smoke Generator,Carter Donnelly; Kathy Ruiz; Derek Walker; Matthew Etherton,2024,2024,"2024 Engineering Design EXPO poster entitled ""A Burning Problem - Wildfire Smoke Generator,"" created by Carter Donnelly, Kathy Ruiz, Derek Walker, Matthew Etherton. University of Idaho College of Engineering, Department of Mechanical Engineering.",Digital poster with text blocks and photographs of a device that connects to small sheds via metal pipes.,mechanical engineering; engineering; instructional posters,"Moscow, Idaho",Expo Posters,"Engineering Design EXPO posters, UG 191, University of Idaho Special Collections and Archives, https://www.lib.uidaho.edu/special-collections/",expo2024-016,Text,application/pdf,https://archiveswest.orbiscascade.org/ark:80444/xv920797,eng,"In copyright, educational use permitted. Educational use includes non-commercial reproduction of text and images in materials for teaching and research purposes. For other contexts beyond fair use, including digital reproduction, please contact the University of Idaho Library Special Collections and Archives Department at libspec@uidaho.edu. The University of Idaho Library is not liable for any violations of the law by users.",http://rightsstatements.org/vocab/InC-EDU/1.0/,R_5eLwf7CCDDdmJRk_Smoked Meats EXPO Poster.pdf,expo2024-016.pdf,pdf,https://objects.lib.uidaho.edu/engrir/expo2024-016.pdf,https://objects.lib.uidaho.edu/engrir/small/expo2024-016_sm.jpg,https://objects.lib.uidaho.edu/engrir/thumbs/expo2024-016_th.jpg
engrir196,Automatic End of Arm Tool Changer,Mohammad Al-Qutub; Kadin Coddington; Jason Franklin; Devin Tanak,2024,2024,"2024 Engineering Design EXPO poster entitled ""Automatic End of Arm Tool Changer,"" created by Mohammad Al-Qutub, Kadin Coddington, Jason Franklin, Devin Tanak. University of Idaho College of Engineering, Department of Mechanical Engineering.",Digital poster with text blocks and computer generated images of a cylindrical device used to change tools on a robotic arm.,mechanical engineering; engineering; instructional posters,"Moscow, Idaho",Expo Posters,"Engineering Design EXPO posters, UG 191, University of Idaho Special Collections and Archives, https://www.lib.uidaho.edu/special-collections/",expo2024-017,Text,application/pdf,https://archiveswest.orbiscascade.org/ark:80444/xv920797,eng,"In copyright, educational use permitted. Educational use includes non-commercial reproduction of text and images in materials for teaching and research purposes. For other contexts beyond fair use, including digital reproduction, please contact the University of Idaho Library Special Collections and Archives Department at libspec@uidaho.edu. The University of Idaho Library is not liable for any violations of the law by users.",http://rightsstatements.org/vocab/InC-EDU/1.0/,R_5PpzwfOOcvmdXvg_Automatic End of Arm Tool Changer.pdf,expo2024-017.pdf,pdf,https://objects.lib.uidaho.edu/engrir/expo2024-017.pdf,https://objects.lib.uidaho.edu/engrir/small/expo2024-017_sm.jpg,https://objects.lib.uidaho.edu/engrir/thumbs/expo2024-017_th.jpg
engrir197,"Redesigning Thain and 10th Intersection in Lewiston, Idaho",Wolfgang Beier; Sandra Faulkner; Tim Reed; Ethan Von Bargen,2024,2024,"2024 Engineering Design EXPO poster entitled ""Redesigning Thain and 10th Intersection in Lewiston, Idaho,"" created by Wolfgang Beier, Sandra Faulkner, Tim Reed, Ethan Von Bargen. University of Idaho College of Engineering, Department of Civil and Environmental Engineering.",Digital poster with text blocks and aerial images of intersections.,civil engineering; engineering; instructional posters,"Moscow, Idaho",Expo Posters,"Engineering Design EXPO posters, UG 191, University of Idaho Special Collections and Archives, https://www.lib.uidaho.edu/special-collections/",expo2024-018,Text,application/pdf,https://archiveswest.orbiscascade.org/ark:80444/xv920797,eng,"In copyright, educational use permitted. Educational use includes non-commercial reproduction of text and images in materials for teaching and research purposes. For other contexts beyond fair use, including digital reproduction, please contact the University of Idaho Library Special Collections and Archives Department at libspec@uidaho.edu. The University of Idaho Library is not liable for any violations of the law by users.",http://rightsstatements.org/vocab/InC-EDU/1.0/,R_3yfgVHFMCw2RLIB_Thain_10th_Revision.pdf,expo2024-018.pdf,pdf,https://objects.lib.uidaho.edu/engrir/expo2024-018.pdf,https://objects.lib.uidaho.edu/engrir/small/expo2024-018_sm.jpg,https://objects.lib.uidaho.edu/engrir/thumbs/expo2024-018_th.jpg
engrir198,Relocation Guidance System for C-Arm Medical Imaging,Hailey Faith; Alphonse Crittenden; Tob McLenon; Kyle Fiske; Turner Zischka,2024,2024,"2024 Engineering Design EXPO poster entitled ""Relocation Guidance System for C-Arm Medical Imaging,"" created by Hailey Faith, Alphonse Crittenden, Tob McLenon, Kyle Fiske, Turner Zischka. University of Idaho College of Engineering, Department of Mechanical Engineering.","Digital poster with text blocks and images of a large, white medical device.",mechanical engineering; engineering; instructional posters,"Moscow, Idaho",Expo Posters,"Engineering Design EXPO posters, UG 191, University of Idaho Special Collections and Archives, https://www.lib.uidaho.edu/special-collections/",expo2024-019,Text,application/pdf,https://archiveswest.orbiscascade.org/ark:80444/xv920797,eng,"In copyright, educational use permitted. Educational use includes non-commercial reproduction of text and images in materials for teaching and research purposes. For other contexts beyond fair use, including digital reproduction, please contact the University of Idaho Library Special Collections and Archives Department at libspec@uidaho.edu. The University of Idaho Library is not liable for any violations of the law by users.",http://rightsstatements.org/vocab/InC-EDU/1.0/,R_3TAD2rEnRIJm1Lr_Relocation-Guidance-System-for-C-arm-Medical-Imaging.pdf,expo2024-019.pdf,pdf,https://objects.lib.uidaho.edu/engrir/expo2024-019.pdf,https://objects.lib.uidaho.edu/engrir/small/expo2024-019_sm.jpg,https://objects.lib.uidaho.edu/engrir/thumbs/expo2024-019_th.jpg
engrir199,Snowmobile Tow-Behind Analysis Trailer (TBA),Brad Henke; McKenzie Reid; William Thielman,2024,2024,"2024 Engineering Design EXPO poster entitled ""Snowmobile Tow-Behind Analysis Trailer (TBA),"" created by Brad Henke, McKenzie Reid, William Thielman. University of Idaho College of Engineering, Department of Mechanical Engineering.","Digital poster with text blocks, images of a snowmobile, and photographs of three people.",mechanical engineering; engineering; instructional posters; snowmobiles,"Moscow, Idaho",Expo Posters,"Engineering Design EXPO posters, UG 191, University of Idaho Special Collections and Archives, https://www.lib.uidaho.edu/special-collections/",expo2024-020,Text,application/pdf,https://archiveswest.orbiscascade.org/ark:80444/xv920797,eng,"In copyright, educational use permitted. Educational use includes non-commercial reproduction of text and images in materials for teaching and research purposes. For other contexts beyond fair use, including digital reproduction, please contact the University of Idaho Library Special Collections and Archives Department at libspec@uidaho.edu. The University of Idaho Library is not liable for any violations of the law by users.",http://rightsstatements.org/vocab/InC-EDU/1.0/,R_7e2teu4T0Q2utbn_04.17.24 - TBA Poster.pdf,expo2024-020.pdf,pdf,https://objects.lib.uidaho.edu/engrir/expo2024-020.pdf,https://objects.lib.uidaho.edu/engrir/small/expo2024-020_sm.jpg,https://objects.lib.uidaho.edu/engrir/thumbs/expo2024-020_th.jpg
engrir200,Liberty Park Terrace Apartments Phase II,Gabe Brandt; Archie Clark; Tommy Dittman; Noah Hattrup,2024,2024,"2024 Engineering Design EXPO poster entitled ""Liberty Park Terrace Apartments Phase II,"" created by Gabe Brandt, Archie Clark, Tommy Dittman, Noah Hattrup. University of Idaho College of Engineering, Department of Civil and Environmental Engineering.",Digital poster with text blocks and overhead images of a proposed apartment complex.,civil engineering; engineering; instructional posters; apartment buildings,"Moscow, Idaho",Expo Posters,"Engineering Design EXPO posters, UG 191, University of Idaho Special Collections and Archives, https://www.lib.uidaho.edu/special-collections/",expo2024-021,Text,application/pdf,https://archiveswest.orbiscascade.org/ark:80444/xv920797,eng,"In copyright, educational use permitted. Educational use includes non-commercial reproduction of text and images in materials for teaching and research purposes. For other contexts beyond fair use, including digital reproduction, please contact the University of Idaho Library Special Collections and Archives Department at libspec@uidaho.edu. The University of Idaho Library is not liable for any violations of the law by users.",http://rightsstatements.org/vocab/InC-EDU/1.0/,R_3rCLwj3JioHNe0x_Expo 2024 Poster.pdf,expo2024-021.pdf,pdf,https://objects.lib.uidaho.edu/engrir/expo2024-021.pdf,https://objects.lib.uidaho.edu/engrir/small/expo2024-021_sm.jpg,https://objects.lib.uidaho.edu/engrir/thumbs/expo2024-021_th.jpg
engrir201,Arcadia Lake Pump Station (EE),Lingyu Wang; Yujie Xia,2024,2024,"2024 Engineering Design EXPO poster entitled ""Arcadia Lake Pump Station,"" created by Lingyu Wang, Yujie Xia. University of Idaho College of Engineering, Department of Electrical and Computer Engineering.","Digital poster with text blocks, engineering schematics, and an aerial image of an area with grass and trees.",electrical engineering; engineering; instructional posters; pumping stations,"Moscow, Idaho",Expo Posters,"Engineering Design EXPO posters, UG 191, University of Idaho Special Collections and Archives, https://www.lib.uidaho.edu/special-collections/",expo2024-022,Text,application/pdf,https://archiveswest.orbiscascade.org/ark:80444/xv920797,eng,"In copyright, educational use permitted. Educational use includes non-commercial reproduction of text and images in materials for teaching and research purposes. For other contexts beyond fair use, including digital reproduction, please contact the University of Idaho Library Special Collections and Archives Department at libspec@uidaho.edu. The University of Idaho Library is not liable for any violations of the law by users.",http://rightsstatements.org/vocab/InC-EDU/1.0/,R_7Wol3wNYBjB28OB_Project-Arcadia Lake Pump Station.pdf,expo2024-022.pdf,pdf,https://objects.lib.uidaho.edu/engrir/expo2024-022.pdf,https://objects.lib.uidaho.edu/engrir/small/expo2024-022_sm.jpg,https://objects.lib.uidaho.edu/engrir/thumbs/expo2024-022_th.jpg
engrir202,Skin Friction Rivet Analysis Using Oil Film Interferometry,Brad Hille; Garrett Green; Hayden Jacobsen; Jared Nelson,2024,2024,"2024 Engineering Design EXPO poster entitled ""Skin Friction Rivet Analysis Using Oil Film Interferometry,"" created by Brad Hille, Garrett Green, Hayden Jacobsen, Jared Nelson. University of Idaho College of Engineering, Department of Mechanical Engineering.","Digital poster with text blocks, data graphs, and images of metal materials being tested in a cuboid structure.",mechanical engineering; engineering; instructional posters,"Moscow, Idaho",Expo Posters,"Engineering Design EXPO posters, UG 191, University of Idaho Special Collections and Archives, https://www.lib.uidaho.edu/special-collections/",expo2024-023,Text,application/pdf,https://archiveswest.orbiscascade.org/ark:80444/xv920797,eng,"In copyright, educational use permitted. Educational use includes non-commercial reproduction of text and images in materials for teaching and research purposes. For other contexts beyond fair use, including digital reproduction, please contact the University of Idaho Library Special Collections and Archives Department at libspec@uidaho.edu. The University of Idaho Library is not liable for any violations of the law by users.",http://rightsstatements.org/vocab/InC-EDU/1.0/,R_7QnQvk46guMgBAe_Final Kodiak Aircraft Expo Poster.pdf,expo2024-023.pdf,pdf,https://objects.lib.uidaho.edu/engrir/expo2024-023.pdf,https://objects.lib.uidaho.edu/engrir/small/expo2024-023_sm.jpg,https://objects.lib.uidaho.edu/engrir/thumbs/expo2024-023_th.jpg
engrir203,The Sustainable Application of a Pacific Northwest Biochar Off-Gas Stream,Kristian Jacobson; Travis Kerr; Ashley Keeley; Kendall Reeder; Luke Zrodlo,2024,2024,"2024 Engineering Design EXPO poster entitled ""The Sustainable Application of a Pacific Northwest Biochar Off-Gas Stream,"" created by Kristian Jacobson, Travis Kerr, Ashley Keeley, Kendall Reeder, Luke Zrodlo. University of Idaho College of Engineering, Department of Chemical and Biological Engineering.","Digital poster with text blocks, engineering schematics, data tables, and a photograph of a group of people.",chemical engineering; engineering; instructional posters,"Moscow, Idaho",Expo Posters,"Engineering Design EXPO posters, UG 191, University of Idaho Special Collections and Archives, https://www.lib.uidaho.edu/special-collections/",expo2024-024,Text,application/pdf,https://archiveswest.orbiscascade.org/ark:80444/xv920797,eng,"In copyright, educational use permitted. Educational use includes non-commercial reproduction of text and images in materials for teaching and research purposes. For other contexts beyond fair use, including digital reproduction, please contact the University of Idaho Library Special Collections and Archives Department at libspec@uidaho.edu. The University of Idaho Library is not liable for any violations of the law by users.",http://rightsstatements.org/vocab/InC-EDU/1.0/,R_7pVvOsYkGkRD5ne_Sustainable_biochar_offgas_application.pdf,expo2024-024.pdf,pdf,https://objects.lib.uidaho.edu/engrir/expo2024-024.pdf,https://objects.lib.uidaho.edu/engrir/small/expo2024-024_sm.jpg,https://objects.lib.uidaho.edu/engrir/thumbs/expo2024-024_th.jpg
engrir204,Intensity-Based Alignment of Laser Devices,Dawson Burgess; Spencer Butler; Marissa Samayoa,2024,2024,"2024 Engineering Design EXPO poster entitled ""Intensity-Based Alignment of Laser Devices,"" created by Dawson Burgess, Spencer Butler, Marissa Samayoa. University of Idaho College of Engineering, Department of Computer Science.",Digital poster with text blocks and photographs of electronic devices.,computer science; engineering; instructional posters; lasers (optical instruments),"Moscow, Idaho",Expo Posters,"Engineering Design EXPO posters, UG 191, University of Idaho Special Collections and Archives, https://www.lib.uidaho.edu/special-collections/",expo2024-025,Text,application/pdf,https://archiveswest.orbiscascade.org/ark:80444/xv920797,eng,"In copyright, educational use permitted. Educational use includes non-commercial reproduction of text and images in materials for teaching and research purposes. For other contexts beyond fair use, including digital reproduction, please contact the University of Idaho Library Special Collections and Archives Department at libspec@uidaho.edu. The University of Idaho Library is not liable for any violations of the law by users.",http://rightsstatements.org/vocab/InC-EDU/1.0/,R_7odyXMAVTgTHXWN_Intensity-Based_Alignment_of_Laser_Devices.pdf,expo2024-025.pdf,pdf,https://objects.lib.uidaho.edu/engrir/expo2024-025.pdf,https://objects.lib.uidaho.edu/engrir/small/expo2024-025_sm.jpg,https://objects.lib.uidaho.edu/engrir/thumbs/expo2024-025_th.jpg
engrir205,Gamified Computers and Networks: Devices,Oscar Michua-Zarate; Cheng Zhao; Fei Teng; Yiun Wang,2024,2024,"2024 Engineering Design EXPO poster entitled ""Gamified Computers and Networks: Devices,"" created by Oscar Michua-Zarate, Cheng Zhao, Fei Teng, Yiun Wang. University of Idaho College of Engineering, Department of Computer Science.",Digital poster with text blocks and a computer generated image of tables with computers on them.,computer science; engineering; instructional posters; video games,"Moscow, Idaho",Expo Posters,"Engineering Design EXPO posters, UG 191, University of Idaho Special Collections and Archives, https://www.lib.uidaho.edu/special-collections/",expo2024-026,Text,application/pdf,https://archiveswest.orbiscascade.org/ark:80444/xv920797,eng,"In copyright, educational use permitted. Educational use includes non-commercial reproduction of text and images in materials for teaching and research purposes. For other contexts beyond fair use, including digital reproduction, please contact the University of Idaho Library Special Collections and Archives Department at libspec@uidaho.edu. The University of Idaho Library is not liable for any violations of the law by users.",http://rightsstatements.org/vocab/InC-EDU/1.0/,R_7lK7MEEZy4tzRgC_Expo-2024-Gamified Computers and Networks Devices.pdf,expo2024-026.pdf,pdf,https://objects.lib.uidaho.edu/engrir/expo2024-026.pdf,https://objects.lib.uidaho.edu/engrir/small/expo2024-026_sm.jpg,https://objects.lib.uidaho.edu/engrir/thumbs/expo2024-026_th.jpg
engrir206,"Summit at 11th, Boise, Idaho",Julian Collins; Destiny Hillyard; Mark Slisenko; Zhiyuan Xue,2024,2024,"2024 Engineering Design EXPO poster entitled ""Summit at 11th, Boise, Idaho,"" created by Julian Collins, Destiny Hillyard, Mark Slisenko, Zhiyuan Xue. University of Idaho College of Engineering, Department of Civil and Environmental Engineering.",Digital poster with text blocks and images of a proposed building.,civil engineering; engineering; instructional posters; apartment buildings,"Moscow, Idaho",Expo Posters,"Engineering Design EXPO posters, UG 191, University of Idaho Special Collections and Archives, https://www.lib.uidaho.edu/special-collections/",expo2024-027,Text,application/pdf,https://archiveswest.orbiscascade.org/ark:80444/xv920797,eng,"In copyright, educational use permitted. Educational use includes non-commercial reproduction of text and images in materials for teaching and research purposes. For other contexts beyond fair use, including digital reproduction, please contact the University of Idaho Library Special Collections and Archives Department at libspec@uidaho.edu. The University of Idaho Library is not liable for any violations of the law by users.",http://rightsstatements.org/vocab/InC-EDU/1.0/,R_7MOFvdc6rmBv4S5_The_Summit_at_11th.pdf,expo2024-027.pdf,pdf,https://objects.lib.uidaho.edu/engrir/expo2024-027.pdf,https://objects.lib.uidaho.edu/engrir/small/expo2024-027_sm.jpg,https://objects.lib.uidaho.edu/engrir/thumbs/expo2024-027_th.jpg
engrir207,Crow Pump Diversion,Blaec Dettner; Andrew Henrikson; Addison Hoffman; Kyle Schulz; Sadie Sundahl,2024,2024,"2024 Engineering Design EXPO poster entitled ""Crow Pump Diversion,"" created by Blaec Dettner, Andrew Henrikson, Addison Hoffman, Kyle Schulz, Sadie Sundahl. University of Idaho College of Engineering, Department of Civil and Environmental Engineering.","Digital poster with text blocks, engineering schematics, and aerial images of a forested area.",civil engineering; engineering; instructional posters; pumping stations,"Moscow, Idaho",Expo Posters,"Engineering Design EXPO posters, UG 191, University of Idaho Special Collections and Archives, https://www.lib.uidaho.edu/special-collections/",expo2024-028,Text,application/pdf,https://archiveswest.orbiscascade.org/ark:80444/xv920797,eng,"In copyright, educational use permitted. Educational use includes non-commercial reproduction of text and images in materials for teaching and research purposes. For other contexts beyond fair use, including digital reproduction, please contact the University of Idaho Library Special Collections and Archives Department at libspec@uidaho.edu. The University of Idaho Library is not liable for any violations of the law by users.",http://rightsstatements.org/vocab/InC-EDU/1.0/,R_7MQMK6d9afe2CDw_CPD-EXPO-POSTER.pdf,expo2024-028.pdf,pdf,https://objects.lib.uidaho.edu/engrir/expo2024-028.pdf,https://objects.lib.uidaho.edu/engrir/small/expo2024-028_sm.jpg,https://objects.lib.uidaho.edu/engrir/thumbs/expo2024-028_th.jpg
engrir208,No Maintenance Bushing,Ben Al-Douhani; Jason Jerke; Casey Lemon; Ethan Overstreet; Carlson Wurster,2024,2024,"2024 Engineering Design EXPO poster entitled ""No Maintenance Bushing,"" created by Ben Al-Douhani, Jason Jerke, Casey Lemon, Ethan Overstreet, Carlson Wurster. University of Idaho College of Engineering, Department of Mechanical Engineering.","Digital poster with text blocks about no maintenance bushing for forklifts, with images of materials and technical descriptions.",mechanical engineering; engineering; instructional posters,"Moscow, Idaho",Expo Posters,"Engineering Design EXPO posters, UG 191, University of Idaho Special Collections and Archives, https://www.lib.uidaho.edu/special-collections/",expo2024-029,Text,application/pdf,https://archiveswest.orbiscascade.org/ark:80444/xv920797,eng,"In copyright, educational use permitted. Educational use includes non-commercial reproduction of text and images in materials for teaching and research purposes. For other contexts beyond fair use, including digital reproduction, please contact the University of Idaho Library Special Collections and Archives Department at libspec@uidaho.edu. The University of Idaho Library is not liable for any violations of the law by users.",http://rightsstatements.org/vocab/InC-EDU/1.0/,R_7oA58wZ1ueQxngJ_Expo-2024-Poster.pdf,expo2024-029.pdf,pdf,https://objects.lib.uidaho.edu/engrir/expo2024-029.pdf,https://objects.lib.uidaho.edu/engrir/small/expo2024-029_sm.jpg,https://objects.lib.uidaho.edu/engrir/thumbs/expo2024-029_th.jpg
engrir209,The University's First Foray into Cubesat Payload Development,Conner Wiench; Dre Mata; Lucien Lee; Lyna Tran; Nathan LaVoie; Sydney Munson,2024,2024,"2024 Engineering Design EXPO poster entitled ""The University's First Foray into Cubesat Payload Development,"" created by Conner Wiench, Dre Mata, Lucien Lee, Lyna Tran, Nathan LaVoie, Sydney Munson. University of Idaho College of Engineering, Department of Electrical and Computer Engineering.","Digital poster with text blocks, images of cylindrical objects and a V-shaped wing vehicle, and engineering schematics.",electrical engineering; engineering; instructional posters,"Moscow, Idaho",Expo Posters,"Engineering Design EXPO posters, UG 191, University of Idaho Special Collections and Archives, https://www.lib.uidaho.edu/special-collections/",expo2024-030,Text,application/pdf,https://archiveswest.orbiscascade.org/ark:80444/xv920797,eng,"In copyright, educational use permitted. Educational use includes non-commercial reproduction of text and images in materials for teaching and research purposes. For other contexts beyond fair use, including digital reproduction, please contact the University of Idaho Library Special Collections and Archives Department at libspec@uidaho.edu. The University of Idaho Library is not liable for any violations of the law by users.",http://rightsstatements.org/vocab/InC-EDU/1.0/,R_7jkbSOCYMlVCONn_TheUniversitysFirstForayintoCubeSatPayloadDevelopment.pdf,expo2024-030.pdf,pdf,https://objects.lib.uidaho.edu/engrir/expo2024-030.pdf,https://objects.lib.uidaho.edu/engrir/small/expo2024-030_sm.jpg,https://objects.lib.uidaho.edu/engrir/thumbs/expo2024-030_th.jpg
engrir210,Robotic Assembly of Photovoltaic Arrays,James Adams; Triston Hardcastle Peck; Conner Mullins; Haozhou Su; Spenser Scruggs,2024,2024,"2024 Engineering Design EXPO poster entitled ""Robotic Assembly of Photovoltaic Arrays,"" created by Conner Wiench, Dre Mata, Lucien Lee, Lyna Tran, Nathan LaVoie, Sydney Munson. University of Idaho College of Engineering, Department of Mechanical Engineering.","Digital poster with text blocks, engineering schematics, and photographs of various tools and objects arrayed in a laboratory environment.",mechanical engineering; engineering; instructional posters,"Moscow, Idaho",Expo Posters,"Engineering Design EXPO posters, UG 191, University of Idaho Special Collections and Archives, https://www.lib.uidaho.edu/special-collections/",expo2024-031,Text,application/pdf,https://archiveswest.orbiscascade.org/ark:80444/xv920797,eng,"In copyright, educational use permitted. Educational use includes non-commercial reproduction of text and images in materials for teaching and research purposes. For other contexts beyond fair use, including digital reproduction, please contact the University of Idaho Library Special Collections and Archives Department at libspec@uidaho.edu. The University of Idaho Library is not liable for any violations of the law by users.",http://rightsstatements.org/vocab/InC-EDU/1.0/,R_7Xmm26UdoBN0Sk7_EXPO Poster - Apollo Printing - FINAL.pdf,expo2024-031.pdf,pdf,https://objects.lib.uidaho.edu/engrir/expo2024-031.pdf,https://objects.lib.uidaho.edu/engrir/small/expo2024-031_sm.jpg,https://objects.lib.uidaho.edu/engrir/thumbs/expo2024-031_th.jpg
engrir211,Shear Stress Bioreactor for Tissue Engineering Research,Dillon West; Gibson Moseley; Nathan Nelson,2025,2025,"2025 Engineering Design EXPO poster entitled ""Shear Stress Bioreactor for Tissue Engineering Research,"" created by Dillon West, Gibson Moseley, Nathan Nelson. In the 2025 Program Guide, project is entitled ""Low-Cost Shear Stress Bioreactor to Enable Tissue Engineering Research."" University of Idaho College of Engineering, Department of Chemical and Biological Engineering.","Digital poster with text blocks, engineering schematics, and images of objects connected by wires.",biological engineering; engineering; instructional posters,"Moscow, Idaho",Expo Posters,"Engineering Design EXPO posters, UG 191, University of Idaho Special Collections and Archives, https://www.lib.uidaho.edu/special-collections/",expo2025-001,Text,application/pdf,https://archiveswest.orbiscascade.org/ark:80444/xv920797,eng,"In copyright, educational use permitted. Educational use includes non-commercial reproduction of text and images in materials for teaching and research purposes. For other contexts beyond fair use, including digital reproduction, please contact the University of Idaho Library Special Collections and Archives Department at libspec@uidaho.edu. The University of Idaho Library is not liable for any violations of the law by users.",http://rightsstatements.org/vocab/InC-EDU/1.0/,R_1BQ2XnNFV1fLDJK_Shear Stress Bioreactor EXPO Poster 2025.pdf,expo2025-001.pdf,pdf,https://objects.lib.uidaho.edu/engrir/expo2025-001.pdf,https://objects.lib.uidaho.edu/engrir/small/expo2025-001_sm.jpg,https://objects.lib.uidaho.edu/engrir/thumbs/expo2025-001_th.jpg
engrir212,Virtual Professor Dr. AI Soule,Ankit Paudel; Sohan Lama; Shubham Gupta,2025,2025,"2025 Engineering Design EXPO poster entitled ""Virtual Professor Dr. AI Soule,"" created by Ankit Paudel, Sohan Lama, Shubham Gupta. In the 2025 Program Guide, project is entitled ""Virtual Professor."" University of Idaho College of Engineering, Department of Computer Science.","Digital poster with text blocks, computer generated images of an older man in a blue shirt, and an AI architectural model.",computer science; engineering; instructional posters,"Moscow, Idaho",Expo Posters,"Engineering Design EXPO posters, UG 191, University of Idaho Special Collections and Archives, https://www.lib.uidaho.edu/special-collections/",expo2025-002,Text,application/pdf,https://archiveswest.orbiscascade.org/ark:80444/xv920797,eng,"In copyright, educational use permitted. Educational use includes non-commercial reproduction of text and images in materials for teaching and research purposes. For other contexts beyond fair use, including digital reproduction, please contact the University of Idaho Library Special Collections and Archives Department at libspec@uidaho.edu. The University of Idaho Library is not liable for any violations of the law by users.",http://rightsstatements.org/vocab/InC-EDU/1.0/,R_1KIzuLghvLxi2vk_Final-Poster_EXPO.pdf,expo2025-002.pdf,pdf,https://objects.lib.uidaho.edu/engrir/expo2025-002.pdf,https://objects.lib.uidaho.edu/engrir/small/expo2025-002_sm.jpg,https://objects.lib.uidaho.edu/engrir/thumbs/expo2025-002_th.jpg
engrir213,Cubesat Payload Design & Fabrication,Andrea Cernuda Herraiz; Liam Gigray; Owen Wooster; Kay Atkinson; Ryan Stephenson; Mauricio Rodriguez; Suhail Singh; Andrew Carefoot,2025,2025,"2025 Engineering Design EXPO poster entitled ""Cubesat Payload Design & Fabrication,"" created by Andrea Cernuda Herraiz, Liam Gigray, Owen Wooster, Kay Atkinson, Ryan Stephenson, Mauricio Rodriguez, Suhail Singh, Andrew Carefoot. In the 2025 Program Guide, project is entitled ""Cube Satellite: A Modular Approach to Space Research."" University of Idaho College of Engineering, Department of Electrical and Computer Engineering.","Digital poster with text blocks, images of a cuboid object with a camera lens, and a photograph of a group of people.",electrical engineering; engineering; instructional posters,"Moscow, Idaho",Expo Posters,"Engineering Design EXPO posters, UG 191, University of Idaho Special Collections and Archives, https://www.lib.uidaho.edu/special-collections/",expo2025-003,Text,application/pdf,https://archiveswest.orbiscascade.org/ark:80444/xv920797,eng,"In copyright, educational use permitted. Educational use includes non-commercial reproduction of text and images in materials for teaching and research purposes. For other contexts beyond fair use, including digital reproduction, please contact the University of Idaho Library Special Collections and Archives Department at libspec@uidaho.edu. The University of Idaho Library is not liable for any violations of the law by users.",http://rightsstatements.org/vocab/InC-EDU/1.0/,R_1CdYrYyPwybnYsP_Team22_EXPO_Poster.pdf,expo2025-003.pdf,pdf,https://objects.lib.uidaho.edu/engrir/expo2025-003.pdf,https://objects.lib.uidaho.edu/engrir/small/expo2025-003_sm.jpg,https://objects.lib.uidaho.edu/engrir/thumbs/expo2025-003_th.jpg
engrir214,South Cemetery Road & Bridge,Jason Hankin; Ryan Mack; Samual O'Reilly; Taylor Beauchene,2025,2025,"2025 Engineering Design EXPO poster entitled ""South Cemetery Road & Bridge,"" created by Jason Hankin, Ryan Mack, Samual O'Reilly, Taylor Beauchene. In the 2025 Program Guide, project is entitled ""South Cemetery Road Construction."" University of Idaho College of Engineering, Department of Civil and Environmental Engineering.","Digital poster with text blocks, engineering schematics, and overhead images of a road and bridge.",civil engineering; engineering; instructional posters; roads; bridges (built works),"Moscow, Idaho",Expo Posters,"Engineering Design EXPO posters, UG 191, University of Idaho Special Collections and Archives, https://www.lib.uidaho.edu/special-collections/",expo2025-004,Text,application/pdf,https://archiveswest.orbiscascade.org/ark:80444/xv920797,eng,"In copyright, educational use permitted. Educational use includes non-commercial reproduction of text and images in materials for teaching and research purposes. For other contexts beyond fair use, including digital reproduction, please contact the University of Idaho Library Special Collections and Archives Department at libspec@uidaho.edu. The University of Idaho Library is not liable for any violations of the law by users.",http://rightsstatements.org/vocab/InC-EDU/1.0/,R_1nUaPCZtHlOny6D_South_Cemetery_Road_Construction.pdf,expo2025-004.pdf,pdf,https://objects.lib.uidaho.edu/engrir/expo2025-004.pdf,https://objects.lib.uidaho.edu/engrir/small/expo2025-004_sm.jpg,https://objects.lib.uidaho.edu/engrir/thumbs/expo2025-004_th.jpg
engrir215,Silicon Solar Cell Fabrication,Connor Denson; Junhua Gu; Julienne Sophia Pacquing; Jennie Tafoya,2025,2025,"2025 Engineering Design EXPO poster entitled ""Silicon Solar Cell Fabrication,"" created by Connor Denson, Junhua Gu, Julienne Sophia Pacquing, Jennie Tafoya. In the 2025 Program Guide, project is entitled ""High Efficiency Solar Cells."" University of Idaho College of Engineering, Department of Electrical and Computer Engineering.","Digital poster with text blocks, data graphs, and photographs of manufacturing equipment.",electrical engineering; engineering; instructional posters; solar cells,"Moscow, Idaho",Expo Posters,"Engineering Design EXPO posters, UG 191, University of Idaho Special Collections and Archives, https://www.lib.uidaho.edu/special-collections/",expo2025-005,Text,application/pdf,https://archiveswest.orbiscascade.org/ark:80444/xv920797,eng,"In copyright, educational use permitted. Educational use includes non-commercial reproduction of text and images in materials for teaching and research purposes. For other contexts beyond fair use, including digital reproduction, please contact the University of Idaho Library Special Collections and Archives Department at libspec@uidaho.edu. The University of Idaho Library is not liable for any violations of the law by users.",http://rightsstatements.org/vocab/InC-EDU/1.0/,R_3KfgZ2IFC5INDVp_EXPO Poster.pptx,expo2025-005.pdf,pdf,https://objects.lib.uidaho.edu/engrir/expo2025-005.pdf,https://objects.lib.uidaho.edu/engrir/small/expo2025-005_sm.jpg,https://objects.lib.uidaho.edu/engrir/thumbs/expo2025-005_th.jpg
engrir216,Kokanee Cove,Hailey Holloway; Vy Tran; Mattias Cornwall,2025,2025,"2025 Engineering Design EXPO poster entitled ""Kokanee Cove,"" created by Hailey Holloway, Vy Tran, Mattias Cornwall. University of Idaho College of Engineering, Department of Civil and Environmental Engineering.","Digital poster with photographic and computer generated overhead images of a forested area next to a body of water, data graphs, and photographs of a house being constructed.",civil engineering; engineering; instructional posters,"Moscow, Idaho",Expo Posters,"Engineering Design EXPO posters, UG 191, University of Idaho Special Collections and Archives, https://www.lib.uidaho.edu/special-collections/",expo2025-006,Text,application/pdf,https://archiveswest.orbiscascade.org/ark:80444/xv920797,eng,"In copyright, educational use permitted. Educational use includes non-commercial reproduction of text and images in materials for teaching and research purposes. For other contexts beyond fair use, including digital reproduction, please contact the University of Idaho Library Special Collections and Archives Department at libspec@uidaho.edu. The University of Idaho Library is not liable for any violations of the law by users.",http://rightsstatements.org/vocab/InC-EDU/1.0/,R_3Y3RpaXFNE9LkRR_Kokanee_Cove.pdf,expo2025-006.pdf,pdf,https://objects.lib.uidaho.edu/engrir/expo2025-006.pdf,https://objects.lib.uidaho.edu/engrir/small/expo2025-006_sm.jpg,https://objects.lib.uidaho.edu/engrir/thumbs/expo2025-006_th.jpg
engrir217,Reusable Mold for Nuclear Fuel Casting,Trenton Flansburg; Ashton Herrick; Joshua McKenna; Alex Pare,2025,2025,"2025 Engineering Design EXPO poster entitled ""Reusable Mold for Nuclear Fuel Casting,"" created by Trenton Flansburg, Ashton Herrick, Joshua McKenna, Alex Pare. University of Idaho College of Engineering, Department of Mechanical Engineering.","Digital poster with text blocks, photographs of a metal mold at different heat levels, and computer generated images of a dark blocky structure.",mechanical engineering; engineering; instructional posters,"Moscow, Idaho",Expo Posters,"Engineering Design EXPO posters, UG 191, University of Idaho Special Collections and Archives, https://www.lib.uidaho.edu/special-collections/",expo2025-007,Text,application/pdf,https://archiveswest.orbiscascade.org/ark:80444/xv920797,eng,"In copyright, educational use permitted. Educational use includes non-commercial reproduction of text and images in materials for teaching and research purposes. For other contexts beyond fair use, including digital reproduction, please contact the University of Idaho Library Special Collections and Archives Department at libspec@uidaho.edu. The University of Idaho Library is not liable for any violations of the law by users.",http://rightsstatements.org/vocab/InC-EDU/1.0/,R_3WOoQ3iLfq1LBSB_Reusable_Mold_for_Nuclear_Fuel_Rod_Casting.pdf,expo2025-007.pdf,pdf,https://objects.lib.uidaho.edu/engrir/expo2025-007.pdf,https://objects.lib.uidaho.edu/engrir/small/expo2025-007_sm.jpg,https://objects.lib.uidaho.edu/engrir/thumbs/expo2025-007_th.jpg
engrir218,Drone Integration with a Thermal Camera,Nik Erickson; Maverick March; Alyannah Daguro,2025,2025,"2025 Engineering Design EXPO poster entitled ""Drone Integration with a Thermal Camera,"" created by Nik Erickson, Maverick March, Alyannah Daguro. University of Idaho College of Engineering, Department of Computer Science.","Digital poster with text blocks, thermal imagery, and a photograph of a drone.",computer science; engineering; instructional posters,"Moscow, Idaho",Expo Posters,"Engineering Design EXPO posters, UG 191, University of Idaho Special Collections and Archives, https://www.lib.uidaho.edu/special-collections/",expo2025-008,Text,application/pdf,https://archiveswest.orbiscascade.org/ark:80444/xv920797,eng,"In copyright, educational use permitted. Educational use includes non-commercial reproduction of text and images in materials for teaching and research purposes. For other contexts beyond fair use, including digital reproduction, please contact the University of Idaho Library Special Collections and Archives Department at libspec@uidaho.edu. The University of Idaho Library is not liable for any violations of the law by users.",http://rightsstatements.org/vocab/InC-EDU/1.0/,R_3ruxf2s1onFwI8x_Drone_Integration_with_a_Thermal_Camera.pdf,expo2025-008.pdf,pdf,https://objects.lib.uidaho.edu/engrir/expo2025-008.pdf,https://objects.lib.uidaho.edu/engrir/small/expo2025-008_sm.jpg,https://objects.lib.uidaho.edu/engrir/thumbs/expo2025-008_th.jpg
engrir219,Kuna Neighborhood Improvements,Ryland Hoit; Josh Moerer; Sage Smith,2025,2025,"2025 Engineering Design EXPO poster entitled ""Kuna Neighborhood Improvements,"" created by Ryland Hoit, Josh Moerer, Sage Smith. University of Idaho College of Engineering, Department of Civil and Environmental Engineering.","Digital poster with text blocks, a schematic of a roadway design, and a drawing of a road from above.",civil engineering; engineering; instructional posters,"Moscow, Idaho",Expo Posters,"Engineering Design EXPO posters, UG 191, University of Idaho Special Collections and Archives, https://www.lib.uidaho.edu/special-collections/",expo2025-009,Text,application/pdf,https://archiveswest.orbiscascade.org/ark:80444/xv920797,eng,"In copyright, educational use permitted. Educational use includes non-commercial reproduction of text and images in materials for teaching and research purposes. For other contexts beyond fair use, including digital reproduction, please contact the University of Idaho Library Special Collections and Archives Department at libspec@uidaho.edu. The University of Idaho Library is not liable for any violations of the law by users.",http://rightsstatements.org/vocab/InC-EDU/1.0/,R_3OvGHTDm8TrDH8o_Kuna_Neighborhood_Improvements.pdf,expo2025-009.pdf,pdf,https://objects.lib.uidaho.edu/engrir/expo2025-009.pdf,https://objects.lib.uidaho.edu/engrir/small/expo2025-009_sm.jpg,https://objects.lib.uidaho.edu/engrir/thumbs/expo2025-009_th.jpg
engrir220,RISC-V Cybersecurity and Control Flow Integrity,Andrew Bonilla; Zhexi Lu; Siwen Xu; James Hagman; Kellen West; Brandon Vetter,2025,2025,"2025 Engineering Design EXPO poster entitled ""RISC-V Cybersecurity and Control Flow Integrity,"" created by Andrew Bonilla, Zhexi Lu, Siwen Xu, James Hagman, Kellen West, Brandon Vetter. In the 2025 Program Guide, project is entitled ""RISC V Control Flow Integrity Verification Suite."" University of Idaho College of Engineering, Department of Electrical and Computer Engineering.","Digital poster with text blocks, engineering schematics, and a drawing of a building standing strong and falling off its foundation.",electrical engineering; engineering; instructional posters,"Moscow, Idaho",Expo Posters,"Engineering Design EXPO posters, UG 191, University of Idaho Special Collections and Archives, https://www.lib.uidaho.edu/special-collections/",expo2025-010,Text,application/pdf,https://archiveswest.orbiscascade.org/ark:80444/xv920797,eng,"In copyright, educational use permitted. Educational use includes non-commercial reproduction of text and images in materials for teaching and research purposes. For other contexts beyond fair use, including digital reproduction, please contact the University of Idaho Library Special Collections and Archives Department at libspec@uidaho.edu. The University of Idaho Library is not liable for any violations of the law by users.",http://rightsstatements.org/vocab/InC-EDU/1.0/,R_3HegJCaEWuV9747_RISC-V Cybersecurity and Control Flow Integrity.pdf,expo2025-010.pdf,pdf,https://objects.lib.uidaho.edu/engrir/expo2025-010.pdf,https://objects.lib.uidaho.edu/engrir/small/expo2025-010_sm.jpg,https://objects.lib.uidaho.edu/engrir/thumbs/expo2025-010_th.jpg
engrir221,Distinguished Rounds: A Projectile Color Coating System,Jordan Gallegos; Ben Salcido; Sullivan Weibert; Dakota Livingston; Sam Grant,2025,2025,"2025 Engineering Design EXPO poster entitled ""Distinguished Rounds: A Projectile Color Coating System,"" created by Jordan Gallegos, Ben Salcido, Sullivan Weibert, Dakota Livingston, Sam Grant. In the 2025 Program Guide, project is entitled ""Color-Coded Ammunition Components."" University of Idaho College of Engineering, Department of Mechanical Engineering.",Digital poster with text blocks and photographs of ammunition rounds painted different colors and the tools for applying the color to the projectiles.,mechanical engineering; engineering; instructional posters; projectile weapon components,"Moscow, Idaho",Expo Posters,"Engineering Design EXPO posters, UG 191, University of Idaho Special Collections and Archives, https://www.lib.uidaho.edu/special-collections/",expo2025-011,Text,application/pdf,https://archiveswest.orbiscascade.org/ark:80444/xv920797,eng,"In copyright, educational use permitted. Educational use includes non-commercial reproduction of text and images in materials for teaching and research purposes. For other contexts beyond fair use, including digital reproduction, please contact the University of Idaho Library Special Collections and Archives Department at libspec@uidaho.edu. The University of Idaho Library is not liable for any violations of the law by users.",http://rightsstatements.org/vocab/InC-EDU/1.0/,R_3fm3LqGlToZ5eWo_DistinguishedRoundsExpoPoster.pdf,expo2025-011.pdf,pdf,https://objects.lib.uidaho.edu/engrir/expo2025-011.pdf,https://objects.lib.uidaho.edu/engrir/small/expo2025-011_sm.jpg,https://objects.lib.uidaho.edu/engrir/thumbs/expo2025-011_th.jpg
engrir222,Weston-Fairview Bridge Replacement,Kassidey Brownlee; Angelica Vazquez Martinez; Alexander Sanford,2025,2025,"2025 Engineering Design EXPO poster entitled ""Weston-Fairview Bridge Replacement,"" created by Kassidey Brownlee, Angelica Vazquez Martinez, Alexander Sanford. University of Idaho College of Engineering, Department of Civil and Environmental Engineering.",Digital poster with rectangular information blocks that include bullet-pointed text and images of bridge design and the area where the bridge should be installed.,civil engineering; engineering; instructional posters; bridges (built works),"Moscow, Idaho",Expo Posters,"Engineering Design EXPO posters, UG 191, University of Idaho Special Collections and Archives, https://www.lib.uidaho.edu/special-collections/",expo2025-012,Text,application/pdf,https://archiveswest.orbiscascade.org/ark:80444/xv920797,eng,"In copyright, educational use permitted. Educational use includes non-commercial reproduction of text and images in materials for teaching and research purposes. For other contexts beyond fair use, including digital reproduction, please contact the University of Idaho Library Special Collections and Archives Department at libspec@uidaho.edu. The University of Idaho Library is not liable for any violations of the law by users.",http://rightsstatements.org/vocab/InC-EDU/1.0/,R_3Cw4AswFLOmgQmU_Weston_Fairview_Bridge_Replacement.pdf,expo2025-012.pdf,pdf,https://objects.lib.uidaho.edu/engrir/expo2025-012.pdf,https://objects.lib.uidaho.edu/engrir/small/expo2025-012_sm.jpg,https://objects.lib.uidaho.edu/engrir/thumbs/expo2025-012_th.jpg
engrir223,Project R.A.T.: Reconstruction & Analysis of Tendons,Gavin Haynes; Jishnuvardhan Karpuram; Tang Zheng,2025,2025,"2025 Engineering Design EXPO poster entitled ""Project R.A.T.: Reconstruction & Analysis of Tendons,"" created by Gavin Haynes, Jishnuvardhan Karpuram, Tang Zheng. In the 2025 Program Guide, project is entitled ""Image Based Fibre Tracking."" University of Idaho College of Engineering, Department of Computer Science.",Digital poster with text blocks and images of cross sections of rat tails.,computer science; engineering; instructional posters,"Moscow, Idaho",Expo Posters,"Engineering Design EXPO posters, UG 191, University of Idaho Special Collections and Archives, https://www.lib.uidaho.edu/special-collections/",expo2025-013,Text,application/pdf,https://archiveswest.orbiscascade.org/ark:80444/xv920797,eng,"In copyright, educational use permitted. Educational use includes non-commercial reproduction of text and images in materials for teaching and research purposes. For other contexts beyond fair use, including digital reproduction, please contact the University of Idaho Library Special Collections and Archives Department at libspec@uidaho.edu. The University of Idaho Library is not liable for any violations of the law by users.",http://rightsstatements.org/vocab/InC-EDU/1.0/,R_3FjJ8fERbngA7WF_expo.pdf,expo2025-013.pdf,pdf,https://objects.lib.uidaho.edu/engrir/expo2025-013.pdf,https://objects.lib.uidaho.edu/engrir/small/expo2025-013_sm.jpg,https://objects.lib.uidaho.edu/engrir/thumbs/expo2025-013_th.jpg
engrir224,Cloud Control and Support of Remote AMD PRO PCs,Rory Arnone-Wheat; Ben Murray; Sambhav Karki; Upal Kundu; Yue Yu,2025,2025,"2025 Engineering Design EXPO poster entitled ""Cloud Control of Remote AMD PRO PCs,"" created by Rory Arnone-Wheat, Ben Murray, Sambhav Karki, Upal Kundu, Yue Yu. University of Idaho College of Engineering, Department of Computer Science.","Digital poster with text blocks, images of software architecture, and screenshots of a computer program.",computer science; engineering; instructional posters,"Moscow, Idaho",Expo Posters,"Engineering Design EXPO posters, UG 191, University of Idaho Special Collections and Archives, https://www.lib.uidaho.edu/special-collections/",expo2025-014,Text,application/pdf,https://archiveswest.orbiscascade.org/ark:80444/xv920797,eng,"In copyright, educational use permitted. Educational use includes non-commercial reproduction of text and images in materials for teaching and research purposes. For other contexts beyond fair use, including digital reproduction, please contact the University of Idaho Library Special Collections and Archives Department at libspec@uidaho.edu. The University of Idaho Library is not liable for any violations of the law by users.",http://rightsstatements.org/vocab/InC-EDU/1.0/,R_3zSt7ZHJbBZCad3_29x40_RemoteITExpoPoster.pdf,expo2025-014.pdf,pdf,https://objects.lib.uidaho.edu/engrir/expo2025-014.pdf,https://objects.lib.uidaho.edu/engrir/small/expo2025-014_sm.jpg,https://objects.lib.uidaho.edu/engrir/thumbs/expo2025-014_th.jpg
engrir225,Electronic Throttle Integrated Transmission System,Christian Halter; Joseph Cicanese; Henry Newman; William Huntsman; Slade Stephens,2025,2025,"2025 Engineering Design EXPO poster entitled ""Electronic Throttle Integrated Transmission System,"" created by Christian Halter, Joseph Cicanese, Henry Newman, William Huntsman, Slade Stephens. In the 2025 Program Guide, project is entitled ""Electronic Throttle Controlled Snowmobile Transmission System."" University of Idaho College of Engineering, Department of Mechanical Engineering.",Digital poster with text blocks and images of a snowmobile's transmission system.,mechanical engineering; engineering; instructional posters,"Moscow, Idaho",Expo Posters,"Engineering Design EXPO posters, UG 191, University of Idaho Special Collections and Archives, https://www.lib.uidaho.edu/special-collections/",expo2025-015,Text,application/pdf,https://archiveswest.orbiscascade.org/ark:80444/xv920797,eng,"In copyright, educational use permitted. Educational use includes non-commercial reproduction of text and images in materials for teaching and research purposes. For other contexts beyond fair use, including digital reproduction, please contact the University of Idaho Library Special Collections and Archives Department at libspec@uidaho.edu. The University of Idaho Library is not liable for any violations of the law by users.",http://rightsstatements.org/vocab/InC-EDU/1.0/,R_6ESryOXaI042UHn_Electronic_Throttle_Integrated_Transmission_System.pdf,expo2025-015.pdf,pdf,https://objects.lib.uidaho.edu/engrir/expo2025-015.pdf,https://objects.lib.uidaho.edu/engrir/small/expo2025-015_sm.jpg,https://objects.lib.uidaho.edu/engrir/thumbs/expo2025-015_th.jpg
engrir226,Acoustics in Soil: Imaging Plant Roots and the Rhizosphere,Lydia Beardsley; Erik Caballero; Benjamin Miller; Laura Moler; Trenton Redman,2025,2025,"2025 Engineering Design EXPO poster entitled ""Acoustics in Soil: Imaging Plant Roots and the Rhizosphere,"" created by Lydia Beardsley, Erik Caballero, Benjamin Miller, Laura Moler, Trenton Redman. University of Idaho College of Engineering, Department of Mechanical Engineering.","Digital poster with text blocks, data tables, and images of an acoustic tool used to assess soil properties and results of those assessments.",mechanical engineering; engineering; instructional posters,"Moscow, Idaho",Expo Posters,"Engineering Design EXPO posters, UG 191, University of Idaho Special Collections and Archives, https://www.lib.uidaho.edu/special-collections/",expo2025-016,Text,application/pdf,https://archiveswest.orbiscascade.org/ark:80444/xv920797,eng,"In copyright, educational use permitted. Educational use includes non-commercial reproduction of text and images in materials for teaching and research purposes. For other contexts beyond fair use, including digital reproduction, please contact the University of Idaho Library Special Collections and Archives Department at libspec@uidaho.edu. The University of Idaho Library is not liable for any violations of the law by users.",http://rightsstatements.org/vocab/InC-EDU/1.0/,R_5rvKgmJMOfyjFgs_Acoustics_in_Soil_Imaging_Plant_Roots_and_the_Rhizosphere.pdf,expo2025-016.pdf,pdf,https://objects.lib.uidaho.edu/engrir/expo2025-016.pdf,https://objects.lib.uidaho.edu/engrir/small/expo2025-016_sm.jpg,https://objects.lib.uidaho.edu/engrir/thumbs/expo2025-016_th.jpg
engrir227,Hyster-Yale - Forklift Floor Plate Sealing,Brock Golightly; Evan Henkel; Alan Kyaw; Wesley Rebeck,2025,2025,"2025 Engineering Design EXPO poster entitled ""Hyster-Yale - Forklift Floor Plate Sealing,"" created by Brock Golightly, Evan Henkel, Alan Kyaw, Wesley Rebeck. In the 2025 Program Guide, project is entitled ""Forklift Floor Plate Improvements for a Quieter Design."" University of Idaho College of Engineering, Department of Mechanical Engineering.","Digital poster with text blocks, data tables, and images of a forklift.",mechanical engineering; engineering; instructional posters,"Moscow, Idaho",Expo Posters,"Engineering Design EXPO posters, UG 191, University of Idaho Special Collections and Archives, https://www.lib.uidaho.edu/special-collections/",expo2025-017,Text,application/pdf,https://archiveswest.orbiscascade.org/ark:80444/xv920797,eng,"In copyright, educational use permitted. Educational use includes non-commercial reproduction of text and images in materials for teaching and research purposes. For other contexts beyond fair use, including digital reproduction, please contact the University of Idaho Library Special Collections and Archives Department at libspec@uidaho.edu. The University of Idaho Library is not liable for any violations of the law by users.",http://rightsstatements.org/vocab/InC-EDU/1.0/,R_5Tt64KrCKinKuk1_09-Forklift-Floorplate-Sealing.pdf,expo2025-017.pdf,pdf,https://objects.lib.uidaho.edu/engrir/expo2025-017.pdf,https://objects.lib.uidaho.edu/engrir/small/expo2025-017_sm.jpg,https://objects.lib.uidaho.edu/engrir/thumbs/expo2025-017_th.jpg
engrir228,Wiring Harness Modular Form Board,AJ Fahey; Alex Peterson; Curtis Johnson; Kewei Zhu,2025,2025,"2025 Engineering Design EXPO poster entitled ""Wiring Harness Modular Form Board,"" created by AJ Fahey, Alex Peterson, Curtis Johnson, Kewei Zhu. In the 2025 Program Guide, project is entitled ""SEL: Modular Harness Formboard System."" University of Idaho College of Engineering, Department of Mechanical Engineering.",Digital poster with text blocks and both photographic and computer generated images of a form board for wiring harnesses.,mechanical engineering; engineering; instructional posters,"Moscow, Idaho",Expo Posters,"Engineering Design EXPO posters, UG 191, University of Idaho Special Collections and Archives, https://www.lib.uidaho.edu/special-collections/",expo2025-018,Text,application/pdf,https://archiveswest.orbiscascade.org/ark:80444/xv920797,eng,"In copyright, educational use permitted. Educational use includes non-commercial reproduction of text and images in materials for teaching and research purposes. For other contexts beyond fair use, including digital reproduction, please contact the University of Idaho Library Special Collections and Archives Department at libspec@uidaho.edu. The University of Idaho Library is not liable for any violations of the law by users.",http://rightsstatements.org/vocab/InC-EDU/1.0/,R_5PZQoKf3pQM1DnH_ModularHarnessFormboardSEL_team11.pdf,expo2025-018.pdf,pdf,https://objects.lib.uidaho.edu/engrir/expo2025-018.pdf,https://objects.lib.uidaho.edu/engrir/small/expo2025-018_sm.jpg,https://objects.lib.uidaho.edu/engrir/thumbs/expo2025-018_th.jpg
engrir229,Marching Band Robot,Robert Rinker; Lacey Hunt; Matthew Kurtz; Kevin Wing; Connor McElroy; Michael Knutson; Mikayla Winant,2025,2025,"2025 Engineering Design EXPO poster entitled ""Marching Band Robot,"" created by Robert Rinker, Lacey Hunt, Matthew Kurtz, Kevin Wing, Connor McElroy, Michael Knutson, Mikayla Winant. In the 2025 Program Guide, project is entitled ""Band Robot."" University of Idaho College of Engineering, Department of Computer Science.","Digital poster with text blocks, engineering schematics, and images of a large, flat platform on six wheels.",computer science; engineering; instructional posters; bands (ensembles),"Moscow, Idaho",Expo Posters,"Engineering Design EXPO posters, UG 191, University of Idaho Special Collections and Archives, https://www.lib.uidaho.edu/special-collections/",expo2025-019,Text,application/pdf,https://archiveswest.orbiscascade.org/ark:80444/xv920797,eng,"In copyright, educational use permitted. Educational use includes non-commercial reproduction of text and images in materials for teaching and research purposes. For other contexts beyond fair use, including digital reproduction, please contact the University of Idaho Library Special Collections and Archives Department at libspec@uidaho.edu. The University of Idaho Library is not liable for any violations of the law by users.",http://rightsstatements.org/vocab/InC-EDU/1.0/,R_5mmzJhkRggs81WI_CdA_Capstone_2025-1.pdf,expo2025-019.pdf,pdf,https://objects.lib.uidaho.edu/engrir/expo2025-019.pdf,https://objects.lib.uidaho.edu/engrir/small/expo2025-019_sm.jpg,https://objects.lib.uidaho.edu/engrir/thumbs/expo2025-019_th.jpg
engrir230,Pullman Citywide Pedestrian Crossing Improvements Projects,Daniel Champlin; Joe Sparano; Aiden McCarthy,2025,2025,"2025 Engineering Design EXPO poster entitled ""Pullman Citywide Pedestrian Crossing Improvements Project,"" created by Daniel Champlin, Joe Sparano, Aiden McCarthy. In the 2025 Program Guide, project is entitled ""Citywide Pedestrian Crossing Improvements in Pullman Washington."" University of Idaho College of Engineering, Department of Civil and Environmental Engineering.","Digital poster with text blocks, maps and images of an intersection, and the architecture of components for crosswalk indicators.",civil engineering; engineering; instructional posters; roads,"Moscow, Idaho",Expo Posters,"Engineering Design EXPO posters, UG 191, University of Idaho Special Collections and Archives, https://www.lib.uidaho.edu/special-collections/",expo2025-020,Text,application/pdf,https://archiveswest.orbiscascade.org/ark:80444/xv920797,eng,"In copyright, educational use permitted. Educational use includes non-commercial reproduction of text and images in materials for teaching and research purposes. For other contexts beyond fair use, including digital reproduction, please contact the University of Idaho Library Special Collections and Archives Department at libspec@uidaho.edu. The University of Idaho Library is not liable for any violations of the law by users.",http://rightsstatements.org/vocab/InC-EDU/1.0/,R_5P7udCpnWl5Mglx_Citywide_Pedestrian_Crossing_Improvements_In_Pullman_Washington.pdf,expo2025-020.pdf,pdf,https://objects.lib.uidaho.edu/engrir/expo2025-020.pdf,https://objects.lib.uidaho.edu/engrir/small/expo2025-020_sm.jpg,https://objects.lib.uidaho.edu/engrir/thumbs/expo2025-020_th.jpg
engrir231,Downtown Lewiston Main Street Improvements,Carlos Jaquez; Paul Surbeck; Adrian Sanford,2025,2025,"2025 Engineering Design EXPO poster entitled ""Downtown Lewiston Main Street Improvements,"" created by Carlos Jaquez, Paul Surbeck, Adrian Sanford. University of Idaho College of Engineering, Department of Civil and Environmental Engineering.",Digital poster with text blocks and maps and images of a traffic circle.,civil engineering; engineering; instructional posters; roads,"Moscow, Idaho",Expo Posters,"Engineering Design EXPO posters, UG 191, University of Idaho Special Collections and Archives, https://www.lib.uidaho.edu/special-collections/",expo2025-021,Text,application/pdf,https://archiveswest.orbiscascade.org/ark:80444/xv920797,eng,"In copyright, educational use permitted. Educational use includes non-commercial reproduction of text and images in materials for teaching and research purposes. For other contexts beyond fair use, including digital reproduction, please contact the University of Idaho Library Special Collections and Archives Department at libspec@uidaho.edu. The University of Idaho Library is not liable for any violations of the law by users.",http://rightsstatements.org/vocab/InC-EDU/1.0/,R_5HSlyfwYTxVx0Zs_Downtown_Lewiston_MainStreet_Improvements.pdf,expo2025-021.pdf,pdf,https://objects.lib.uidaho.edu/engrir/expo2025-021.pdf,https://objects.lib.uidaho.edu/engrir/small/expo2025-021_sm.jpg,https://objects.lib.uidaho.edu/engrir/thumbs/expo2025-021_th.jpg
engrir232,Purpleframe: Vulnerability and Security Testing Framework,Nathan Hampton; Meghan Nulf; Rebecca Smith; Claire Westby,2025,2025,"2025 Engineering Design EXPO poster entitled ""Purpleframe: Vulnerability and Security Testing Framework,"" created by Nathan Hampton, Meghan Nulf, Rebecca Smith, Claire Westby. University of Idaho College of Engineering, Department of Computer Science.","Digital poster with text blocks, engineering schematics, and screenshots of a computer's command line interface.",computer science; engineering; instructional posters,"Moscow, Idaho",Expo Posters,"Engineering Design EXPO posters, UG 191, University of Idaho Special Collections and Archives, https://www.lib.uidaho.edu/special-collections/",expo2025-022,Text,application/pdf,https://archiveswest.orbiscascade.org/ark:80444/xv920797,eng,"In copyright, educational use permitted. Educational use includes non-commercial reproduction of text and images in materials for teaching and research purposes. For other contexts beyond fair use, including digital reproduction, please contact the University of Idaho Library Special Collections and Archives Department at libspec@uidaho.edu. The University of Idaho Library is not liable for any violations of the law by users.",http://rightsstatements.org/vocab/InC-EDU/1.0/,R_5iyuLVjE029f6m0_purpleframe_vulnerability_and_security_framework.pdf,expo2025-022.pdf,pdf,https://objects.lib.uidaho.edu/engrir/expo2025-022.pdf,https://objects.lib.uidaho.edu/engrir/small/expo2025-022_sm.jpg,https://objects.lib.uidaho.edu/engrir/thumbs/expo2025-022_th.jpg
engrir233,Bench-Scale Automated Bioreactor,Olivia Nielson; Pascal Deuel; Josh Werner; Ethan Miller; Phil Boettcher,2025,2025,"2025 Engineering Design EXPO poster entitled ""Bench-Scale Automated Bioreactor,"" created by Olivia Nielson, Pascal Deuel, Josh Werner, Ethan Miller, Phil Boettcher. In the 2025 Program Guide, project is entitled ""Bench Scale Yeast Fermentation Bioreactor for Teaching Control Systems."" University of Idaho College of Engineering, Department of Chemical and Biological Engineering.","Digital poster with text blocks, data graphs, engineering schematics, and images of a cylindrical object filled with fluid.",biological engineering; engineering; instructional posters,"Moscow, Idaho",Expo Posters,"Engineering Design EXPO posters, UG 191, University of Idaho Special Collections and Archives, https://www.lib.uidaho.edu/special-collections/",expo2025-023,Text,application/pdf,https://archiveswest.orbiscascade.org/ark:80444/xv920797,eng,"In copyright, educational use permitted. Educational use includes non-commercial reproduction of text and images in materials for teaching and research purposes. For other contexts beyond fair use, including digital reproduction, please contact the University of Idaho Library Special Collections and Archives Department at libspec@uidaho.edu. The University of Idaho Library is not liable for any violations of the law by users.",http://rightsstatements.org/vocab/InC-EDU/1.0/,R_6gqWp8ccXKMUNax_ExpoPoster.pdf,expo2025-023.pdf,pdf,https://objects.lib.uidaho.edu/engrir/expo2025-023.pdf,https://objects.lib.uidaho.edu/engrir/small/expo2025-023_sm.jpg,https://objects.lib.uidaho.edu/engrir/thumbs/expo2025-023_th.jpg
engrir234,Viability of High-Efficiency Tailless Aircraft,Jake Miller; Zhewen Luo; Shay Albrecht; Kyren Mesenbrink; Warren Smith; Aiden Shepard; Brian Renzelman,2025,2025,"2025 Engineering Design EXPO poster entitled ""Viability of High-Efficiency Tailless Aircraft,"" created by Jake Miller, Zhewen Luo, Shay Albrecht, Kyren Mesenbrink, Warren Smith, Aiden Shepard, Brian Renzelman. University of Idaho College of Engineering, Department of Mechanical Engineering.","Digital poster with text blocks, an aerial image of a small airport, and a V-shaped aerial vehicle,",mechanical engineering; engineering; instructional posters,"Moscow, Idaho",Expo Posters,"Engineering Design EXPO posters, UG 191, University of Idaho Special Collections and Archives, https://www.lib.uidaho.edu/special-collections/",expo2025-024,Text,application/pdf,https://archiveswest.orbiscascade.org/ark:80444/xv920797,eng,"In copyright, educational use permitted. Educational use includes non-commercial reproduction of text and images in materials for teaching and research purposes. For other contexts beyond fair use, including digital reproduction, please contact the University of Idaho Library Special Collections and Archives Department at libspec@uidaho.edu. The University of Idaho Library is not liable for any violations of the law by users.",http://rightsstatements.org/vocab/InC-EDU/1.0/,R_7ih6nXpkgxchA0V_Viability_of_High_Efficiency_Tailless_Aircraft.pdf,expo2025-024.pdf,pdf,https://objects.lib.uidaho.edu/engrir/expo2025-024.pdf,https://objects.lib.uidaho.edu/engrir/small/expo2025-024_sm.jpg,https://objects.lib.uidaho.edu/engrir/thumbs/expo2025-024_th.jpg
engrir235,Cloud Tools for Data Modeling,Ian King; Caleb Mouat; Shashwot Niraula; Andrew Plum; Bibek Sharma,2025,2025,"2025 Engineering Design EXPO poster entitled ""Cloud Tools for Data Modeling,"" created by Ian King, Caleb Mouat, Shashwot Niraula, Andrew Plum, Bibek Sharma. University of Idaho College of Engineering, Department of Computer Science.","Digital poster with text blocks, a representation of the architecture of a data modeling tool, and a photograph of a group of people.",computer science; engineering; instructional posters,"Moscow, Idaho",Expo Posters,"Engineering Design EXPO posters, UG 191, University of Idaho Special Collections and Archives, https://www.lib.uidaho.edu/special-collections/",expo2025-025,Text,application/pdf,https://archiveswest.orbiscascade.org/ark:80444/xv920797,eng,"In copyright, educational use permitted. Educational use includes non-commercial reproduction of text and images in materials for teaching and research purposes. For other contexts beyond fair use, including digital reproduction, please contact the University of Idaho Library Special Collections and Archives Department at libspec@uidaho.edu. The University of Idaho Library is not liable for any violations of the law by users.",http://rightsstatements.org/vocab/InC-EDU/1.0/,R_7MfW3yT74g3X2rD_Cloud_Tools_For_Data_Modeling_Expo_2025_Poster.pdf,expo2025-025.pdf,pdf,https://objects.lib.uidaho.edu/engrir/expo2025-025.pdf,https://objects.lib.uidaho.edu/engrir/small/expo2025-025_sm.jpg,https://objects.lib.uidaho.edu/engrir/thumbs/expo2025-025_th.jpg
engrir236,Sprayer Drone for Precision Agriculture,Andrew VanCorbach; Andrew Schafer; Evan Schweifler; Joseph Schlegel,2025,2025,"2025 Engineering Design EXPO poster entitled ""Sprayer Drone for Precision Agriculture,"" created by Andrew VanCorbach, Andrew Schafer, Evan Schweifler, Joseph Schlegel. University of Idaho College of Engineering, Department of Mechanical Engineering.",Digital poster with text blocks and photographs of a six-armed drone and of a group of people.,mechanical engineering; engineering; instructional posters,"Moscow, Idaho",Expo Posters,"Engineering Design EXPO posters, UG 191, University of Idaho Special Collections and Archives, https://www.lib.uidaho.edu/special-collections/",expo2025-026,Text,application/pdf,https://archiveswest.orbiscascade.org/ark:80444/xv920797,eng,"In copyright, educational use permitted. Educational use includes non-commercial reproduction of text and images in materials for teaching and research purposes. For other contexts beyond fair use, including digital reproduction, please contact the University of Idaho Library Special Collections and Archives Department at libspec@uidaho.edu. The University of Idaho Library is not liable for any violations of the law by users.",http://rightsstatements.org/vocab/InC-EDU/1.0/,R_6tDJ7xMaQqfoiCB_Sprayer_Drone_for_Precision_Agriculture.pdf,expo2025-026.pdf,pdf,https://objects.lib.uidaho.edu/engrir/expo2025-026.pdf,https://objects.lib.uidaho.edu/engrir/small/expo2025-026_sm.jpg,https://objects.lib.uidaho.edu/engrir/thumbs/expo2025-026_th.jpg
engrir237,Virtual Reality Simulation of a Microchip Fabrication Clean Room,Ibrahim Mansour; Tracy Rountree; Tryston Jimenez,2025,2025,"2025 Engineering Design EXPO poster entitled ""Virtual Reality Simulation of a Microchip Fabrication Clean Room,"" created by Ibrahim Mansour, Tracy Rountree, Tryston Jimenez. In the 2025 Program Guide, project is entitled ""Microchip Clean Room Virtual Reality Simulation."" University of Idaho College of Engineering, Department of Computer Science.",Digital poster with text blocks and both photographic and computer generated images of a laboratory-type room.,computer science; engineering; instructional posters,"Moscow, Idaho",Expo Posters,"Engineering Design EXPO posters, UG 191, University of Idaho Special Collections and Archives, https://www.lib.uidaho.edu/special-collections/",expo2025-027,Text,application/pdf,https://archiveswest.orbiscascade.org/ark:80444/xv920797,eng,"In copyright, educational use permitted. Educational use includes non-commercial reproduction of text and images in materials for teaching and research purposes. For other contexts beyond fair use, including digital reproduction, please contact the University of Idaho Library Special Collections and Archives Department at libspec@uidaho.edu. The University of Idaho Library is not liable for any violations of the law by users.",http://rightsstatements.org/vocab/InC-EDU/1.0/,R_6RaWUMpOSsw6Ft4_MicrochipCleanRoomVirtualRealitySimulation.pdf,expo2025-027.pdf,pdf,https://objects.lib.uidaho.edu/engrir/expo2025-027.pdf,https://objects.lib.uidaho.edu/engrir/small/expo2025-027_sm.jpg,https://objects.lib.uidaho.edu/engrir/thumbs/expo2025-027_th.jpg
engrir238,New Path 2 Project,Nathan Salzer; Paul Gillespie; Candace Jones,2025,2025,"2025 Engineering Design EXPO poster entitled ""New Path 2,"" created by Nathan Salzer, Paul Gillespie, Candace Jones. University of Idaho College of Engineering, Department of Civil and Environmental Engineering.","Digital poster with text blocks, an aerial photograph of a city neighborhood, and an architectural drawing of a building.",civil engineering; engineering; instructional posters,"Moscow, Idaho",Expo Posters,"Engineering Design EXPO posters, UG 191, University of Idaho Special Collections and Archives, https://www.lib.uidaho.edu/special-collections/",expo2025-028,Text,application/pdf,https://archiveswest.orbiscascade.org/ark:80444/xv920797,eng,"In copyright, educational use permitted. Educational use includes non-commercial reproduction of text and images in materials for teaching and research purposes. For other contexts beyond fair use, including digital reproduction, please contact the University of Idaho Library Special Collections and Archives Department at libspec@uidaho.edu. The University of Idaho Library is not liable for any violations of the law by users.",http://rightsstatements.org/vocab/InC-EDU/1.0/,R_6NzijXDhw338akz_New_Path_2_Project.pdf,expo2025-028.pdf,pdf,https://objects.lib.uidaho.edu/engrir/expo2025-028.pdf,https://objects.lib.uidaho.edu/engrir/small/expo2025-028_sm.jpg,https://objects.lib.uidaho.edu/engrir/thumbs/expo2025-028_th.jpg
engrir239,Bull Run Filtration: Test Water Treatment,Sterling Beasley; McKinley Fulk; Isabel Huggins,2025,2025,"2025 Engineering Design EXPO poster entitled ""Bull Run Filtration: Test Water Treatment,"" created by Sterling Beasley, McKinley Fulk, Isabel Huggins. In the 2025 Program Guide, project is entitled ""Bull Run Filtration - Active Treatment System Design."" University of Idaho College of Engineering, Department of Civil and Environmental Engineering.","Digital poster with text blocks, engineering schematics, and images of a cylindrical device.",civil engineering; engineering; instructional posters,"Moscow, Idaho",Expo Posters,"Engineering Design EXPO posters, UG 191, University of Idaho Special Collections and Archives, https://www.lib.uidaho.edu/special-collections/",expo2025-029,Text,application/pdf,https://archiveswest.orbiscascade.org/ark:80444/xv920797,eng,"In copyright, educational use permitted. Educational use includes non-commercial reproduction of text and images in materials for teaching and research purposes. For other contexts beyond fair use, including digital reproduction, please contact the University of Idaho Library Special Collections and Archives Department at libspec@uidaho.edu. The University of Idaho Library is not liable for any violations of the law by users.",http://rightsstatements.org/vocab/InC-EDU/1.0/,R_6SdYnzjTKsN5QO9_Bull_Run_Filtration_Active_Treatment_System_Design.pdf,expo2025-029.pdf,pdf,https://objects.lib.uidaho.edu/engrir/expo2025-029.pdf,https://objects.lib.uidaho.edu/engrir/small/expo2025-029_sm.jpg,https://objects.lib.uidaho.edu/engrir/thumbs/expo2025-029_th.jpg
engrir240,Port-A-Boost: Portable Seating Assistance,Samuel Mbah; Josh Planting; Jonathan Stark; Gavin Wickens,2025,2025,"2025 Engineering Design EXPO poster entitled ""Port-A-Boost: Portable Seating Assistance,"" created by Samuel Mbah, Josh Planting, Jonathan Stark, Gavin Wickens. In the 2025 Program Guide, project is entitled ""Portable Chair Life Assist."" University of Idaho College of Engineering, Department of Electrical and Computer Engineering.","Digital poster with text blocks, engineering schematics, and images of a seat cushion within a wooden box.",electrical engineering; engineering; instructional posters,"Moscow, Idaho",Expo Posters,"Engineering Design EXPO posters, UG 191, University of Idaho Special Collections and Archives, https://www.lib.uidaho.edu/special-collections/",expo2025-030,Text,application/pdf,https://archiveswest.orbiscascade.org/ark:80444/xv920797,eng,"In copyright, educational use permitted. Educational use includes non-commercial reproduction of text and images in materials for teaching and research purposes. For other contexts beyond fair use, including digital reproduction, please contact the University of Idaho Library Special Collections and Archives Department at libspec@uidaho.edu. The University of Idaho Library is not liable for any violations of the law by users.",http://rightsstatements.org/vocab/InC-EDU/1.0/,R_6mxD7IueXBtrVSb_Port_A_Boost.pdf,expo2025-030.pdf,pdf,https://objects.lib.uidaho.edu/engrir/expo2025-030.pdf,https://objects.lib.uidaho.edu/engrir/small/expo2025-030_sm.jpg,https://objects.lib.uidaho.edu/engrir/thumbs/expo2025-030_th.jpg
engrir241,Automated Ring/Mount Crossbolt Press,Cole Bailey; Preston Bielenberg; Mason Decola; Jacob Flick; John Dorr; David Demain,2025,2025,"2025 Engineering Design EXPO poster entitled ""Automated Ring/Mount Crossbolt Press,"" created by Cole Bailey, Preston Bielenberg, Mason Decola, Jacob Flick, John Dorr, David Demain. University of Idaho College of Engineering, Department of Mechanical Engineering.","Digital poster with text blocks, engineering schematics, and a mechanical device within a metal frame.",mechanical engineering; engineering; instructional posters,"Moscow, Idaho",Expo Posters,"Engineering Design EXPO posters, UG 191, University of Idaho Special Collections and Archives, https://www.lib.uidaho.edu/special-collections/",expo2025-031,Text,application/pdf,https://archiveswest.orbiscascade.org/ark:80444/xv920797,eng,"In copyright, educational use permitted. Educational use includes non-commercial reproduction of text and images in materials for teaching and research purposes. For other contexts beyond fair use, including digital reproduction, please contact the University of Idaho Library Special Collections and Archives Department at libspec@uidaho.edu. The University of Idaho Library is not liable for any violations of the law by users.",http://rightsstatements.org/vocab/InC-EDU/1.0/,R_6kjFWoiCEDTRJF7_Expo_Poster.pdf,expo2025-031.pdf,pdf,https://objects.lib.uidaho.edu/engrir/expo2025-031.pdf,https://objects.lib.uidaho.edu/engrir/small/expo2025-031_sm.jpg,https://objects.lib.uidaho.edu/engrir/thumbs/expo2025-031_th.jpg
engrir242,Grangeville High Zone Water Tank No. 2,Nick Caracciolo; Cali Shipman; Awson Wheeler,2025,2025,"2025 Engineering Design EXPO poster entitled ""Grangeville High Zone Water Tank No. 2,"" created by Nick Caracciolo, Cali Shipman, Awson Wheeler. In the 2025 Program Guide, project is entitled ""Grangeville Water Tank."" University of Idaho College of Engineering, Department of Civil and Environmental Engineering.","Digital poster with rectangular information blocks that include engineering schematics, data tables, and aerial photographs of a small city.",civil engineering; engineering; instructional posters,"Moscow, Idaho",Expo Posters,"Engineering Design EXPO posters, UG 191, University of Idaho Special Collections and Archives, https://www.lib.uidaho.edu/special-collections/",expo2025-032,Text,application/pdf,https://archiveswest.orbiscascade.org/ark:80444/xv920797,eng,"In copyright, educational use permitted. Educational use includes non-commercial reproduction of text and images in materials for teaching and research purposes. For other contexts beyond fair use, including digital reproduction, please contact the University of Idaho Library Special Collections and Archives Department at libspec@uidaho.edu. The University of Idaho Library is not liable for any violations of the law by users.",http://rightsstatements.org/vocab/InC-EDU/1.0/,R_6KnVPu3n2i25f2x_Grangeville_Water_Tank.pdf,expo2025-032.pdf,pdf,https://objects.lib.uidaho.edu/engrir/expo2025-032.pdf,https://objects.lib.uidaho.edu/engrir/small/expo2025-032_sm.jpg,https://objects.lib.uidaho.edu/engrir/thumbs/expo2025-032_th.jpg
engrir243,Sheet Metal Fatigue Testing Frame,Jasmeen Manshahia; Logan Ellis; Cade Stenzel,2025,2025,"2025 Engineering Design EXPO poster entitled ""Sheet Metal Fatigue Testing Frame,"" created by Jasmeen Manshahia, Logan Ellis, Cade Stenzel. In the 2025 Program Guide, project is entitled ""Sheet Metal Fatigue Testing Frame for Targeted Location Research."" University of Idaho College of Engineering, Department of Mechanical Engineering.","Digital poster with text blocks, engineering schematics, and images of a complex mechanical device with cylindrical rollers.",mechanical engineering; engineering; instructional posters; sheet metal,"Moscow, Idaho",Expo Posters,"Engineering Design EXPO posters, UG 191, University of Idaho Special Collections and Archives, https://www.lib.uidaho.edu/special-collections/",expo2025-033,Text,application/pdf,https://archiveswest.orbiscascade.org/ark:80444/xv920797,eng,"In copyright, educational use permitted. Educational use includes non-commercial reproduction of text and images in materials for teaching and research purposes. For other contexts beyond fair use, including digital reproduction, please contact the University of Idaho Library Special Collections and Archives Department at libspec@uidaho.edu. The University of Idaho Library is not liable for any violations of the law by users.",http://rightsstatements.org/vocab/InC-EDU/1.0/,R_7ISMCz6wAXdlEr8_Sheet_Metal_Fatigue_Testimg_Frame_EXPO2025.pdf,expo2025-033.pdf,pdf,https://objects.lib.uidaho.edu/engrir/expo2025-033.pdf,https://objects.lib.uidaho.edu/engrir/small/expo2025-033_sm.jpg,https://objects.lib.uidaho.edu/engrir/thumbs/expo2025-033_th.jpg
engrir244,Toner Cartridge Natural Fiber Applications,Skylar Dawe; Colin Haugseth; Isaac Looney; James Setters,2025,2025,"2025 Engineering Design EXPO poster entitled ""Toner Cartridge Natural Fiber Applications,"" created by Skylar Dawe, Colin Haugseth, Isaac Looney, James Setters. In the 2025 Program Guide, project is entitled ""Toner Cartridge Sustainable Housing Design."" University of Idaho College of Engineering, Department of Mechanical Engineering.","Digital poster with text blocks, data tables, and photographs of long, thin plastic objects of different colors.",mechanical engineering; engineering; instructional posters,"Moscow, Idaho",Expo Posters,"Engineering Design EXPO posters, UG 191, University of Idaho Special Collections and Archives, https://www.lib.uidaho.edu/special-collections/",expo2025-034,Text,application/pdf,https://archiveswest.orbiscascade.org/ark:80444/xv920797,eng,"In copyright, educational use permitted. Educational use includes non-commercial reproduction of text and images in materials for teaching and research purposes. For other contexts beyond fair use, including digital reproduction, please contact the University of Idaho Library Special Collections and Archives Department at libspec@uidaho.edu. The University of Idaho Library is not liable for any violations of the law by users.",http://rightsstatements.org/vocab/InC-EDU/1.0/,R_389XEIRilcYTlip_Capstone Team 17 - HP Toner Cartridge.pdf,expo2025-034.pdf,pdf,https://objects.lib.uidaho.edu/engrir/expo2025-034.pdf,https://objects.lib.uidaho.edu/engrir/small/expo2025-034_sm.jpg,https://objects.lib.uidaho.edu/engrir/thumbs/expo2025-034_th.jpg
engrir245,Livingston Stone National Fish Hatchery Supply Piping,Lane Hanson; Korvin Jones; Collin Morgan,2025,2025,"2025 Engineering Design EXPO poster entitled ""Livingston Stone National Fish Hatchery Supply Piping,"" created by Lane Hanson, Korvin Jones, Collin Morgan. In the 2025 Program Guide, project is entitled ""Livinston Stone Nation Fish Hatchery Supply Pipeline."" University of Idaho College of Engineering, Department of Civil and Environmental Engineering.","Digital poster with text blocks, photographic and computer generated images of a dam, and data graphs.",civil engineering; engineering; instructional posters,"Moscow, Idaho",Expo Posters,"Engineering Design EXPO posters, UG 191, University of Idaho Special Collections and Archives, https://www.lib.uidaho.edu/special-collections/",expo2025-035,Text,application/pdf,https://archiveswest.orbiscascade.org/ark:80444/xv920797,eng,"In copyright, educational use permitted. Educational use includes non-commercial reproduction of text and images in materials for teaching and research purposes. For other contexts beyond fair use, including digital reproduction, please contact the University of Idaho Library Special Collections and Archives Department at libspec@uidaho.edu. The University of Idaho Library is not liable for any violations of the law by users.",http://rightsstatements.org/vocab/InC-EDU/1.0/,R_7SFkn1n0EQCmgWl_Shasta_Dam_Pipeline.pdf,expo2025-035.pdf,pdf,https://objects.lib.uidaho.edu/engrir/expo2025-035.pdf,https://objects.lib.uidaho.edu/engrir/small/expo2025-035_sm.jpg,https://objects.lib.uidaho.edu/engrir/thumbs/expo2025-035_th.jpg
engrir246,Zink Dam Recreational Whitewater Feature,Calvin Connelly; Amber Graves; Matt Montrose,2025,2025,"2025 Engineering Design EXPO poster entitled ""Zink Dam Recreational Whitewater Feature,"" created by Calvin Connelly, Amber Graves, Matt Montrose. University of Idaho College of Engineering, Department of Civil and Environmental Engineering.","Digital poster with text blocks, data graphs, and drawings of a dam structure.",civil engineering; engineering; instructional posters; dams (hydraulic structures),"Moscow, Idaho",Expo Posters,"Engineering Design EXPO posters, UG 191, University of Idaho Special Collections and Archives, https://www.lib.uidaho.edu/special-collections/",expo2025-036,Text,application/pdf,https://archiveswest.orbiscascade.org/ark:80444/xv920797,eng,"In copyright, educational use permitted. Educational use includes non-commercial reproduction of text and images in materials for teaching and research purposes. For other contexts beyond fair use, including digital reproduction, please contact the University of Idaho Library Special Collections and Archives Department at libspec@uidaho.edu. The University of Idaho Library is not liable for any violations of the law by users.",http://rightsstatements.org/vocab/InC-EDU/1.0/,R_32OMkLmohix4nMT_Zink_Dam_Recreational_Whitewater_Feature.pdf,expo2025-036.pdf,pdf,https://objects.lib.uidaho.edu/engrir/expo2025-036.pdf,https://objects.lib.uidaho.edu/engrir/small/expo2025-036_sm.jpg,https://objects.lib.uidaho.edu/engrir/thumbs/expo2025-036_th.jpg
engrir247,Lever Drag Single Action Fishing Reel,Cade Christensen; Logan McCallie; Stuart Trimble,2025,2025,"2025 Engineering Design EXPO poster entitled ""Lever Drag Single Action Fishing Reel,"" created by Cade Christensen, Logan McCallie, Stuart Trimble. In the 2025 Program Guide, project is entitled ""Lever Drag Single Action Offshore Fishing Reel."" University of Idaho College of Engineering, Department of Mechanical Engineering.","Digital poster with text blocks, data graphs, and computer generated images of a complex cylindrical mechanical device.",mechanical engineering; engineering; instructional posters; fishing,"Moscow, Idaho",Expo Posters,"Engineering Design EXPO posters, UG 191, University of Idaho Special Collections and Archives, https://www.lib.uidaho.edu/special-collections/",expo2025-037,Text,application/pdf,https://archiveswest.orbiscascade.org/ark:80444/xv920797,eng,"In copyright, educational use permitted. Educational use includes non-commercial reproduction of text and images in materials for teaching and research purposes. For other contexts beyond fair use, including digital reproduction, please contact the University of Idaho Library Special Collections and Archives Department at libspec@uidaho.edu. The University of Idaho Library is not liable for any violations of the law by users.",http://rightsstatements.org/vocab/InC-EDU/1.0/,R_33nfUXQbcsPa5aN_Lever_Drag_Single_Action_Reel.pdf,expo2025-037.pdf,pdf,https://objects.lib.uidaho.edu/engrir/expo2025-037.pdf,https://objects.lib.uidaho.edu/engrir/small/expo2025-037_sm.jpg,https://objects.lib.uidaho.edu/engrir/thumbs/expo2025-037_th.jpg
engrir248,In-Field IoT Agriculture Sensing Network,Max Nadler; David Trail; Alex Von Bruck; Zhonghan Wang,2025,2025,"2025 Engineering Design EXPO poster entitled ""In-Field IoT Agriculture Sensing Network,"" created by Max Nadler, David Trail, Alex Von Bruck, Zhonghan Wang. University of Idaho College of Engineering, Department of Mechanical Engineering.","Digital poster with text blocks, data graphs, engineering schematics, and images of black plastic box containing electronic equipment.",mechanical engineering; engineering; instructional posters,"Moscow, Idaho",Expo Posters,"Engineering Design EXPO posters, UG 191, University of Idaho Special Collections and Archives, https://www.lib.uidaho.edu/special-collections/",expo2025-038,Text,application/pdf,https://archiveswest.orbiscascade.org/ark:80444/xv920797,eng,"In copyright, educational use permitted. Educational use includes non-commercial reproduction of text and images in materials for teaching and research purposes. For other contexts beyond fair use, including digital reproduction, please contact the University of Idaho Library Special Collections and Archives Department at libspec@uidaho.edu. The University of Idaho Library is not liable for any violations of the law by users.",http://rightsstatements.org/vocab/InC-EDU/1.0/,R_33TZjQKMSlSaNVk_In-Field_Agriculture_IoT_Sensing_Network.pdf,expo2025-038.pdf,pdf,https://objects.lib.uidaho.edu/engrir/expo2025-038.pdf,https://objects.lib.uidaho.edu/engrir/small/expo2025-038_sm.jpg,https://objects.lib.uidaho.edu/engrir/thumbs/expo2025-038_th.jpg
engrir249,Hyster-Yale: Forklift Overhead Guard Modal Analysis,Ryder Fleming; Cruz Flores; Koji Becker; Hylton Reber,2025,2025,"2025 Engineering Design EXPO poster entitled ""Hyster-Yale: Forklift Overhead Guard Modal Analysis,"" created by Ryder Fleming, Cruz Flores, Koji Becker, Hylton Reber. In the 2025 Program Guide, project is entitled ""Forklift Overhead Guard Vibration Reduction."" University of Idaho College of Engineering, Department of Mechanical Engineering.","Digital poster with text blocks, data tables, and images of a forklift cage.",mechanical engineering; engineering; instructional posters,"Moscow, Idaho",Expo Posters,"Engineering Design EXPO posters, UG 191, University of Idaho Special Collections and Archives, https://www.lib.uidaho.edu/special-collections/",expo2025-039,Text,application/pdf,https://archiveswest.orbiscascade.org/ark:80444/xv920797,eng,"In copyright, educational use permitted. Educational use includes non-commercial reproduction of text and images in materials for teaching and research purposes. For other contexts beyond fair use, including digital reproduction, please contact the University of Idaho Library Special Collections and Archives Department at libspec@uidaho.edu. The University of Idaho Library is not liable for any violations of the law by users.",http://rightsstatements.org/vocab/InC-EDU/1.0/,R_50ZULktc6Z05UbP_Hyster_Yale_Overhead_Guard.pdf,expo2025-039.pdf,pdf,https://objects.lib.uidaho.edu/engrir/expo2025-039.pdf,https://objects.lib.uidaho.edu/engrir/small/expo2025-039_sm.jpg,https://objects.lib.uidaho.edu/engrir/thumbs/expo2025-039_th.jpg
engrir250,Incoming Radio Signal Direction Finding Using an Antenna Array,Emery Baker; Jayden Sherman; Shreeya Pradhan; Victor Vargas; Zaiden Espe,2025,2025,"2025 Engineering Design EXPO poster entitled ""Incoming Radio Signal Direction Finding Using an Antenna Array,"" created by Emery Baker, Jayden Sherman, Shreeya Pradhan, Victor Vargas, Zaiden Espe. University of Idaho College of Engineering, Department of Electrical and Computer Engineering.","Digital poster with text blocks, engineering schematics, data graphs, and a photograph of black cows.",electrical engineering; engineering; instructional posters,"Moscow, Idaho",Expo Posters,"Engineering Design EXPO posters, UG 191, University of Idaho Special Collections and Archives, https://www.lib.uidaho.edu/special-collections/",expo2025-040,Text,application/pdf,https://archiveswest.orbiscascade.org/ark:80444/xv920797,eng,"In copyright, educational use permitted. Educational use includes non-commercial reproduction of text and images in materials for teaching and research purposes. For other contexts beyond fair use, including digital reproduction, please contact the University of Idaho Library Special Collections and Archives Department at libspec@uidaho.edu. The University of Idaho Library is not liable for any violations of the law by users.",http://rightsstatements.org/vocab/InC-EDU/1.0/,R_75SIiatylQWs1HA_Incoming Radio Signal Direction Finding using an Antenna Array.pdf,expo2025-040.pdf,pdf,https://objects.lib.uidaho.edu/engrir/expo2025-040.pdf,https://objects.lib.uidaho.edu/engrir/small/expo2025-040_sm.jpg,https://objects.lib.uidaho.edu/engrir/thumbs/expo2025-040_th.jpg
engrir251,Silent & Smooth Single-Use Speculum,Isabelle Dingel; Christina Mai; Oaklee Woolstenhulme; Natalie Zender,2025,2025,"2025 Engineering Design EXPO poster entitled ""Silent & Smooth Single-Use Speculum,"" created by Isabelle Dingel, Christina Mai, Oaklee Woolstenhulme, Natalie Zender. University of Idaho College of Engineering, Department of Mechanical Engineering.","Digital poster with text blocks, data tables, and images of a white plastic speculum.",mechanical engineering; engineering; instructional posters,"Moscow, Idaho",Expo Posters,"Engineering Design EXPO posters, UG 191, University of Idaho Special Collections and Archives, https://www.lib.uidaho.edu/special-collections/",expo2025-041,Text,application/pdf,https://archiveswest.orbiscascade.org/ark:80444/xv920797,eng,"In copyright, educational use permitted. Educational use includes non-commercial reproduction of text and images in materials for teaching and research purposes. For other contexts beyond fair use, including digital reproduction, please contact the University of Idaho Library Special Collections and Archives Department at libspec@uidaho.edu. The University of Idaho Library is not liable for any violations of the law by users.",http://rightsstatements.org/vocab/InC-EDU/1.0/,R_7NksrB2XgA1sxVc_Engineered By Her 29x40 expo-2025.pdf,expo2025-041.pdf,pdf,https://objects.lib.uidaho.edu/engrir/expo2025-041.pdf,https://objects.lib.uidaho.edu/engrir/small/expo2025-041_sm.jpg,https://objects.lib.uidaho.edu/engrir/thumbs/expo2025-041_th.jpg
engrir252,Computer Vision Assisted Identification of Killer Yeast Strains,Owen Knight; Sebastian Fedane; Naga Kardala,2025,2025,"2025 Engineering Design EXPO poster entitled ""Computer Vision Assisted Identification of Killer Yeast Strains,"" created by Owen Knight, Sebastian Fedane, Naga Kardala. In the 2025 Program Guide, project is entitled ""Automated Yeast Image Analysis."" University of Idaho College of Engineering, Department of Computer Science.","Digital poster with text blocks, engineering schematics, and images of blobs in a petri dish.",computer science; engineering; instructional posters,"Moscow, Idaho",Expo Posters,"Engineering Design EXPO posters, UG 191, University of Idaho Special Collections and Archives, https://www.lib.uidaho.edu/special-collections/",expo2025-042,Text,application/pdf,https://archiveswest.orbiscascade.org/ark:80444/xv920797,eng,"In copyright, educational use permitted. Educational use includes non-commercial reproduction of text and images in materials for teaching and research purposes. For other contexts beyond fair use, including digital reproduction, please contact the University of Idaho Library Special Collections and Archives Department at libspec@uidaho.edu. The University of Idaho Library is not liable for any violations of the law by users.",http://rightsstatements.org/vocab/InC-EDU/1.0/,R_701vQZ3M10uUfgl_CS_Expo_Poster_YeastVision.pdf,expo2025-042.pdf,pdf,https://objects.lib.uidaho.edu/engrir/expo2025-042.pdf,https://objects.lib.uidaho.edu/engrir/small/expo2025-042_sm.jpg,https://objects.lib.uidaho.edu/engrir/thumbs/expo2025-042_th.jpg
engrir253,Scale Model Power System,Jedidiah Jones; Bryson Threlkeld; Colton Royals; Ryan Nearing; Jon Watkins; Isaac Harrison,2025,2025,"2025 Engineering Design EXPO poster entitled ""Scale Model Power System,"" created by Jedidiah Jones, Bryson Threlkeld, Colton Royals, Ryan Nearing, Jon Watkins, Isaac Harrison. University of Idaho College of Engineering, Department of Electrical and Computer Engineering.","Digital poster with text blocks, photographs of a group of people and of an electrical device, and data graphs.",electrical engineering; engineering; instructional posters,"Moscow, Idaho",Expo Posters,"Engineering Design EXPO posters, UG 191, University of Idaho Special Collections and Archives, https://www.lib.uidaho.edu/special-collections/",expo2025-043,Text,application/pdf,https://archiveswest.orbiscascade.org/ark:80444/xv920797,eng,"In copyright, educational use permitted. Educational use includes non-commercial reproduction of text and images in materials for teaching and research purposes. For other contexts beyond fair use, including digital reproduction, please contact the University of Idaho Library Special Collections and Archives Department at libspec@uidaho.edu. The University of Idaho Library is not liable for any violations of the law by users.",http://rightsstatements.org/vocab/InC-EDU/1.0/,R_7kjjn6o9yj7qFrV_HIStG_EXPO_Poster.pdf,expo2025-043.pdf,pdf,https://objects.lib.uidaho.edu/engrir/expo2025-043.pdf,https://objects.lib.uidaho.edu/engrir/small/expo2025-043_sm.jpg,https://objects.lib.uidaho.edu/engrir/thumbs/expo2025-043_th.jpg
engrir254,2001 University of Idaho Engineering Design EXPO Program Guide,University of Idaho College of Engineering,2001,2001-05-04,Booklet with programming and project information for the 2001 University of Idaho Engineering Design EXPO.,Cover page of a booklet with yellow and purple text.,,"Moscow, Idaho",Expo Posters,"Engineering Vertical File, VF UI College of Engineering, University of Idaho Special Collections and Archives, https://www.lib.uidaho.edu/special-collections/",expobooklet2001,Text,application/pdf,https://archiveswest.orbiscascade.org/ark:80444/xv474535,eng,"In copyright, educational use permitted. Educational use includes non-commercial reproduction of text and images in materials for teaching and research purposes. For other contexts beyond fair use, including digital reproduction, please contact the University of Idaho Library Special Collections and Archives Department at libspec@uidaho.edu. The University of Idaho Library is not liable for any violations of the law by users.",http://rightsstatements.org/vocab/InC-EDU/1.0/,,2001capstonebooklet.pdf,pdf,https://objects.lib.uidaho.edu/engrir/2001capstonebooklet.pdf,https://objects.lib.uidaho.edu/engrir/small/2001capstonebooklet_sm.jpg,https://objects.lib.uidaho.edu/engrir/thumbs/2001capstonebooklet_th.jpg
engrir255,2002 University of Idaho Engineering Design EXPO Program Guide,University of Idaho College of Engineering,2002,2002-05-03,Booklet with programming and project information for the 2002 University of Idaho Engineering Design EXPO.,Cover page of a booklet with green and blue text.,,"Moscow, Idaho",Expo Posters,"Engineering Vertical File, VF UI College of Engineering, University of Idaho Special Collections and Archives, https://www.lib.uidaho.edu/special-collections/",expobooklet2002,Text,application/pdf,https://archiveswest.orbiscascade.org/ark:80444/xv474535,eng,"In copyright, educational use permitted. Educational use includes non-commercial reproduction of text and images in materials for teaching and research purposes. For other contexts beyond fair use, including digital reproduction, please contact the University of Idaho Library Special Collections and Archives Department at libspec@uidaho.edu. The University of Idaho Library is not liable for any violations of the law by users.",http://rightsstatements.org/vocab/InC-EDU/1.0/,,2002capstonebooklet.pdf,pdf,"https://objects.lib.uidaho.edu/engrir/2002capstonebooklet.pdf",https://objects.lib.uidaho.edu/engrir/small/2002capstonebooklet_sm.jpg,https://objects.lib.uidaho.edu/engrir/thumbs/2002capstonebooklet_th.jpg
engrir256,2005 University of Idaho Engineering Design EXPO Program Guide,University of Idaho College of Engineering,2005,2005-04-29,Booklet with programming and project information for the 2005 University of Idaho Engineering Design EXPO.,Cover page of a booklet with black and orange text.,,"Moscow, Idaho",Expo Posters,"Engineering Vertical File, VF UI College of Engineering, University of Idaho Special Collections and Archives, https://www.lib.uidaho.edu/special-collections/",expobooklet2005,Text,application/pdf,https://archiveswest.orbiscascade.org/ark:80444/xv474535,eng,"In copyright, educational use permitted. Educational use includes non-commercial reproduction of text and images in materials for teaching and research purposes. For other contexts beyond fair use, including digital reproduction, please contact the University of Idaho Library Special Collections and Archives Department at libspec@uidaho.edu. The University of Idaho Library is not liable for any violations of the law by users.",http://rightsstatements.org/vocab/InC-EDU/1.0/,,2005capstonebooklet.pfg,pdf,"https://objects.lib.uidaho.edu/engrir/2005capstonebooklet.pdf",https://objects.lib.uidaho.edu/engrir/small/2005capstonebooklet_sm.jpg,https://objects.lib.uidaho.edu/engrir/thumbs/2005capstonebooklet_th.jpg
engrir257,2007 University of Idaho Engineering Design EXPO Program Guide,University of Idaho College of Engineering,2007,2007-04-27,Booklet with programming and project information for the 2007 University of Idaho Engineering Design EXPO.,Cover page of a booklet with white text and a photograph of people working in a forested area.,,"Moscow, Idaho",Expo Posters,"Engineering Vertical File, VF UI College of Engineering, University of Idaho Special Collections and Archives, https://www.lib.uidaho.edu/special-collections/",expobooklet2007,Text,application/pdf,https://archiveswest.orbiscascade.org/ark:80444/xv474535,eng,"In copyright, educational use permitted. Educational use includes non-commercial reproduction of text and images in materials for teaching and research purposes. For other contexts beyond fair use, including digital reproduction, please contact the University of Idaho Library Special Collections and Archives Department at libspec@uidaho.edu. The University of Idaho Library is not liable for any violations of the law by users.",http://rightsstatements.org/vocab/InC-EDU/1.0/,,2007capstonebooklet.pdf,pdf,"https://objects.lib.uidaho.edu/engrir/2007capstonebooklet.pdf",https://objects.lib.uidaho.edu/engrir/small/2007capstonebooklet_sm.jpg,https://objects.lib.uidaho.edu/engrir/thumbs/2007capstonebooklet_th.jpg
engrir258,Idaho Asphalt Conference Program 2015,"Duval, John;West, Randy;Kassem, Emad;Wen, Haifang;Miles, Jeff;Johnson, Dave;Collins, Wade;Bayomy, Fouad",2015,2015-10-22,Program for the 55th Annual Idaho Asphalt Conference,,asphalt; conferences,"Moscow, Idaho",Idaho Asphalt Conference,,idaho-asphalt-conference-2015,Text,application/pdf,,eng,"In copyright, educational use permitted. Educational use includes non-commercial reproduction of text and images in materials for teaching and research purposes. For other contexts beyond fair use, including digital reproduction, please contact the University of Idaho Library Special Collections and Archives Department at libspec@uidaho.edu. The University of Idaho Library is not liable for any violations of the law by users.",http://rightsstatements.org/vocab/InC-EDU/1.0/,,idaho-asphalt-conference-2015.pdf,pdf,https://objects.lib.uidaho.edu/engrir/idaho-asphalt-conference-2015.pdf,https://objects.lib.uidaho.edu/engrir/small/idaho-asphalt-conference-2015_sm.jpg,https://objects.lib.uidaho.edu/engrir/thumbs/idaho-asphalt-conference-2015_th.jpg
engrir259,Idaho Asphalt Conference Program 2016,"Colberg, Patricia;Epps-Martin, Amy;DeVol, Joe;White, George;McKee, Mike;Kassem, Emad;Jones, Wayne;Ibrahim, Ahmed;Johnson, Dave",2016,2016-10-27,Program for the 56th Annual Idaho Asphalt Conference,,asphalt; conferences,"Moscow, Idaho",Idaho Asphalt Conference,,idaho-asphalt-conference-2016,Text,application/pdf,,eng,"In copyright, educational use permitted. Educational use includes non-commercial reproduction of text and images in materials for teaching and research purposes. For other contexts beyond fair use, including digital reproduction, please contact the University of Idaho Library Special Collections and Archives Department at libspec@uidaho.edu. The University of Idaho Library is not liable for any violations of the law by users.",http://rightsstatements.org/vocab/InC-EDU/1.0/,,idaho-asphalt-conference-2016.pdf,pdf,https://objects.lib.uidaho.edu/engrir/idaho-asphalt-conference-2016.pdf,https://objects.lib.uidaho.edu/engrir/small/idaho-asphalt-conference-2016_sm.jpg,https://objects.lib.uidaho.edu/engrir/thumbs/idaho-asphalt-conference-2016_th.jpg
engrir260,Idaho Asphalt Conference Program 2017,"Pierce, Linda;Zaharewicz, Jeffrey A.;Rosales, Alejandro;Van de Bogert, Stephen;Klentzman, Rex;Mishra, Deb;Mansell, Todd;Johnson, Dave",2017,2017-10-26,Program for the 57th Annual Idaho Asphalt Conference,,asphalt; conferences,"Moscow, Idaho",Idaho Asphalt Conference,,idaho-asphalt-conference-2017,Text,application/pdf,,eng,"In copyright, educational use permitted. Educational use includes non-commercial reproduction of text and images in materials for teaching and research purposes. For other contexts beyond fair use, including digital reproduction, please contact the University of Idaho Library Special Collections and Archives Department at libspec@uidaho.edu. The University of Idaho Library is not liable for any violations of the law by users.",http://rightsstatements.org/vocab/InC-EDU/1.0/,,idaho-asphalt-conference-2017.pdf,pdf,https://objects.lib.uidaho.edu/engrir/idaho-asphalt-conference-2017.pdf,https://objects.lib.uidaho.edu/engrir/small/idaho-asphalt-conference-2017_sm.jpg,https://objects.lib.uidaho.edu/engrir/thumbs/idaho-asphalt-conference-2017_th.jpg
engrir261,Idaho Asphalt Conference Program 2018,"McCarthy, Leslie;Huber, Gerry;Blow, Mark;Giessel, Rich;Chatfield, Megan;Sharma, Sunil",2018,2018-10-25,Program for the 58th Annual Idaho Asphalt Conference,,asphalt; conferences,"Moscow, Idaho",Idaho Asphalt Conference,,idaho-asphalt-conference-2018,Text,application/pdf,,eng,"In copyright, educational use permitted. Educational use includes non-commercial reproduction of text and images in materials for teaching and research purposes. For other contexts beyond fair use, including digital reproduction, please contact the University of Idaho Library Special Collections and Archives Department at libspec@uidaho.edu. The University of Idaho Library is not liable for any violations of the law by users.",http://rightsstatements.org/vocab/InC-EDU/1.0/,,idaho-asphalt-conference-2018.pdf,pdf,https://objects.lib.uidaho.edu/engrir/idaho-asphalt-conference-2018.pdf,https://objects.lib.uidaho.edu/engrir/small/idaho-asphalt-conference-2018_sm.jpg,https://objects.lib.uidaho.edu/engrir/thumbs/idaho-asphalt-conference-2018_th.jpg
engrir262,Idaho Asphalt Conference Program 2019,"Scullion, Tom;Poorbaugh, James;Boswell, Melynda;Kassem, Emad;Alkuime, Hamza;DeVol, Joe;Bussert, Kevin;Rabine, Jordan;Olsen, Doug;Thompson, Rod;Bayomy, Fouad",2019,2019-10-24,Program for the 59th Annual Idaho Asphalt Conference,,asphalt; conferences,"Moscow, Idaho",Idaho Asphalt Conference,,idaho-asphalt-conference-2019,Text,application/pdf,,eng,"In copyright, educational use permitted. Educational use includes non-commercial reproduction of text and images in materials for teaching and research purposes. For other contexts beyond fair use, including digital reproduction, please contact the University of Idaho Library Special Collections and Archives Department at libspec@uidaho.edu. The University of Idaho Library is not liable for any violations of the law by users.",http://rightsstatements.org/vocab/InC-EDU/1.0/,,idaho-asphalt-conference-2019.pdf,pdf,https://objects.lib.uidaho.edu/engrir/idaho-asphalt-conference-2019.pdf,https://objects.lib.uidaho.edu/engrir/small/idaho-asphalt-conference-2019_sm.jpg,https://objects.lib.uidaho.edu/engrir/thumbs/idaho-asphalt-conference-2019_th.jpg
engrir263,Idaho Asphalt Conference Program 2020,"Buchanan, Shane;Huber, Gerry;Hefel, Steven;Clark, Trenton;Anderson, Mike;Murphy, Timothy",2020,2020-10-22,Program for the 60th Annual Idaho Asphalt Conference,,asphalt; conferences,,Idaho Asphalt Conference,,idaho-asphalt-conference-2020,Text,application/pdf,,eng,"In copyright, educational use permitted. Educational use includes non-commercial reproduction of text and images in materials for teaching and research purposes. For other contexts beyond fair use, including digital reproduction, please contact the University of Idaho Library Special Collections and Archives Department at libspec@uidaho.edu. The University of Idaho Library is not liable for any violations of the law by users.",http://rightsstatements.org/vocab/InC-EDU/1.0/,,idaho-asphalt-conference-2020.pdf,pdf,https://objects.lib.uidaho.edu/engrir/idaho-asphalt-conference-2020.pdf,https://objects.lib.uidaho.edu/engrir/small/idaho-asphalt-conference-2020_sm.jpg,https://objects.lib.uidaho.edu/engrir/thumbs/idaho-asphalt-conference-2020_th.jpg
engrir264,Idaho Asphalt Conference Program 2021,"Johnson, Dave;Mansell, Dave;Kassem, Emad;Willis, Richard;Arambarri, John;Anderson, Mike;Jones, Dave;Vargas, Adrian",2021,2021-10-28,Program for the 61st Annual Idaho Asphalt Conference,,asphalt; conferences,"Moscow, Idaho",Idaho Asphalt Conference,,idaho-asphalt-conference-2021,Text,application/pdf,,eng,"In copyright, educational use permitted. Educational use includes non-commercial reproduction of text and images in materials for teaching and research purposes. For other contexts beyond fair use, including digital reproduction, please contact the University of Idaho Library Special Collections and Archives Department at libspec@uidaho.edu. The University of Idaho Library is not liable for any violations of the law by users.",http://rightsstatements.org/vocab/InC-EDU/1.0/,,idaho-asphalt-conference-2021.pdf,pdf,https://objects.lib.uidaho.edu/engrir/idaho-asphalt-conference-2021.pdf,https://objects.lib.uidaho.edu/engrir/small/idaho-asphalt-conference-2021_sm.jpg,https://objects.lib.uidaho.edu/engrir/thumbs/idaho-asphalt-conference-2021_th.jpg
engrir265,Idaho Asphalt Conference Program 2022,"Kassem, Emad;Long, Suzanna;Anderson, Howard;Dastrup, Jared;Kirkman, Tom;Yerger, Miles;Johnson, Dave;Zahrn, Tim;Daranga, Codrin;Powell, Buzz",2022,2022-10-27,Program for the 62nd Annual Idaho Asphalt Conference,,asphalt; conferences,"Moscow, Idaho",Idaho Asphalt Conference,,idaho-asphalt-conference-2022,Text,application/pdf,,eng,"In copyright, educational use permitted. Educational use includes non-commercial reproduction of text and images in materials for teaching and research purposes. For other contexts beyond fair use, including digital reproduction, please contact the University of Idaho Library Special Collections and Archives Department at libspec@uidaho.edu. The University of Idaho Library is not liable for any violations of the law by users.",http://rightsstatements.org/vocab/InC-EDU/1.0/,,idaho-asphalt-conference-2022.pdf,pdf,https://objects.lib.uidaho.edu/engrir/idaho-asphalt-conference-2022.pdf,https://objects.lib.uidaho.edu/engrir/small/idaho-asphalt-conference-2022_sm.jpg,https://objects.lib.uidaho.edu/engrir/thumbs/idaho-asphalt-conference-2022_th.jpg
engrir266,Idaho Asphalt Conference Program 2023,"Kassem, Emad;Potirniche, Gabriel;Quire, Scott;Murphy, Tim;Al Hatailah, Hussain;Anderson, Mike;Arambarri, John;Johnson, Dave;Welch, Jarrett;Olsen; Doug",2023,2023-10-25,Program for the 63rd Annual Idaho Asphalt Conference,,asphalt; conferences,"Moscow, Idaho",Idaho Asphalt Conference,,idaho-asphalt-conference-2023,Text,application/pdf,,eng,"In copyright, educational use permitted. Educational use includes non-commercial reproduction of text and images in materials for teaching and research purposes. For other contexts beyond fair use, including digital reproduction, please contact the University of Idaho Library Special Collections and Archives Department at libspec@uidaho.edu. The University of Idaho Library is not liable for any violations of the law by users.",http://rightsstatements.org/vocab/InC-EDU/1.0/,,idaho-asphalt-conference-2023.pdf,pdf,https://objects.lib.uidaho.edu/engrir/idaho-asphalt-conference-2023.pdf,https://objects.lib.uidaho.edu/engrir/small/idaho-asphalt-conference-2023_sm.jpg,https://objects.lib.uidaho.edu/engrir/thumbs/idaho-asphalt-conference-2023_th.jpg
engrir267,Idaho Asphalt Conference Program 2024,"Dmytrow, Scott;Kassem, Emad;Long, Suzanna;Johnson, Dave;Powell, Buzz;Arambarri, John;Allen, Grover;Bhat, Chait;Williams, Brett;Moore, Nathan",2024,2024-10-23,Program for the 64th Annual Idaho Asphalt Conference,,asphalt; conferences,"Moscow, Idaho",Idaho Asphalt Conference,,idaho-asphalt-conference-2024,Text,application/pdf,,eng,"In copyright, educational use permitted. Educational use includes non-commercial reproduction of text and images in materials for teaching and research purposes. For other contexts beyond fair use, including digital reproduction, please contact the University of Idaho Library Special Collections and Archives Department at libspec@uidaho.edu. The University of Idaho Library is not liable for any violations of the law by users.",http://rightsstatements.org/vocab/InC-EDU/1.0/,,idaho-asphalt-conference-2024.pdf,pdf,https://objects.lib.uidaho.edu/engrir/idaho-asphalt-conference-2024.pdf,https://objects.lib.uidaho.edu/engrir/small/idaho-asphalt-conference-2024_sm.jpg,https://objects.lib.uidaho.edu/engrir/thumbs/idaho-asphalt-conference-2024_th.jpg
engrir268,Idaho Asphalt Conference Program 2025,"Kassem, Emad;Long, Suzanna;Johnson, Dave;Hand, Adam;Hartzog, Zane;Skinner, Mike;Arambarri, John;Vrtis, Michael;Palmer, Tyler M.",2025,2025-10-22,Program for the 65th Annual Idaho Asphalt Conference,,asphalt; conferences,"Moscow, Idaho",Idaho Asphalt Conference,,idaho-asphalt-conference-2025,Text,application/pdf,,eng,"In copyright, educational use permitted. Educational use includes non-commercial reproduction of text and images in materials for teaching and research purposes. For other contexts beyond fair use, including digital reproduction, please contact the University of Idaho Library Special Collections and Archives Department at libspec@uidaho.edu. The University of Idaho Library is not liable for any violations of the law by users.",http://rightsstatements.org/vocab/InC-EDU/1.0/,,idaho-asphalt-conference-2025.pdf,pdf,https://objects.lib.uidaho.edu/engrir/idaho-asphalt-conference-2025.pdf,https://objects.lib.uidaho.edu/engrir/small/idaho-asphalt-conference-2025_sm.jpg,https://objects.lib.uidaho.edu/engrir/thumbs/idaho-asphalt-conference-2025_th.jpg
engrir269,"Chemical and Biological Engineering Semester Newsletter, Fall 2023",Department of Chemical and Biological Engineering,2023,2023,"Fall 2023 newsletter from the University of Idaho College of Engineering's Department of Chemical and Biological Engineering",,engineering; newsletters; chemical engineers,"Moscow, Idaho",Departmental Newsletters,,chbe-fall-2023-newsletter,Text,application/pdf,,eng,"In copyright, educational use permitted. Educational use includes non-commercial reproduction of text and images in materials for teaching and research purposes. For other contexts beyond fair use, including digital reproduction, please contact the University of Idaho Library Special Collections and Archives Department at libspec@uidaho.edu. The University of Idaho Library is not liable for any violations of the law by users.",http://rightsstatements.org/vocab/InC-EDU/1.0/,chbe-fall-2023-newsletter.pdf,chbe-fall-2023-newsletter.pdf,pdf,https://objects.lib.uidaho.edu/engrir/chbe-fall-2023-newsletter.pdf,https://objects.lib.uidaho.edu/engrir/small/chbe-fall-2023-newsletter_sm.jpg,https://objects.lib.uidaho.edu/engrir/thumbs/chbe-fall-2023-newsletter_th.jpg
engrir270,"Chemical and Biological Engineering Semester Newsletter, Fall 2024",Department of Chemical and Biological Engineering,2024,2024,"Fall 2024 newsletter from the University of Idaho College of Engineering's Department of Chemical and Biological Engineering",,engineering; newsletters; chemical engineers,"Moscow, Idaho",Departmental Newsletters,,chbe-fall-24-newsletter,Text,application/pdf,,eng,"In copyright, educational use permitted. Educational use includes non-commercial reproduction of text and images in materials for teaching and research purposes. For other contexts beyond fair use, including digital reproduction, please contact the University of Idaho Library Special Collections and Archives Department at libspec@uidaho.edu. The University of Idaho Library is not liable for any violations of the law by users.",http://rightsstatements.org/vocab/InC-EDU/1.0/,chbe-fall-24-newsletter.pdf,chbe-fall-24-newsletter.pdf,pdf,https://objects.lib.uidaho.edu/engrir/chbe-fall-24-newsletter.pdf,https://objects.lib.uidaho.edu/engrir/small/chbe-fall-24-newsletter_sm.jpg,https://objects.lib.uidaho.edu/engrir/thumbs/chbe-fall-24-newsletter_th.jpg
engrir271,"Chemical and Biological Engineering Semester Newsletter, Spring 2022",Department of Chemical and Biological Engineering,2022,2022,Spring 2022 newsletter from the University of Idaho College of Engineering's Department of Chemical and Biological Engineering,,engineering; newsletters; chemical engineers,"Moscow, Idaho",Departmental Newsletters,,chbe-newsletter-2022,Text,application/pdf,,eng,"In copyright, educational use permitted. Educational use includes non-commercial reproduction of text and images in materials for teaching and research purposes. For other contexts beyond fair use, including digital reproduction, please contact the University of Idaho Library Special Collections and Archives Department at libspec@uidaho.edu. The University of Idaho Library is not liable for any violations of the law by users.",http://rightsstatements.org/vocab/InC-EDU/1.0/,chbe-newsletter-2022.pdf,chbe-newsletter-2022.pdf,pdf,https://objects.lib.uidaho.edu/engrir/chbe-newsletter-2022.pdf,https://objects.lib.uidaho.edu/engrir/small/chbe-newsletter-2022_sm.jpg,https://objects.lib.uidaho.edu/engrir/thumbs/chbe-newsletter-2022_th.jpg
engrir272,"Chemical and Biological Engineering Semester Newsletter, Fall 2022",Department of Chemical and Biological Engineering,2022,2022,"Fall 2022 newsletter from the University of Idaho College of Engineering's Department of Chemical and Biological Engineering",,engineering; newsletters; chemical engineers,"Moscow, Idaho",Departmental Newsletters,,chbe-newsletter-fall-2022,Text,application/pdf,,eng,"In copyright, educational use permitted. Educational use includes non-commercial reproduction of text and images in materials for teaching and research purposes. For other contexts beyond fair use, including digital reproduction, please contact the University of Idaho Library Special Collections and Archives Department at libspec@uidaho.edu. The University of Idaho Library is not liable for any violations of the law by users.",http://rightsstatements.org/vocab/InC-EDU/1.0/,chbe-newsletter-fall-2022.pdf,chbe-newsletter-fall-2022.pdf,pdf,https://objects.lib.uidaho.edu/engrir/chbe-newsletter-fall-2022.pdf,https://objects.lib.uidaho.edu/engrir/small/chbe-newsletter-fall-2022_sm.jpg,https://objects.lib.uidaho.edu/engrir/thumbs/chbe-newsletter-fall-2022_th.jpg
engrir273,"Chemical and Biological Engineering Semester Newsletter, Spring 2023",Department of Chemical and Biological Engineering,2023,2023,"Spring 2023 newsletter from the University of Idaho College of Engineering's Department of Chemical and Biological Engineering",,engineering; newsletters; chemical engineers,"Moscow, Idaho",Departmental Newsletters,,chbe-newsletter-spring-2023,Text,application/pdf,,eng,"In copyright, educational use permitted. Educational use includes non-commercial reproduction of text and images in materials for teaching and research purposes. For other contexts beyond fair use, including digital reproduction, please contact the University of Idaho Library Special Collections and Archives Department at libspec@uidaho.edu. The University of Idaho Library is not liable for any violations of the law by users.",http://rightsstatements.org/vocab/InC-EDU/1.0/,chbe-newsletter-spring-2023.pdf,chbe-newsletter-spring-2023.pdf,pdf,https://objects.lib.uidaho.edu/engrir/chbe-newsletter-spring-2023.pdf,https://objects.lib.uidaho.edu/engrir/small/chbe-newsletter-spring-2023_sm.jpg,https://objects.lib.uidaho.edu/engrir/thumbs/chbe-newsletter-spring-2023_th.jpg
engrir274,"Chemical and Biological Engineering Semester Newsletter, Spring 2024",Department of Chemical and Biological Engineering,2024,2024,"Spring 2024 newsletter from the University of Idaho College of Engineering's Department of Chemical and Biological Engineering",,engineering; newsletters; chemical engineers,"Moscow, Idaho",Departmental Newsletters,,chbe-newsletter-spring-2024,Text,application/pdf,,eng,"In copyright, educational use permitted. Educational use includes non-commercial reproduction of text and images in materials for teaching and research purposes. For other contexts beyond fair use, including digital reproduction, please contact the University of Idaho Library Special Collections and Archives Department at libspec@uidaho.edu. The University of Idaho Library is not liable for any violations of the law by users.",http://rightsstatements.org/vocab/InC-EDU/1.0/,chbe-newsletter-spring-2024.pdf,chbe-newsletter-spring-2024.pdf,pdf,https://objects.lib.uidaho.edu/engrir/chbe-newsletter-spring-2024.pdf,https://objects.lib.uidaho.edu/engrir/small/chbe-newsletter-spring-2024_sm.jpg,https://objects.lib.uidaho.edu/engrir/thumbs/chbe-newsletter-spring-2024_th.jpg
engrir275,"Chemical and Biological Engineering Semester Newsletter, Fall 2021",Department of Chemical and Biological Engineering,2021,2021,"Fall 2021 newsletter from the University of Idaho College of Engineering's Department of Chemical and Biological Engineering",,engineering; newsletters; chemical engineers,"Moscow, Idaho",Departmental Newsletters,,chembioe-newsletter-2021,Text,application/pdf,,eng,"In copyright, educational use permitted. Educational use includes non-commercial reproduction of text and images in materials for teaching and research purposes. For other contexts beyond fair use, including digital reproduction, please contact the University of Idaho Library Special Collections and Archives Department at libspec@uidaho.edu. The University of Idaho Library is not liable for any violations of the law by users.",http://rightsstatements.org/vocab/InC-EDU/1.0/,chembioe-newsletter-2021.pdf,chembioe-newsletter-2021.pdf,pdf,https://objects.lib.uidaho.edu/engrir/chembioe-newsletter-2021.pdf,https://objects.lib.uidaho.edu/engrir/small/chembioe-newsletter-2021_sm.jpg,https://objects.lib.uidaho.edu/engrir/thumbs/chembioe-newsletter-2021_th.jpg
engrir276,"Computer Science newsletter, Fall 2024",Department of Computer Science,2024,2024,Fall 2024 newsletter from the University of Idaho College of Engineering's Department of Computer Science,,engineering; computer science; newsletters,"Moscow, Idaho",Departmental Newsletters,,fall-24-cs-newsletter,Text,application/pdf,,eng,"In copyright, educational use permitted. Educational use includes non-commercial reproduction of text and images in materials for teaching and research purposes. For other contexts beyond fair use, including digital reproduction, please contact the University of Idaho Library Special Collections and Archives Department at libspec@uidaho.edu. The University of Idaho Library is not liable for any violations of the law by users.",http://rightsstatements.org/vocab/InC-EDU/1.0/,fall-24-cs-newsletter.pdf,fall-24-cs-newsletter.pdf,pdf,https://objects.lib.uidaho.edu/engrir/fall-24-cs-newsletter.pdf,https://objects.lib.uidaho.edu/engrir/small/fall-24-cs-newsletter_sm.jpg,https://objects.lib.uidaho.edu/engrir/thumbs/fall-24-cs-newsletter_th.jpg
engrir277,"Mechanical Engineering News, Fall 2016",Department of Mechanical Engineering,2016,2016,Fall 2016 newsletter from the University of Idaho College of Engineering's Department of Mechanical Engineering,,mechanical engineers; newsletters; engineering,"Moscow, Idaho",Departmental Newsletters,,me-newsletter-2016-fall,Text,application/pdf,,eng,"In copyright, educational use permitted. Educational use includes non-commercial reproduction of text and images in materials for teaching and research purposes. For other contexts beyond fair use, including digital reproduction, please contact the University of Idaho Library Special Collections and Archives Department at libspec@uidaho.edu. The University of Idaho Library is not liable for any violations of the law by users.",http://rightsstatements.org/vocab/InC-EDU/1.0/,me-newsletter-2016-fall.pdf,me-newsletter-2016-fall.pdf,pdf,https://objects.lib.uidaho.edu/engrir/me-newsletter-2016-fall.pdf,https://objects.lib.uidaho.edu/engrir/small/me-newsletter-2016-fall_sm.jpg,https://objects.lib.uidaho.edu/engrir/thumbs/me-newsletter-2016-fall_th.jpg
engrir278,"Mechanical Engineering News, Spring 2016",Department of Mechanical Engineering,2016,2016,Spring 2016 newsletter from the University of Idaho College of Engineering's Department of Mechanical Engineering,,mechanical engineers; newsletters; engineering,"Moscow, Idaho",Departmental Newsletters,,me-newsletter-2016-spring,Text,application/pdf,,eng,"In copyright, educational use permitted. Educational use includes non-commercial reproduction of text and images in materials for teaching and research purposes. For other contexts beyond fair use, including digital reproduction, please contact the University of Idaho Library Special Collections and Archives Department at libspec@uidaho.edu. The University of Idaho Library is not liable for any violations of the law by users.",http://rightsstatements.org/vocab/InC-EDU/1.0/,me-newsletter-2016-spring.pdf,me-newsletter-2016-spring.pdf,pdf,https://objects.lib.uidaho.edu/engrir/me-newsletter-2016-spring.pdf,https://objects.lib.uidaho.edu/engrir/small/me-newsletter-2016-spring_sm.jpg,https://objects.lib.uidaho.edu/engrir/thumbs/me-newsletter-2016-spring_th.jpg
engrir279,"Mechanical Engineering News, Fall 2017",Department of Mechanical Engineering,2017,2017,Fall 2017 newsletter from the University of Idaho College of Engineering's Department of Mechanical Engineering,,mechanical engineers; newsletters; engineering,"Moscow, Idaho",Departmental Newsletters,,me-newsletter-2017-fall,Text,application/pdf,,eng,"In copyright, educational use permitted. Educational use includes non-commercial reproduction of text and images in materials for teaching and research purposes. For other contexts beyond fair use, including digital reproduction, please contact the University of Idaho Library Special Collections and Archives Department at libspec@uidaho.edu. The University of Idaho Library is not liable for any violations of the law by users.",http://rightsstatements.org/vocab/InC-EDU/1.0/,me-newsletter-2017-fall.pdf,me-newsletter-2017-fall.pdf,pdf,https://objects.lib.uidaho.edu/engrir/me-newsletter-2017-fall.pdf,https://objects.lib.uidaho.edu/engrir/small/me-newsletter-2017-fall_sm.jpg,https://objects.lib.uidaho.edu/engrir/thumbs/me-newsletter-2017-fall_th.jpg
engrir280,"Mechanical Engineering News, Spring 2017",Department of Mechanical Engineering,2017,2017,Spring 2017 newsletter from the University of Idaho College of Engineering's Department of Mechanical Engineering,,mechanical engineers; newsletters; engineering,"Moscow, Idaho",Departmental Newsletters,,me-newsletter-2017-spring,Text,application/pdf,,eng,"In copyright, educational use permitted. Educational use includes non-commercial reproduction of text and images in materials for teaching and research purposes. For other contexts beyond fair use, including digital reproduction, please contact the University of Idaho Library Special Collections and Archives Department at libspec@uidaho.edu. The University of Idaho Library is not liable for any violations of the law by users.",http://rightsstatements.org/vocab/InC-EDU/1.0/,me-newsletter-2017-spring.pdf,me-newsletter-2017-spring.pdf,pdf,https://objects.lib.uidaho.edu/engrir/me-newsletter-2017-spring.pdf,https://objects.lib.uidaho.edu/engrir/small/me-newsletter-2017-spring_sm.jpg,https://objects.lib.uidaho.edu/engrir/thumbs/me-newsletter-2017-spring_th.jpg
engrir281,"Mechanical Engineering News, Fall 2018",Department of Mechanical Engineering,2018,2018,Fall 2018 newsletter from the University of Idaho College of Engineering's Department of Mechanical Engineering,,mechanical engineers; newsletters; engineering,"Moscow, Idaho",Departmental Newsletters,,me-newsletter-2018-fall,Text,application/pdf,,eng,"In copyright, educational use permitted. Educational use includes non-commercial reproduction of text and images in materials for teaching and research purposes. For other contexts beyond fair use, including digital reproduction, please contact the University of Idaho Library Special Collections and Archives Department at libspec@uidaho.edu. The University of Idaho Library is not liable for any violations of the law by users.",http://rightsstatements.org/vocab/InC-EDU/1.0/,me-newsletter-2018-fall.pdf,me-newsletter-2018-fall.pdf,pdf,https://objects.lib.uidaho.edu/engrir/me-newsletter-2018-fall.pdf,https://objects.lib.uidaho.edu/engrir/small/me-newsletter-2018-fall_sm.jpg,https://objects.lib.uidaho.edu/engrir/thumbs/me-newsletter-2018-fall_th.jpg
engrir282,"Mechanical Engineering News, Spring 2018",Department of Mechanical Engineering,2018,2018,Spring 2018 newsletter from the University of Idaho College of Engineering's Department of Mechanical Engineering,,mechanical engineers; newsletters; engineering,"Moscow, Idaho",Departmental Newsletters,,me-newsletter-2018-spring,Text,application/pdf,,eng,"In copyright, educational use permitted. Educational use includes non-commercial reproduction of text and images in materials for teaching and research purposes. For other contexts beyond fair use, including digital reproduction, please contact the University of Idaho Library Special Collections and Archives Department at libspec@uidaho.edu. The University of Idaho Library is not liable for any violations of the law by users.",http://rightsstatements.org/vocab/InC-EDU/1.0/,me-newsletter-2018-spring.pdf,me-newsletter-2018-spring.pdf,pdf,https://objects.lib.uidaho.edu/engrir/me-newsletter-2018-spring.pdf,https://objects.lib.uidaho.edu/engrir/small/me-newsletter-2018-spring_sm.jpg,https://objects.lib.uidaho.edu/engrir/thumbs/me-newsletter-2018-spring_th.jpg
engrir283,"Mechanical Engineering News, Fall 2019",Department of Mechanical Engineering,2019,2019,Fall 2019 newsletter from the University of Idaho College of Engineering's Department of Mechanical Engineering,,mechanical engineers; newsletters; engineering,"Moscow, Idaho",Departmental Newsletters,,me-newsletter-2019-fall,Text,application/pdf,,eng,"In copyright, educational use permitted. Educational use includes non-commercial reproduction of text and images in materials for teaching and research purposes. For other contexts beyond fair use, including digital reproduction, please contact the University of Idaho Library Special Collections and Archives Department at libspec@uidaho.edu. The University of Idaho Library is not liable for any violations of the law by users.",http://rightsstatements.org/vocab/InC-EDU/1.0/,me-newsletter-2019-fall.pdf,me-newsletter-2019-fall.pdf,pdf,https://objects.lib.uidaho.edu/engrir/me-newsletter-2019-fall.pdf,https://objects.lib.uidaho.edu/engrir/small/me-newsletter-2019-fall_sm.jpg,https://objects.lib.uidaho.edu/engrir/thumbs/me-newsletter-2019-fall_th.jpg
engrir284,"Mechanical Engineering News, Spring 2019",Department of Mechanical Engineering,2019,2019,Spring 2019 newsletter from the University of Idaho College of Engineering's Department of Mechanical Engineering,,mechanical engineers; newsletters; engineering,"Moscow, Idaho",Departmental Newsletters,,me-newsletter-2019-spring,Text,application/pdf,,eng,"In copyright, educational use permitted. Educational use includes non-commercial reproduction of text and images in materials for teaching and research purposes. For other contexts beyond fair use, including digital reproduction, please contact the University of Idaho Library Special Collections and Archives Department at libspec@uidaho.edu. The University of Idaho Library is not liable for any violations of the law by users.",http://rightsstatements.org/vocab/InC-EDU/1.0/,me-newsletter-2019-spring.pdf,me-newsletter-2019-spring.pdf,pdf,https://objects.lib.uidaho.edu/engrir/me-newsletter-2019-spring.pdf,https://objects.lib.uidaho.edu/engrir/small/me-newsletter-2019-spring_sm.jpg,https://objects.lib.uidaho.edu/engrir/thumbs/me-newsletter-2019-spring_th.jpg
engrir285,"Mechanical Engineering News, Fall 2020",Department of Mechanical Engineering,2020,2020,Fall 2020 newsletter from the University of Idaho College of Engineering's Department of Mechanical Engineering,,mechanical engineers; newsletters; engineering,"Moscow, Idaho",Departmental Newsletters,,me-newsletter-2020-fall,Text,application/pdf,,eng,"In copyright, educational use permitted. Educational use includes non-commercial reproduction of text and images in materials for teaching and research purposes. For other contexts beyond fair use, including digital reproduction, please contact the University of Idaho Library Special Collections and Archives Department at libspec@uidaho.edu. The University of Idaho Library is not liable for any violations of the law by users.",http://rightsstatements.org/vocab/InC-EDU/1.0/,me-newsletter-2020-fall.pdf,me-newsletter-2020-fall.pdf,pdf,https://objects.lib.uidaho.edu/engrir/me-newsletter-2020-fall.pdf,https://objects.lib.uidaho.edu/engrir/small/me-newsletter-2020-fall_sm.jpg,https://objects.lib.uidaho.edu/engrir/thumbs/me-newsletter-2020-fall_th.jpg
engrir286,"Mechanical Engineering News, Summer 2020",Department of Mechanical Engineering,2020,2020,Summer 2020 newsletter from the University of Idaho College of Engineering's Department of Mechanical Engineering,,mechanical engineers; newsletters; engineering,"Moscow, Idaho",Departmental Newsletters,,me-newsletter-2020-summer,Text,application/pdf,,eng,"In copyright, educational use permitted. Educational use includes non-commercial reproduction of text and images in materials for teaching and research purposes. For other contexts beyond fair use, including digital reproduction, please contact the University of Idaho Library Special Collections and Archives Department at libspec@uidaho.edu. The University of Idaho Library is not liable for any violations of the law by users.",http://rightsstatements.org/vocab/InC-EDU/1.0/,me-newsletter-2020-summer.pdf,me-newsletter-2020-summer.pdf,pdf,https://objects.lib.uidaho.edu/engrir/me-newsletter-2020-summer.pdf,https://objects.lib.uidaho.edu/engrir/small/me-newsletter-2020-summer_sm.jpg,https://objects.lib.uidaho.edu/engrir/thumbs/me-newsletter-2020-summer_th.jpg
engrir287,"Mechanical Engineering News, Fall 2021",Department of Mechanical Engineering,2021,2021,Fall 2021 newsletter from the University of Idaho College of Engineering's Department of Mechanical Engineering,,mechanical engineers; newsletters; engineering,"Moscow, Idaho",Departmental Newsletters,,me-newsletter-2021-fall,Text,application/pdf,,eng,"In copyright, educational use permitted. Educational use includes non-commercial reproduction of text and images in materials for teaching and research purposes. For other contexts beyond fair use, including digital reproduction, please contact the University of Idaho Library Special Collections and Archives Department at libspec@uidaho.edu. The University of Idaho Library is not liable for any violations of the law by users.",http://rightsstatements.org/vocab/InC-EDU/1.0/,me-newsletter-2021-fall.pdf,me-newsletter-2021-fall.pdf,pdf,https://objects.lib.uidaho.edu/engrir/me-newsletter-2021-fall.pdf,https://objects.lib.uidaho.edu/engrir/small/me-newsletter-2021-fall_sm.jpg,https://objects.lib.uidaho.edu/engrir/thumbs/me-newsletter-2021-fall_th.jpg
engrir288,"Mechanical Engineering News, Spring 2021",Department of Mechanical Engineering,2021,2021,Spring 2021 newsletter from the University of Idaho College of Engineering's Department of Mechanical Engineering,,mechanical engineers; newsletters; engineering,"Moscow, Idaho",Departmental Newsletters,,me-newsletter-2021-spring,Text,application/pdf,,eng,"In copyright, educational use permitted. Educational use includes non-commercial reproduction of text and images in materials for teaching and research purposes. For other contexts beyond fair use, including digital reproduction, please contact the University of Idaho Library Special Collections and Archives Department at libspec@uidaho.edu. The University of Idaho Library is not liable for any violations of the law by users.",http://rightsstatements.org/vocab/InC-EDU/1.0/,me-newsletter-2021-spring.pdf,me-newsletter-2021-spring.pdf,pdf,https://objects.lib.uidaho.edu/engrir/me-newsletter-2021-spring.pdf,https://objects.lib.uidaho.edu/engrir/small/me-newsletter-2021-spring_sm.jpg,https://objects.lib.uidaho.edu/engrir/thumbs/me-newsletter-2021-spring_th.jpg
engrir289,"Mechanical Engineering News, Fall 2022",Department of Mechanical Engineering,2022,2022,Fall 2022 newsletter from the University of Idaho College of Engineering's Department of Mechanical Engineering,,mechanical engineers; newsletters; engineering,"Moscow, Idaho",Departmental Newsletters,,me-newsletter-fall-2022,Text,application/pdf,,eng,"In copyright, educational use permitted. Educational use includes non-commercial reproduction of text and images in materials for teaching and research purposes. For other contexts beyond fair use, including digital reproduction, please contact the University of Idaho Library Special Collections and Archives Department at libspec@uidaho.edu. The University of Idaho Library is not liable for any violations of the law by users.",http://rightsstatements.org/vocab/InC-EDU/1.0/,me-newsletter-fall-2022.pdf,me-newsletter-fall-2022.pdf,pdf,https://objects.lib.uidaho.edu/engrir/me-newsletter-fall-2022.pdf,https://objects.lib.uidaho.edu/engrir/small/me-newsletter-fall-2022_sm.jpg,https://objects.lib.uidaho.edu/engrir/thumbs/me-newsletter-fall-2022_th.jpg
engrir290,"Mechanical Engineering News, Fall 2023",Department of Mechanical Engineering,2023,2023,Fall 2023 newsletter from the University of Idaho College of Engineering's Department of Mechanical Engineering,,mechanical engineers; newsletters; engineering,"Moscow, Idaho",Departmental Newsletters,,me-newsletter-fall-2023,Text,application/pdf,,eng,"In copyright, educational use permitted. Educational use includes non-commercial reproduction of text and images in materials for teaching and research purposes. For other contexts beyond fair use, including digital reproduction, please contact the University of Idaho Library Special Collections and Archives Department at libspec@uidaho.edu. The University of Idaho Library is not liable for any violations of the law by users.",http://rightsstatements.org/vocab/InC-EDU/1.0/,me-newsletter-fall-2023.pdf,me-newsletter-fall-2023.pdf,pdf,https://objects.lib.uidaho.edu/engrir/me-newsletter-fall-2023.pdf,https://objects.lib.uidaho.edu/engrir/small/me-newsletter-fall-2023_sm.jpg,https://objects.lib.uidaho.edu/engrir/thumbs/me-newsletter-fall-2023_th.jpg
engrir291,"Mechanical Engineering News, Spring 2022",Department of Mechanical Engineering,2022,2022,Spring 2022 newsletter from the University of Idaho College of Engineering's Department of Mechanical Engineering,,mechanical engineers; newsletters; engineering,"Moscow, Idaho",Departmental Newsletters,,me-newsletter-spring-2022,Text,application/pdf,,eng,"In copyright, educational use permitted. Educational use includes non-commercial reproduction of text and images in materials for teaching and research purposes. For other contexts beyond fair use, including digital reproduction, please contact the University of Idaho Library Special Collections and Archives Department at libspec@uidaho.edu. The University of Idaho Library is not liable for any violations of the law by users.",http://rightsstatements.org/vocab/InC-EDU/1.0/,me-newsletter-spring-2022.pdf,me-newsletter-spring-2022.pdf,pdf,https://objects.lib.uidaho.edu/engrir/me-newsletter-spring-2022.pdf,https://objects.lib.uidaho.edu/engrir/small/me-newsletter-spring-2022_sm.jpg,https://objects.lib.uidaho.edu/engrir/thumbs/me-newsletter-spring-2022_th.jpg
engrir292,"Mechanical Engineering News, Spring 2023",Department of Mechanical Engineering,2023,2023,Spring 2023 newsletter from the University of Idaho College of Engineering's Department of Mechanical Engineering,,mechanical engineers; newsletters; engineering,"Moscow, Idaho",Departmental Newsletters,,me-newsletter-spring-2023,Text,application/pdf,,eng,"In copyright, educational use permitted. Educational use includes non-commercial reproduction of text and images in materials for teaching and research purposes. For other contexts beyond fair use, including digital reproduction, please contact the University of Idaho Library Special Collections and Archives Department at libspec@uidaho.edu. The University of Idaho Library is not liable for any violations of the law by users.",http://rightsstatements.org/vocab/InC-EDU/1.0/,me-newsletter-spring-2023.pdf,me-newsletter-spring-2023.pdf,pdf,https://objects.lib.uidaho.edu/engrir/me-newsletter-spring-2023.pdf,https://objects.lib.uidaho.edu/engrir/small/me-newsletter-spring-2023_sm.jpg,https://objects.lib.uidaho.edu/engrir/thumbs/me-newsletter-spring-2023_th.jpg
engrir293,"Mechanical Engineering News, Spring 2025",Department of Mechanical Engineering,2025,2025,Spring 2025 newsletter from the University of Idaho College of Engineering's Department of Mechanical Engineering,,mechanical engineers; newsletters; engineering,"Moscow, Idaho",Departmental Newsletters,,neim_newsletter_spring_2025,Text,application/pdf,,eng,"In copyright, educational use permitted. Educational use includes non-commercial reproduction of text and images in materials for teaching and research purposes. For other contexts beyond fair use, including digital reproduction, please contact the University of Idaho Library Special Collections and Archives Department at libspec@uidaho.edu. The University of Idaho Library is not liable for any violations of the law by users.",http://rightsstatements.org/vocab/InC-EDU/1.0/,neim_newsletter_spring_2025.pdf,neim_newsletter_spring_2025.pdf,pdf,https://objects.lib.uidaho.edu/engrir/neim_newsletter_spring_2025.pdf,https://objects.lib.uidaho.edu/engrir/small/neim_newsletter_spring_2025_sm.jpg,https://objects.lib.uidaho.edu/engrir/thumbs/neim_newsletter_spring_2025_th.jpg
engrir294,"Department of Nuclear Engineering and Industrial Management News, Spring 2023",Department of Nuclear Engineering and Industrial Management,2023,2023,Spring 2023 newsletter from the University of Idaho College of Engineering's Department of Nuclear Engineering and Industrial Management,,nuclear engineers; newsletters; engineering,"Moscow, Idaho",Departmental Newsletters,,neim-newsletter-spring-2023,Text,application/pdf,,eng,"In copyright, educational use permitted. Educational use includes non-commercial reproduction of text and images in materials for teaching and research purposes. For other contexts beyond fair use, including digital reproduction, please contact the University of Idaho Library Special Collections and Archives Department at libspec@uidaho.edu. The University of Idaho Library is not liable for any violations of the law by users.",http://rightsstatements.org/vocab/InC-EDU/1.0/,neim-newsletter-spring-2023.pdf,neim-newsletter-spring-2023.pdf,pdf,https://objects.lib.uidaho.edu/engrir/neim-newsletter-spring-2023.pdf,https://objects.lib.uidaho.edu/engrir/small/neim-newsletter-spring-2023_sm.jpg,https://objects.lib.uidaho.edu/engrir/thumbs/neim-newsletter-spring-2023_th.jpg
engrir295,"Department of Nuclear Engineering and Industrial Management News, Fall 2023",Department of Nuclear Engineering and Industrial Management,2023,2023,Spring 2023 newsletter from the University of Idaho College of Engineering's Department of Nuclear Engineering and Industrial Management,,nuclear engineers; newsletters; engineering,"Moscow, Idaho",Departmental Newsletters,,newsletter-fall-2023-ppt,Text,application/pdf,,eng,"In copyright, educational use permitted. Educational use includes non-commercial reproduction of text and images in materials for teaching and research purposes. For other contexts beyond fair use, including digital reproduction, please contact the University of Idaho Library Special Collections and Archives Department at libspec@uidaho.edu. The University of Idaho Library is not liable for any violations of the law by users.",http://rightsstatements.org/vocab/InC-EDU/1.0/,newsletter-fall-2023-ppt.pdf,newsletter-fall-2023-ppt.pdf,pdf,https://objects.lib.uidaho.edu/engrir/newsletter-fall-2023-ppt.pdf,https://objects.lib.uidaho.edu/engrir/small/newsletter-fall-2023-ppt_sm.jpg,https://objects.lib.uidaho.edu/engrir/thumbs/newsletter-fall-2023-ppt_th.jpg
engrir296,"Department of Nuclear Engineering and Industrial Management News, Spring/Summer 2024",Department of Nuclear Engineering and Industrial Management,2024,2024,Spring/Summer 2024 newsletter from the University of Idaho College of Engineering's Department of Nuclear Engineering and Industrial Management,,nuclear engineers; newsletters; engineering,"Moscow, Idaho",Departmental Newsletters,,newsletter-spring-2024,Text,application/pdf,,eng,"In copyright, educational use permitted. Educational use includes non-commercial reproduction of text and images in materials for teaching and research purposes. For other contexts beyond fair use, including digital reproduction, please contact the University of Idaho Library Special Collections and Archives Department at libspec@uidaho.edu. The University of Idaho Library is not liable for any violations of the law by users.",http://rightsstatements.org/vocab/InC-EDU/1.0/,newsletter-spring-2024.pdf,newsletter-spring-2024.pdf,pdf,https://objects.lib.uidaho.edu/engrir/newsletter-spring-2024.pdf,https://objects.lib.uidaho.edu/engrir/small/newsletter-spring-2024_sm.jpg,https://objects.lib.uidaho.edu/engrir/thumbs/newsletter-spring-2024_th.jpg
engrir297,"Chemical and Materials Engineering News, Fall 2016",Department of Chemical and Materials Engineering,2016,2016,Fall 2016 newsletter from the University of Idaho College of Engineering's Department of Chemical and Materials Engineering,,chemical engineers; engineering; newsletters,"Moscow, Idaho",Departmental Newsletters,,ui-cheme-newsletter-2016,Text,application/pdf,,eng,"In copyright, educational use permitted. Educational use includes non-commercial reproduction of text and images in materials for teaching and research purposes. For other contexts beyond fair use, including digital reproduction, please contact the University of Idaho Library Special Collections and Archives Department at libspec@uidaho.edu. The University of Idaho Library is not liable for any violations of the law by users.",http://rightsstatements.org/vocab/InC-EDU/1.0/,ui-cheme-newsletter-2016.pdf,ui-cheme-newsletter-2016.pdf,pdf,https://objects.lib.uidaho.edu/engrir/ui-cheme-newsletter-2016.pdf,https://objects.lib.uidaho.edu/engrir/small/ui-cheme-newsletter-2016_sm.jpg,https://objects.lib.uidaho.edu/engrir/thumbs/ui-cheme-newsletter-2016_th.jpg
engrir298,"Chemical and Materials Engineering News, Fall 2018",Department of Chemical and Materials Engineering,2017,2017,Fall 2017 newsletter from the University of Idaho College of Engineering's Department of Chemical and Materials Engineering,,chemical engineers; engineering; newsletters,"Moscow, Idaho",Departmental Newsletters,,ui-cme-newsletter-2017,Text,application/pdf,,eng,"In copyright, educational use permitted. Educational use includes non-commercial reproduction of text and images in materials for teaching and research purposes. For other contexts beyond fair use, including digital reproduction, please contact the University of Idaho Library Special Collections and Archives Department at libspec@uidaho.edu. The University of Idaho Library is not liable for any violations of the law by users.",http://rightsstatements.org/vocab/InC-EDU/1.0/,ui-cme-newsletter-2017.pdf,ui-cme-newsletter-2017.pdf,pdf,https://objects.lib.uidaho.edu/engrir/ui-cme-newsletter-2017.pdf,https://objects.lib.uidaho.edu/engrir/small/ui-cme-newsletter-2017_sm.jpg,https://objects.lib.uidaho.edu/engrir/thumbs/ui-cme-newsletter-2017_th.jpg
engrir299,"Chemical and Materials Engineering News, 2018-2019",Department of Chemical and Materials Engineering,2018,2018-2019,2018-2019 newsletter from the University of Idaho College of Engineering's Department of Chemical and Materials Engineering,,chemical engineers; engineering; newsletters,"Moscow, Idaho",Departmental Newsletters,,ui-cme-newsletter-2019,Text,application/pdf,,eng,"In copyright, educational use permitted. Educational use includes non-commercial reproduction of text and images in materials for teaching and research purposes. For other contexts beyond fair use, including digital reproduction, please contact the University of Idaho Library Special Collections and Archives Department at libspec@uidaho.edu. The University of Idaho Library is not liable for any violations of the law by users.",http://rightsstatements.org/vocab/InC-EDU/1.0/,ui-cme-newsletter-2019.pdf,ui-cme-newsletter-2019.pdf,pdf,https://objects.lib.uidaho.edu/engrir/ui-cme-newsletter-2019.pdf,https://objects.lib.uidaho.edu/engrir/small/ui-cme-newsletter-2019_sm.jpg,https://objects.lib.uidaho.edu/engrir/thumbs/ui-cme-newsletter-2019_th.jpg
engrir300,"Chemical and Materials Engineering News, 2019-2020",Department of Chemical and Materials Engineering,2019,2019-2020,2019-2020 newsletter from the University of Idaho College of Engineering's Department of Chemical and Materials Engineering,,chemical engineers; engineering; newsletters,"Moscow, Idaho",Departmental Newsletters,,ui-cme-newsletter-2020,Text,application/pdf,,eng,"In copyright, educational use permitted. Educational use includes non-commercial reproduction of text and images in materials for teaching and research purposes. For other contexts beyond fair use, including digital reproduction, please contact the University of Idaho Library Special Collections and Archives Department at libspec@uidaho.edu. The University of Idaho Library is not liable for any violations of the law by users.",http://rightsstatements.org/vocab/InC-EDU/1.0/,ui-cme-newsletter-2020.pdf,ui-cme-newsletter-2020.pdf,pdf,https://objects.lib.uidaho.edu/engrir/ui-cme-newsletter-2020.pdf,https://objects.lib.uidaho.edu/engrir/small/ui-cme-newsletter-2020_sm.jpg,https://objects.lib.uidaho.edu/engrir/thumbs/ui-cme-newsletter-2020_th.jpg
